solid OpenSCAD_Model
  facet normal 0.0490821 0.998795 -0
    outer loop
      vertex 84.5881 39.9711 4
      vertex 84 40 20.2
      vertex 84.5881 39.9711 20.2
    endloop
  endfacet
  facet normal 0.0490821 0.998795 0
    outer loop
      vertex 84 40 20.2
      vertex 84.5881 39.9711 4
      vertex 84 40 4
    endloop
  endfacet
  facet normal 0.0347282 -0.706701 0.706659
    outer loop
      vertex 84.5097 -39.175 21
      vertex 84 -40 20.2
      vertex 84.5881 -39.9711 20.2
    endloop
  endfacet
  facet normal -0.707106 3.27073e-19 -0.707107
    outer loop
      vertex -90 -42 0.799999
      vertex -89.2 42 0
      vertex -89.2 -42 0
    endloop
  endfacet
  facet normal -0.707106 3.27073e-19 -0.707107
    outer loop
      vertex -89.2 42 0
      vertex -90 -42 0.799999
      vertex -90 42 0.799999
    endloop
  endfacet
  facet normal 0 -0.707107 0.707107
    outer loop
      vertex -84 -39.2 21
      vertex 84 -40 20.2
      vertex 84 -39.2 21
    endloop
  endfacet
  facet normal 0 -0.707107 0.707107
    outer loop
      vertex 84 -40 20.2
      vertex -84 -39.2 21
      vertex -84 -40 20.2
    endloop
  endfacet
  facet normal 0.171946 -0.686343 0.70666
    outer loop
      vertex 85.7417 -39.7416 20.2
      vertex 85.0145 -39.1001 21
      vertex 85.1705 -39.8847 20.2
    endloop
  endfacet
  facet normal -0.740823 -0.6717 1.31946e-18
    outer loop
      vertex -88.2426 -38.2426 4
      vertex -88.6381 -37.8064 20.2
      vertex -88.6381 -37.8064 4
    endloop
  endfacet
  facet normal -0.740823 -0.6717 1.31946e-18
    outer loop
      vertex -88.6381 -37.8064 20.2
      vertex -88.2426 -38.2426 4
      vertex -88.2426 -38.2426 20.2
    endloop
  endfacet
  facet normal -0.639583 -0.30253 0.706688
    outer loop
      vertex -88.8042 -35.9899 21
      vertex -89.5433 -36.2961 20.2
      vertex -88.586 -36.4512 21
    endloop
  endfacet
  facet normal 0.666162 0.238371 0.706687
    outer loop
      vertex 89.5433 36.2961 20.2
      vertex 88.8042 35.9899 21
      vertex 88.9761 35.5095 21
    endloop
  endfacet
  facet normal 0.336788 -0.94158 0
    outer loop
      vertex 85.7417 -39.7416 4
      vertex 86.2961 -39.5433 20.2
      vertex 85.7417 -39.7416 20.2
    endloop
  endfacet
  facet normal 0.336788 -0.94158 0
    outer loop
      vertex 86.2961 -39.5433 20.2
      vertex 85.7417 -39.7416 4
      vertex 86.2961 -39.5433 4
    endloop
  endfacet
  facet normal 0.706701 0.0347282 0.706659
    outer loop
      vertex 89.9711 34.5881 20.2
      vertex 89.175 34.5097 21
      vertex 90 34 20.2
    endloop
  endfacet
  facet normal -0.103847 0.699893 0.706658
    outer loop
      vertex -84.5881 39.9711 20.2
      vertex -85.0145 39.1001 21
      vertex -84.5097 39.175 21
    endloop
  endfacet
  facet normal 0.103847 0.699893 0.706658
    outer loop
      vertex 84.5881 39.9711 20.2
      vertex 84.5097 39.175 21
      vertex 85.0145 39.1001 21
    endloop
  endfacet
  facet normal -0.903962 0.427612 0
    outer loop
      vertex -89.5433 36.2961 20.2
      vertex -89.2915 36.8284 3.90848
      vertex -89.5433 36.2961 3.65672
    endloop
  endfacet
  facet normal -0.903962 0.427612 0
    outer loop
      vertex -89.2915 36.8284 3.90848
      vertex -89.5433 36.2961 20.2
      vertex -89.2915 36.8284 20.2
    endloop
  endfacet
  facet normal 0.363735 0.606871 0.706685
    outer loop
      vertex 86.8284 39.2915 20.2
      vertex 86.4512 38.586 21
      vertex 86.889 38.3236 21
    endloop
  endfacet
  facet normal 0.706682 0.0346617 0.706682
    outer loop
      vertex 90 34 20.2
      vertex 89.175 34.5097 21
      vertex 89.2 34 21
    endloop
  endfacet
  facet normal 0.707107 6.92688e-19 0.707107
    outer loop
      vertex 89.2 34 21
      vertex 90 -34 20.2
      vertex 90 34 20.2
    endloop
  endfacet
  facet normal 0.707107 6.92688e-19 0.707107
    outer loop
      vertex 90 -34 20.2
      vertex 89.2 34 21
      vertex 89.2 -34 21
    endloop
  endfacet
  facet normal 0.0346617 0.706682 0.706682
    outer loop
      vertex 84 40 20.2
      vertex 84 39.2 21
      vertex 84.5097 39.175 21
    endloop
  endfacet
  facet normal 0.639581 -0.302549 0.706682
    outer loop
      vertex 89.5433 -36.2961 20.2
      vertex 88.586 -36.4512 21
      vertex 89.2915 -36.8284 20.2
    endloop
  endfacet
  facet normal 0.336788 0.94158 -0
    outer loop
      vertex 86.2961 39.5433 4
      vertex 85.7417 39.7416 20.2
      vertex 86.2961 39.5433 20.2
    endloop
  endfacet
  facet normal 0.336788 0.94158 0
    outer loop
      vertex 85.7417 39.7416 20.2
      vertex 86.2961 39.5433 4
      vertex 85.7417 39.7416 4
    endloop
  endfacet
  facet normal -1 0 0
    outer loop
      vertex -90 42 0.799999
      vertex -90 34 3.2
      vertex -90 42 3.2
    endloop
  endfacet
  facet normal -1 0 0
    outer loop
      vertex -90 34 3.2
      vertex -90 -34 3.2
      vertex -90 34 20.2
    endloop
  endfacet
  facet normal -1 0 0
    outer loop
      vertex -90 42 0.799999
      vertex -90 -34 3.2
      vertex -90 34 3.2
    endloop
  endfacet
  facet normal -1 0 0
    outer loop
      vertex -90 -42 0.799999
      vertex -90 -34 3.2
      vertex -90 42 0.799999
    endloop
  endfacet
  facet normal -1 -0 0
    outer loop
      vertex -90 -34 3.2
      vertex -90 -42 0.799999
      vertex -90 -42 3.2
    endloop
  endfacet
  facet normal -1 -0 0
    outer loop
      vertex -90 34 20.2
      vertex -90 -34 3.2
      vertex -90 -34 20.2
    endloop
  endfacet
  facet normal -0.238371 -0.666162 0.706687
    outer loop
      vertex -85.9899 -38.8042 21
      vertex -86.2961 -39.5433 20.2
      vertex -85.5095 -38.9761 21
    endloop
  endfacet
  facet normal 0 -1 0
    outer loop
      vertex -84 -40 4
      vertex 84 -40 20.2
      vertex -84 -40 20.2
    endloop
  endfacet
  facet normal 0 -1 -0
    outer loop
      vertex 84 -40 20.2
      vertex -84 -40 4
      vertex 84 -40 4
    endloop
  endfacet
  facet normal -0.707107 -6.92688e-19 0.707107
    outer loop
      vertex -90 34 20.2
      vertex -89.2 -34 21
      vertex -89.2 34 21
    endloop
  endfacet
  facet normal -0.707107 -6.92688e-19 0.707107
    outer loop
      vertex -89.2 -34 21
      vertex -90 34 20.2
      vertex -90 -34 20.2
    endloop
  endfacet
  facet normal 0.803289 0.595589 2.79926e-19
    outer loop
      vertex 88.9888 37.3334 20.2
      vertex 88.6381 37.8064 4
      vertex 88.6381 37.8064 20.2
    endloop
  endfacet
  facet normal 0.803289 0.595589 2.79926e-19
    outer loop
      vertex 88.6381 37.8064 4
      vertex 88.9888 37.3334 20.2
      vertex 88.9888 37.3334 4
    endloop
  endfacet
  facet normal -0.85779 -0.514 -2.61326e-19
    outer loop
      vertex -89.2 -36.9811 4
      vertex -89.2915 -36.8284 20.2
      vertex -89.2915 -36.8284 3.90848
    endloop
  endfacet
  facet normal -0.857686 -0.514174 2.22264e-06
    outer loop
      vertex -88.9888 -37.3334 4
      vertex -89.2915 -36.8284 20.2
      vertex -89.2 -36.9811 4
    endloop
  endfacet
  facet normal -0.857718 -0.514121 1.0312e-18
    outer loop
      vertex -89.2915 -36.8284 20.2
      vertex -88.9888 -37.3334 4
      vertex -88.9888 -37.3334 20.2
    endloop
  endfacet
  facet normal -0.302549 0.639581 0.706682
    outer loop
      vertex -86.2961 39.5433 20.2
      vertex -86.8284 39.2915 20.2
      vertex -86.4512 38.586 21
    endloop
  endfacet
  facet normal -0.970023 0.243015 0
    outer loop
      vertex -89.8847 35.1705 20.2
      vertex -89.7416 35.7417 3.45836
      vertex -89.8847 35.1705 3.31529
    endloop
  endfacet
  facet normal -0.970023 0.243015 0
    outer loop
      vertex -89.7416 35.7417 3.45836
      vertex -89.8847 35.1705 20.2
      vertex -89.7416 35.7417 20.2
    endloop
  endfacet
  facet normal -0.238297 0.666222 0.706656
    outer loop
      vertex -85.7417 39.7416 20.2
      vertex -86.2961 39.5433 20.2
      vertex -85.5095 38.9761 21
    endloop
  endfacet
  facet normal -0.666222 0.238297 0.706656
    outer loop
      vertex -89.5433 36.2961 20.2
      vertex -89.7416 35.7417 20.2
      vertex -88.9761 35.5095 21
    endloop
  endfacet
  facet normal -0.6717 0.740823 0
    outer loop
      vertex -87.8064 38.6381 4
      vertex -88.2426 38.2426 20.2
      vertex -87.8064 38.6381 20.2
    endloop
  endfacet
  facet normal -0.6717 0.740823 0
    outer loop
      vertex -88.2426 38.2426 20.2
      vertex -87.8064 38.6381 4
      vertex -88.2426 38.2426 4
    endloop
  endfacet
  facet normal -0.998795 -0.0490821 1.41097e-19
    outer loop
      vertex -89.9711 -34.5881 3.2289
      vertex -90 -34 20.2
      vertex -90 -34 3.2
    endloop
  endfacet
  facet normal -0.998795 -0.0490821 1.41337e-19
    outer loop
      vertex -90 -34 20.2
      vertex -89.9711 -34.5881 3.2289
      vertex -89.9711 -34.5881 20.2
    endloop
  endfacet
  facet normal -0.336788 0.94158 0
    outer loop
      vertex -85.7417 39.7416 4
      vertex -86.2961 39.5433 20.2
      vertex -85.7417 39.7416 20.2
    endloop
  endfacet
  facet normal -0.336788 0.94158 0
    outer loop
      vertex -86.2961 39.5433 20.2
      vertex -85.7417 39.7416 4
      vertex -86.2961 39.5433 4
    endloop
  endfacet
  facet normal -0.68635 -0.171934 0.706655
    outer loop
      vertex -89.1001 -35.0145 21
      vertex -89.7416 -35.7417 20.2
      vertex -88.9761 -35.5095 21
    endloop
  endfacet
  facet normal 0.302549 0.639581 0.706682
    outer loop
      vertex 86.8284 39.2915 20.2
      vertex 86.2961 39.5433 20.2
      vertex 86.4512 38.586 21
    endloop
  endfacet
  facet normal -0.363735 0.606871 0.706685
    outer loop
      vertex -86.8284 39.2915 20.2
      vertex -86.889 38.3236 21
      vertex -86.4512 38.586 21
    endloop
  endfacet
  facet normal 0.707106 -3.27073e-19 -0.707107
    outer loop
      vertex 89.2 -42 0
      vertex 90 42 0.799999
      vertex 90 -42 0.799999
    endloop
  endfacet
  facet normal 0.707106 -3.27073e-19 -0.707107
    outer loop
      vertex 90 42 0.799999
      vertex 89.2 -42 0
      vertex 89.2 42 0
    endloop
  endfacet
  facet normal -0 0.707107 0.707107
    outer loop
      vertex -57 40 20.2
      vertex 84 39.2 21
      vertex 84 40 20.2
    endloop
  endfacet
  facet normal 0 0.707107 0.707107
    outer loop
      vertex 84 39.2 21
      vertex -57 40 20.2
      vertex -57 39.2 21
    endloop
  endfacet
  facet normal -0 0.707107 0.707107
    outer loop
      vertex -84 40 20.2
      vertex -73 39.2 21
      vertex -73 40 20.2
    endloop
  endfacet
  facet normal 0 0.707107 0.707107
    outer loop
      vertex -73 39.2 21
      vertex -84 40 20.2
      vertex -84 39.2 21
    endloop
  endfacet
  facet normal 0.68635 -0.171934 0.706655
    outer loop
      vertex 89.1001 -35.0145 21
      vertex 88.9761 -35.5095 21
      vertex 89.7416 -35.7417 20.2
    endloop
  endfacet
  facet normal -0.989174 -0.146746 7.83456e-21
    outer loop
      vertex -89.8847 -35.1705 3.31529
      vertex -89.9711 -34.5881 20.2
      vertex -89.9711 -34.5881 3.2289
    endloop
  endfacet
  facet normal -0.989174 -0.146746 7.87465e-21
    outer loop
      vertex -89.9711 -34.5881 20.2
      vertex -89.8847 -35.1705 3.31529
      vertex -89.8847 -35.1705 20.2
    endloop
  endfacet
  facet normal -0.706682 -0.0346617 0.706682
    outer loop
      vertex -89.2 -34 21
      vertex -90 -34 20.2
      vertex -89.175 -34.5097 21
    endloop
  endfacet
  facet normal -0.606866 -0.363759 0.706677
    outer loop
      vertex -88.3236 -36.889 21
      vertex -89.2915 -36.8284 20.2
      vertex -88.9888 -37.3334 20.2
    endloop
  endfacet
  facet normal -0.69989 -0.10383 0.706664
    outer loop
      vertex -89.1001 -35.0145 21
      vertex -89.9711 -34.5881 20.2
      vertex -89.8847 -35.1705 20.2
    endloop
  endfacet
  facet normal -0.686343 -0.171946 0.70666
    outer loop
      vertex -89.1001 -35.0145 21
      vertex -89.8847 -35.1705 20.2
      vertex -89.7416 -35.7417 20.2
    endloop
  endfacet
  facet normal -0.606871 -0.363735 0.706685
    outer loop
      vertex -88.586 -36.4512 21
      vertex -89.2915 -36.8284 20.2
      vertex -88.3236 -36.889 21
    endloop
  endfacet
  facet normal 0.903962 -0.427612 0
    outer loop
      vertex 89.2915 -36.8284 3.90848
      vertex 89.5433 -36.2961 20.2
      vertex 89.2915 -36.8284 20.2
    endloop
  endfacet
  facet normal 0.903962 -0.427612 0
    outer loop
      vertex 89.5433 -36.2961 20.2
      vertex 89.2915 -36.8284 3.90848
      vertex 89.5433 -36.2961 3.65672
    endloop
  endfacet
  facet normal -0.0346617 -0.706682 0.706682
    outer loop
      vertex -84 -39.2 21
      vertex -84.5097 -39.175 21
      vertex -84 -40 20.2
    endloop
  endfacet
  facet normal -0.998795 0.0490821 0
    outer loop
      vertex -90 34 20.2
      vertex -89.9711 34.5881 3.2289
      vertex -90 34 3.2
    endloop
  endfacet
  facet normal -0.998795 0.0490821 0
    outer loop
      vertex -89.9711 34.5881 3.2289
      vertex -90 34 20.2
      vertex -89.9711 34.5881 20.2
    endloop
  endfacet
  facet normal -0.56834 -0.421389 0.706698
    outer loop
      vertex -88.0197 -37.2988 21
      vertex -88.9888 -37.3334 20.2
      vertex -88.6381 -37.8064 20.2
    endloop
  endfacet
  facet normal 0 1 0
    outer loop
      vertex 84 40 20.2
      vertex -57 40 4.5
      vertex -57 40 20.2
    endloop
  endfacet
  facet normal 0 1 0
    outer loop
      vertex -84 40 4
      vertex -57 40 4.5
      vertex 84 40 4
    endloop
  endfacet
  facet normal 0 1 -0
    outer loop
      vertex 84 40 4
      vertex -57 40 4.5
      vertex 84 40 20.2
    endloop
  endfacet
  facet normal 0 1 -0
    outer loop
      vertex -73 40 4.5
      vertex -84 40 20.2
      vertex -73 40 20.2
    endloop
  endfacet
  facet normal 0 1 0
    outer loop
      vertex -73 40 4.5
      vertex -84 40 4
      vertex -84 40 20.2
    endloop
  endfacet
  facet normal 0 1 0
    outer loop
      vertex -57 40 4.5
      vertex -84 40 4
      vertex -73 40 4.5
    endloop
  endfacet
  facet normal -0.421389 -0.56834 0.706698
    outer loop
      vertex -87.2988 -38.0197 21
      vertex -87.8064 -38.6381 20.2
      vertex -87.3334 -38.9888 20.2
    endloop
  endfacet
  facet normal -0.10383 -0.69989 0.706664
    outer loop
      vertex -85.0145 -39.1001 21
      vertex -85.1705 -39.8847 20.2
      vertex -84.5881 -39.9711 20.2
    endloop
  endfacet
  facet normal -0.514121 -0.857718 0
    outer loop
      vertex -87.3334 -38.9888 4
      vertex -86.8284 -39.2915 20.2
      vertex -87.3334 -38.9888 20.2
    endloop
  endfacet
  facet normal -0.514121 -0.857718 -0
    outer loop
      vertex -86.8284 -39.2915 20.2
      vertex -87.3334 -38.9888 4
      vertex -86.8284 -39.2915 4
    endloop
  endfacet
  facet normal 0.989174 -0.146746 0
    outer loop
      vertex 89.8847 -35.1705 3.31529
      vertex 89.9711 -34.5881 20.2
      vertex 89.8847 -35.1705 20.2
    endloop
  endfacet
  facet normal 0.989174 -0.146746 0
    outer loop
      vertex 89.9711 -34.5881 20.2
      vertex 89.8847 -35.1705 3.31529
      vertex 89.9711 -34.5881 3.2289
    endloop
  endfacet
  facet normal 0.524142 -0.475237 0.7067
    outer loop
      vertex 88.6381 -37.8064 20.2
      vertex 88.0197 -37.2988 21
      vertex 88.2426 -38.2426 20.2
    endloop
  endfacet
  facet normal -0.524162 -0.475226 0.706692
    outer loop
      vertex -88.0197 -37.2988 21
      vertex -88.2426 -38.2426 20.2
      vertex -87.6769 -37.6769 21
    endloop
  endfacet
  facet normal -0.639581 0.302549 0.706682
    outer loop
      vertex -89.2915 36.8284 20.2
      vertex -89.5433 36.2961 20.2
      vertex -88.586 36.4512 21
    endloop
  endfacet
  facet normal -0.0347282 -0.706701 0.706659
    outer loop
      vertex -84.5097 -39.175 21
      vertex -84.5881 -39.9711 20.2
      vertex -84 -40 20.2
    endloop
  endfacet
  facet normal -0.427612 -0.903962 0
    outer loop
      vertex -86.8284 -39.2915 4
      vertex -86.2961 -39.5433 20.2
      vertex -86.8284 -39.2915 20.2
    endloop
  endfacet
  facet normal -0.427612 -0.903962 -0
    outer loop
      vertex -86.2961 -39.5433 20.2
      vertex -86.8284 -39.2915 4
      vertex -86.2961 -39.5433 4
    endloop
  endfacet
  facet normal -0.666222 -0.238297 0.706656
    outer loop
      vertex -88.9761 -35.5095 21
      vertex -89.7416 -35.7417 20.2
      vertex -89.5433 -36.2961 20.2
    endloop
  endfacet
  facet normal -0.94158 -0.336788 -4.70803e-20
    outer loop
      vertex -89.5433 -36.2961 3.65672
      vertex -89.7416 -35.7417 20.2
      vertex -89.7416 -35.7417 3.45836
    endloop
  endfacet
  facet normal -0.94158 -0.336788 -4.76448e-20
    outer loop
      vertex -89.7416 -35.7417 20.2
      vertex -89.5433 -36.2961 3.65672
      vertex -89.5433 -36.2961 20.2
    endloop
  endfacet
  facet normal -0.699893 -0.103847 0.706658
    outer loop
      vertex -89.175 -34.5097 21
      vertex -89.9711 -34.5881 20.2
      vertex -89.1001 -35.0145 21
    endloop
  endfacet
  facet normal -0.970023 -0.243015 -1.42815e-19
    outer loop
      vertex -89.7416 -35.7417 3.45836
      vertex -89.8847 -35.1705 20.2
      vertex -89.8847 -35.1705 3.31529
    endloop
  endfacet
  facet normal -0.970023 -0.243015 -1.44035e-19
    outer loop
      vertex -89.8847 -35.1705 20.2
      vertex -89.7416 -35.7417 3.45836
      vertex -89.7416 -35.7417 20.2
    endloop
  endfacet
  facet normal 0.302549 -0.639581 0.706682
    outer loop
      vertex 86.4512 -38.586 21
      vertex 86.2961 -39.5433 20.2
      vertex 86.8284 -39.2915 20.2
    endloop
  endfacet
  facet normal 0.243015 0.970023 -0
    outer loop
      vertex 85.7417 39.7416 4
      vertex 85.1705 39.8847 20.2
      vertex 85.7417 39.7416 20.2
    endloop
  endfacet
  facet normal 0.243015 0.970023 0
    outer loop
      vertex 85.1705 39.8847 20.2
      vertex 85.7417 39.7416 4
      vertex 85.1705 39.8847 4
    endloop
  endfacet
  facet normal -0.524142 -0.475237 0.7067
    outer loop
      vertex -88.0197 -37.2988 21
      vertex -88.6381 -37.8064 20.2
      vertex -88.2426 -38.2426 20.2
    endloop
  endfacet
  facet normal -0.6717 -0.740823 0
    outer loop
      vertex -88.2426 -38.2426 4
      vertex -87.8064 -38.6381 20.2
      vertex -88.2426 -38.2426 20.2
    endloop
  endfacet
  facet normal -0.6717 -0.740823 -0
    outer loop
      vertex -87.8064 -38.6381 20.2
      vertex -88.2426 -38.2426 4
      vertex -87.8064 -38.6381 4
    endloop
  endfacet
  facet normal -0.475237 0.524142 0.7067
    outer loop
      vertex -87.8064 38.6381 20.2
      vertex -88.2426 38.2426 20.2
      vertex -87.2988 38.0197 21
    endloop
  endfacet
  facet normal 0.706682 -0.0346617 0.706682
    outer loop
      vertex 89.2 -34 21
      vertex 89.175 -34.5097 21
      vertex 90 -34 20.2
    endloop
  endfacet
  facet normal 0.998795 -0.0490821 0
    outer loop
      vertex 89.9711 -34.5881 3.2289
      vertex 90 -34 20.2
      vertex 89.9711 -34.5881 20.2
    endloop
  endfacet
  facet normal 0.998795 -0.0490821 0
    outer loop
      vertex 90 -34 20.2
      vertex 89.9711 -34.5881 3.2289
      vertex 90 -34 3.2
    endloop
  endfacet
  facet normal 0.0490821 -0.998795 0
    outer loop
      vertex 84 -40 4
      vertex 84.5881 -39.9711 20.2
      vertex 84 -40 20.2
    endloop
  endfacet
  facet normal 0.0490821 -0.998795 0
    outer loop
      vertex 84.5881 -39.9711 20.2
      vertex 84 -40 4
      vertex 84.5881 -39.9711 4
    endloop
  endfacet
  facet normal 0.363759 0.606866 0.706677
    outer loop
      vertex 87.3334 38.9888 20.2
      vertex 86.8284 39.2915 20.2
      vertex 86.889 38.3236 21
    endloop
  endfacet
  facet normal 0.524162 0.475226 0.706692
    outer loop
      vertex 88.2426 38.2426 20.2
      vertex 87.6769 37.6769 21
      vertex 88.0197 37.2988 21
    endloop
  endfacet
  facet normal 0.94158 0.336788 -4.76448e-20
    outer loop
      vertex 89.7416 35.7417 20.2
      vertex 89.5433 36.2961 3.65672
      vertex 89.5433 36.2961 20.2
    endloop
  endfacet
  facet normal 0.94158 0.336788 -4.70803e-20
    outer loop
      vertex 89.5433 36.2961 3.65672
      vertex 89.7416 35.7417 20.2
      vertex 89.7416 35.7417 3.45836
    endloop
  endfacet
  facet normal 0.68635 0.171934 0.706655
    outer loop
      vertex 89.7416 35.7417 20.2
      vertex 88.9761 35.5095 21
      vertex 89.1001 35.0145 21
    endloop
  endfacet
  facet normal 0.686343 0.171946 0.70666
    outer loop
      vertex 89.7416 35.7417 20.2
      vertex 89.1001 35.0145 21
      vertex 89.8847 35.1705 20.2
    endloop
  endfacet
  facet normal 0.56834 -0.421389 0.706698
    outer loop
      vertex 88.9888 -37.3334 20.2
      vertex 88.0197 -37.2988 21
      vertex 88.6381 -37.8064 20.2
    endloop
  endfacet
  facet normal 0.103847 -0.699893 0.706658
    outer loop
      vertex 85.0145 -39.1001 21
      vertex 84.5097 -39.175 21
      vertex 84.5881 -39.9711 20.2
    endloop
  endfacet
  facet normal -0.568319 -0.421455 0.706675
    outer loop
      vertex -88.3236 -36.889 21
      vertex -88.9888 -37.3334 20.2
      vertex -88.0197 -37.2988 21
    endloop
  endfacet
  facet normal -0.146746 0.989174 0
    outer loop
      vertex -84.5881 39.9711 4
      vertex -85.1705 39.8847 20.2
      vertex -84.5881 39.9711 20.2
    endloop
  endfacet
  facet normal -0.146746 0.989174 0
    outer loop
      vertex -85.1705 39.8847 20.2
      vertex -84.5881 39.9711 4
      vertex -85.1705 39.8847 4
    endloop
  endfacet
  facet normal -0.903962 -0.427612 2.607e-19
    outer loop
      vertex -89.2915 -36.8284 3.90848
      vertex -89.5433 -36.2961 20.2
      vertex -89.5433 -36.2961 3.65672
    endloop
  endfacet
  facet normal -0.903962 -0.427612 2.64729e-19
    outer loop
      vertex -89.5433 -36.2961 20.2
      vertex -89.2915 -36.8284 3.90848
      vertex -89.2915 -36.8284 20.2
    endloop
  endfacet
  facet normal -0.803289 -0.595589 2.79926e-19
    outer loop
      vertex -88.6381 -37.8064 4
      vertex -88.9888 -37.3334 20.2
      vertex -88.9888 -37.3334 4
    endloop
  endfacet
  facet normal -0.803289 -0.595589 2.79926e-19
    outer loop
      vertex -88.9888 -37.3334 20.2
      vertex -88.6381 -37.8064 4
      vertex -88.6381 -37.8064 20.2
    endloop
  endfacet
  facet normal -0.595589 -0.803289 0
    outer loop
      vertex -87.8064 -38.6381 4
      vertex -87.3334 -38.9888 20.2
      vertex -87.8064 -38.6381 20.2
    endloop
  endfacet
  facet normal -0.595589 -0.803289 -0
    outer loop
      vertex -87.3334 -38.9888 20.2
      vertex -87.8064 -38.6381 4
      vertex -87.3334 -38.9888 4
    endloop
  endfacet
  facet normal -0.475237 -0.524142 0.7067
    outer loop
      vertex -87.2988 -38.0197 21
      vertex -88.2426 -38.2426 20.2
      vertex -87.8064 -38.6381 20.2
    endloop
  endfacet
  facet normal -0.10383 0.69989 0.706664
    outer loop
      vertex -84.5881 39.9711 20.2
      vertex -85.1705 39.8847 20.2
      vertex -85.0145 39.1001 21
    endloop
  endfacet
  facet normal 0.595589 0.803289 -0
    outer loop
      vertex 87.8064 38.6381 4
      vertex 87.3334 38.9888 20.2
      vertex 87.8064 38.6381 20.2
    endloop
  endfacet
  facet normal 0.595589 0.803289 0
    outer loop
      vertex 87.3334 38.9888 20.2
      vertex 87.8064 38.6381 4
      vertex 87.3334 38.9888 4
    endloop
  endfacet
  facet normal 0.6717 0.740823 -0
    outer loop
      vertex 88.2426 38.2426 4
      vertex 87.8064 38.6381 20.2
      vertex 88.2426 38.2426 20.2
    endloop
  endfacet
  facet normal 0.6717 0.740823 0
    outer loop
      vertex 87.8064 38.6381 20.2
      vertex 88.2426 38.2426 4
      vertex 87.8064 38.6381 4
    endloop
  endfacet
  facet normal -0.171946 -0.686343 0.70666
    outer loop
      vertex -85.0145 -39.1001 21
      vertex -85.7417 -39.7416 20.2
      vertex -85.1705 -39.8847 20.2
    endloop
  endfacet
  facet normal -0.171934 -0.68635 0.706655
    outer loop
      vertex -85.5095 -38.9761 21
      vertex -85.7417 -39.7416 20.2
      vertex -85.0145 -39.1001 21
    endloop
  endfacet
  facet normal -0.475226 -0.524162 0.706692
    outer loop
      vertex -87.6769 -37.6769 21
      vertex -88.2426 -38.2426 20.2
      vertex -87.2988 -38.0197 21
    endloop
  endfacet
  facet normal -0.363759 -0.606866 0.706677
    outer loop
      vertex -86.889 -38.3236 21
      vertex -87.3334 -38.9888 20.2
      vertex -86.8284 -39.2915 20.2
    endloop
  endfacet
  facet normal 0.363759 -0.606866 0.706677
    outer loop
      vertex 86.889 -38.3236 21
      vertex 86.8284 -39.2915 20.2
      vertex 87.3334 -38.9888 20.2
    endloop
  endfacet
  facet normal 0.595589 -0.803289 0
    outer loop
      vertex 87.3334 -38.9888 4
      vertex 87.8064 -38.6381 20.2
      vertex 87.3334 -38.9888 20.2
    endloop
  endfacet
  facet normal 0.595589 -0.803289 0
    outer loop
      vertex 87.8064 -38.6381 20.2
      vertex 87.3334 -38.9888 4
      vertex 87.8064 -38.6381 4
    endloop
  endfacet
  facet normal 0.524162 -0.475226 0.706692
    outer loop
      vertex 88.0197 -37.2988 21
      vertex 87.6769 -37.6769 21
      vertex 88.2426 -38.2426 20.2
    endloop
  endfacet
  facet normal 0.666162 -0.238371 0.706687
    outer loop
      vertex 88.9761 -35.5095 21
      vertex 88.8042 -35.9899 21
      vertex 89.5433 -36.2961 20.2
    endloop
  endfacet
  facet normal 0.171934 -0.68635 0.706655
    outer loop
      vertex 85.5095 -38.9761 21
      vertex 85.0145 -39.1001 21
      vertex 85.7417 -39.7416 20.2
    endloop
  endfacet
  facet normal 0.238371 -0.666162 0.706687
    outer loop
      vertex 85.9899 -38.8042 21
      vertex 85.5095 -38.9761 21
      vertex 86.2961 -39.5433 20.2
    endloop
  endfacet
  facet normal 0.56834 0.421389 0.706698
    outer loop
      vertex 88.6381 37.8064 20.2
      vertex 88.0197 37.2988 21
      vertex 88.9888 37.3334 20.2
    endloop
  endfacet
  facet normal -0.639581 -0.302549 0.706682
    outer loop
      vertex -88.586 -36.4512 21
      vertex -89.5433 -36.2961 20.2
      vertex -89.2915 -36.8284 20.2
    endloop
  endfacet
  facet normal -0.171934 0.68635 0.706655
    outer loop
      vertex -85.0145 39.1001 21
      vertex -85.7417 39.7416 20.2
      vertex -85.5095 38.9761 21
    endloop
  endfacet
  facet normal 0.639581 0.302549 0.706682
    outer loop
      vertex 89.2915 36.8284 20.2
      vertex 88.586 36.4512 21
      vertex 89.5433 36.2961 20.2
    endloop
  endfacet
  facet normal 0.427612 -0.903962 0
    outer loop
      vertex 86.2961 -39.5433 4
      vertex 86.8284 -39.2915 20.2
      vertex 86.2961 -39.5433 20.2
    endloop
  endfacet
  facet normal 0.427612 -0.903962 0
    outer loop
      vertex 86.8284 -39.2915 20.2
      vertex 86.2961 -39.5433 4
      vertex 86.8284 -39.2915 4
    endloop
  endfacet
  facet normal 0.706701 -0.0347282 0.706659
    outer loop
      vertex 90 -34 20.2
      vertex 89.175 -34.5097 21
      vertex 89.9711 -34.5881 20.2
    endloop
  endfacet
  facet normal 0.421389 -0.56834 0.706698
    outer loop
      vertex 87.8064 -38.6381 20.2
      vertex 87.2988 -38.0197 21
      vertex 87.3334 -38.9888 20.2
    endloop
  endfacet
  facet normal 0.421455 -0.568319 0.706675
    outer loop
      vertex 87.2988 -38.0197 21
      vertex 86.889 -38.3236 21
      vertex 87.3334 -38.9888 20.2
    endloop
  endfacet
  facet normal 0.568319 -0.421455 0.706675
    outer loop
      vertex 88.3236 -36.889 21
      vertex 88.0197 -37.2988 21
      vertex 88.9888 -37.3334 20.2
    endloop
  endfacet
  facet normal -0.666162 0.238371 0.706687
    outer loop
      vertex -88.8042 35.9899 21
      vertex -89.5433 36.2961 20.2
      vertex -88.9761 35.5095 21
    endloop
  endfacet
  facet normal -0.706701 -0.0347282 0.706659
    outer loop
      vertex -89.175 -34.5097 21
      vertex -90 -34 20.2
      vertex -89.9711 -34.5881 20.2
    endloop
  endfacet
  facet normal -0.363735 -0.606871 0.706685
    outer loop
      vertex -86.4512 -38.586 21
      vertex -86.889 -38.3236 21
      vertex -86.8284 -39.2915 20.2
    endloop
  endfacet
  facet normal -0.475226 0.524162 0.706692
    outer loop
      vertex -87.2988 38.0197 21
      vertex -88.2426 38.2426 20.2
      vertex -87.6769 37.6769 21
    endloop
  endfacet
  facet normal -0.606866 0.363759 0.706677
    outer loop
      vertex -88.9888 37.3334 20.2
      vertex -89.2915 36.8284 20.2
      vertex -88.3236 36.889 21
    endloop
  endfacet
  facet normal -0.421389 0.56834 0.706698
    outer loop
      vertex -87.3334 38.9888 20.2
      vertex -87.8064 38.6381 20.2
      vertex -87.2988 38.0197 21
    endloop
  endfacet
  facet normal -0.69989 0.10383 0.706664
    outer loop
      vertex -89.8847 35.1705 20.2
      vertex -89.9711 34.5881 20.2
      vertex -89.1001 35.0145 21
    endloop
  endfacet
  facet normal 0.69989 0.10383 0.706664
    outer loop
      vertex 89.8847 35.1705 20.2
      vertex 89.1001 35.0145 21
      vertex 89.9711 34.5881 20.2
    endloop
  endfacet
  facet normal 0.0347282 0.706701 0.706659
    outer loop
      vertex 84.5881 39.9711 20.2
      vertex 84 40 20.2
      vertex 84.5097 39.175 21
    endloop
  endfacet
  facet normal 0.639583 0.30253 0.706688
    outer loop
      vertex 89.5433 36.2961 20.2
      vertex 88.586 36.4512 21
      vertex 88.8042 35.9899 21
    endloop
  endfacet
  facet normal 0.606871 0.363735 0.706685
    outer loop
      vertex 89.2915 36.8284 20.2
      vertex 88.3236 36.889 21
      vertex 88.586 36.4512 21
    endloop
  endfacet
  facet normal -0.30253 0.639583 0.706688
    outer loop
      vertex -86.2961 39.5433 20.2
      vertex -86.4512 38.586 21
      vertex -85.9899 38.8042 21
    endloop
  endfacet
  facet normal 0.989174 0.146746 7.87465e-21
    outer loop
      vertex 89.9711 34.5881 20.2
      vertex 89.8847 35.1705 3.31529
      vertex 89.8847 35.1705 20.2
    endloop
  endfacet
  facet normal 0.989174 0.146746 7.83456e-21
    outer loop
      vertex 89.8847 35.1705 3.31529
      vertex 89.9711 34.5881 20.2
      vertex 89.9711 34.5881 3.2289
    endloop
  endfacet
  facet normal 0.666222 0.238297 0.706656
    outer loop
      vertex 89.5433 36.2961 20.2
      vertex 88.9761 35.5095 21
      vertex 89.7416 35.7417 20.2
    endloop
  endfacet
  facet normal 0.970023 0.243015 -1.44035e-19
    outer loop
      vertex 89.8847 35.1705 20.2
      vertex 89.7416 35.7417 3.45836
      vertex 89.7416 35.7417 20.2
    endloop
  endfacet
  facet normal 0.970023 0.243015 -1.42815e-19
    outer loop
      vertex 89.7416 35.7417 3.45836
      vertex 89.8847 35.1705 20.2
      vertex 89.8847 35.1705 3.31529
    endloop
  endfacet
  facet normal 0.686343 -0.171946 0.70666
    outer loop
      vertex 89.8847 -35.1705 20.2
      vertex 89.1001 -35.0145 21
      vertex 89.7416 -35.7417 20.2
    endloop
  endfacet
  facet normal 0.6717 -0.740823 0
    outer loop
      vertex 87.8064 -38.6381 4
      vertex 88.2426 -38.2426 20.2
      vertex 87.8064 -38.6381 20.2
    endloop
  endfacet
  facet normal 0.6717 -0.740823 0
    outer loop
      vertex 88.2426 -38.2426 20.2
      vertex 87.8064 -38.6381 4
      vertex 88.2426 -38.2426 4
    endloop
  endfacet
  facet normal 0.740823 -0.6717 -1.31946e-18
    outer loop
      vertex 88.2426 -38.2426 20.2
      vertex 88.6381 -37.8064 4
      vertex 88.6381 -37.8064 20.2
    endloop
  endfacet
  facet normal 0.740823 -0.6717 -1.31946e-18
    outer loop
      vertex 88.6381 -37.8064 4
      vertex 88.2426 -38.2426 20.2
      vertex 88.2426 -38.2426 4
    endloop
  endfacet
  facet normal 0.0346617 -0.706682 0.706682
    outer loop
      vertex 84 -39.2 21
      vertex 84 -40 20.2
      vertex 84.5097 -39.175 21
    endloop
  endfacet
  facet normal -0.421455 -0.568319 0.706675
    outer loop
      vertex -87.2988 -38.0197 21
      vertex -87.3334 -38.9888 20.2
      vertex -86.889 -38.3236 21
    endloop
  endfacet
  facet normal 0.363735 -0.606871 0.706685
    outer loop
      vertex 86.889 -38.3236 21
      vertex 86.4512 -38.586 21
      vertex 86.8284 -39.2915 20.2
    endloop
  endfacet
  facet normal 0.475226 -0.524162 0.706692
    outer loop
      vertex 87.6769 -37.6769 21
      vertex 87.2988 -38.0197 21
      vertex 88.2426 -38.2426 20.2
    endloop
  endfacet
  facet normal -0.146746 -0.989174 0
    outer loop
      vertex -85.1705 -39.8847 4
      vertex -84.5881 -39.9711 20.2
      vertex -85.1705 -39.8847 20.2
    endloop
  endfacet
  facet normal -0.146746 -0.989174 -0
    outer loop
      vertex -84.5881 -39.9711 20.2
      vertex -85.1705 -39.8847 4
      vertex -84.5881 -39.9711 4
    endloop
  endfacet
  facet normal -0.606871 0.363735 0.706685
    outer loop
      vertex -88.3236 36.889 21
      vertex -89.2915 36.8284 20.2
      vertex -88.586 36.4512 21
    endloop
  endfacet
  facet normal 0.421389 0.56834 0.706698
    outer loop
      vertex 87.3334 38.9888 20.2
      vertex 87.2988 38.0197 21
      vertex 87.8064 38.6381 20.2
    endloop
  endfacet
  facet normal -0.238297 -0.666222 0.706656
    outer loop
      vertex -85.5095 -38.9761 21
      vertex -86.2961 -39.5433 20.2
      vertex -85.7417 -39.7416 20.2
    endloop
  endfacet
  facet normal -0.666162 -0.238371 0.706687
    outer loop
      vertex -88.9761 -35.5095 21
      vertex -89.5433 -36.2961 20.2
      vertex -88.8042 -35.9899 21
    endloop
  endfacet
  facet normal -0.740823 0.6717 -1.31946e-18
    outer loop
      vertex -88.6381 37.8064 4
      vertex -88.2426 38.2426 20.2
      vertex -88.2426 38.2426 4
    endloop
  endfacet
  facet normal -0.740823 0.6717 -1.31946e-18
    outer loop
      vertex -88.2426 38.2426 20.2
      vertex -88.6381 37.8064 4
      vertex -88.6381 37.8064 20.2
    endloop
  endfacet
  facet normal -0.171946 0.686343 0.70666
    outer loop
      vertex -85.1705 39.8847 20.2
      vertex -85.7417 39.7416 20.2
      vertex -85.0145 39.1001 21
    endloop
  endfacet
  facet normal 0.30253 -0.639583 0.706688
    outer loop
      vertex 86.4512 -38.586 21
      vertex 85.9899 -38.8042 21
      vertex 86.2961 -39.5433 20.2
    endloop
  endfacet
  facet normal -0.30253 -0.639583 0.706688
    outer loop
      vertex -85.9899 -38.8042 21
      vertex -86.4512 -38.586 21
      vertex -86.2961 -39.5433 20.2
    endloop
  endfacet
  facet normal -0.302549 -0.639581 0.706682
    outer loop
      vertex -86.4512 -38.586 21
      vertex -86.8284 -39.2915 20.2
      vertex -86.2961 -39.5433 20.2
    endloop
  endfacet
  facet normal -0.686343 0.171946 0.70666
    outer loop
      vertex -89.7416 35.7417 20.2
      vertex -89.8847 35.1705 20.2
      vertex -89.1001 35.0145 21
    endloop
  endfacet
  facet normal 0.238297 -0.666222 0.706656
    outer loop
      vertex 86.2961 -39.5433 20.2
      vertex 85.5095 -38.9761 21
      vertex 85.7417 -39.7416 20.2
    endloop
  endfacet
  facet normal 0.10383 -0.69989 0.706664
    outer loop
      vertex 85.0145 -39.1001 21
      vertex 84.5881 -39.9711 20.2
      vertex 85.1705 -39.8847 20.2
    endloop
  endfacet
  facet normal -0.568319 0.421455 0.706675
    outer loop
      vertex -88.0197 37.2988 21
      vertex -88.9888 37.3334 20.2
      vertex -88.3236 36.889 21
    endloop
  endfacet
  facet normal 0.606866 0.363759 0.706677
    outer loop
      vertex 88.9888 37.3334 20.2
      vertex 88.3236 36.889 21
      vertex 89.2915 36.8284 20.2
    endloop
  endfacet
  facet normal 0.524142 0.475237 0.7067
    outer loop
      vertex 88.2426 38.2426 20.2
      vertex 88.0197 37.2988 21
      vertex 88.6381 37.8064 20.2
    endloop
  endfacet
  facet normal 0.10383 0.69989 0.706664
    outer loop
      vertex 85.1705 39.8847 20.2
      vertex 84.5881 39.9711 20.2
      vertex 85.0145 39.1001 21
    endloop
  endfacet
  facet normal 0.421455 0.568319 0.706675
    outer loop
      vertex 87.3334 38.9888 20.2
      vertex 86.889 38.3236 21
      vertex 87.2988 38.0197 21
    endloop
  endfacet
  facet normal 0.475237 0.524142 0.7067
    outer loop
      vertex 87.8064 38.6381 20.2
      vertex 87.2988 38.0197 21
      vertex 88.2426 38.2426 20.2
    endloop
  endfacet
  facet normal 0.699893 -0.103847 0.706658
    outer loop
      vertex 89.175 -34.5097 21
      vertex 89.1001 -35.0145 21
      vertex 89.9711 -34.5881 20.2
    endloop
  endfacet
  facet normal -0.524162 0.475226 0.706692
    outer loop
      vertex -87.6769 37.6769 21
      vertex -88.2426 38.2426 20.2
      vertex -88.0197 37.2988 21
    endloop
  endfacet
  facet normal -0.421455 0.568319 0.706675
    outer loop
      vertex -86.889 38.3236 21
      vertex -87.3334 38.9888 20.2
      vertex -87.2988 38.0197 21
    endloop
  endfacet
  facet normal -0.595589 0.803289 0
    outer loop
      vertex -87.3334 38.9888 4
      vertex -87.8064 38.6381 20.2
      vertex -87.3334 38.9888 20.2
    endloop
  endfacet
  facet normal -0.595589 0.803289 0
    outer loop
      vertex -87.8064 38.6381 20.2
      vertex -87.3334 38.9888 4
      vertex -87.8064 38.6381 4
    endloop
  endfacet
  facet normal 0.514121 0.857718 -0
    outer loop
      vertex 87.3334 38.9888 4
      vertex 86.8284 39.2915 20.2
      vertex 87.3334 38.9888 20.2
    endloop
  endfacet
  facet normal 0.514121 0.857718 0
    outer loop
      vertex 86.8284 39.2915 20.2
      vertex 87.3334 38.9888 4
      vertex 86.8284 39.2915 4
    endloop
  endfacet
  facet normal 0.475226 0.524162 0.706692
    outer loop
      vertex 88.2426 38.2426 20.2
      vertex 87.2988 38.0197 21
      vertex 87.6769 37.6769 21
    endloop
  endfacet
  facet normal 0.639583 -0.30253 0.706688
    outer loop
      vertex 88.8042 -35.9899 21
      vertex 88.586 -36.4512 21
      vertex 89.5433 -36.2961 20.2
    endloop
  endfacet
  facet normal 0.171946 0.686343 0.70666
    outer loop
      vertex 85.1705 39.8847 20.2
      vertex 85.0145 39.1001 21
      vertex 85.7417 39.7416 20.2
    endloop
  endfacet
  facet normal 0.238371 0.666162 0.706687
    outer loop
      vertex 86.2961 39.5433 20.2
      vertex 85.5095 38.9761 21
      vertex 85.9899 38.8042 21
    endloop
  endfacet
  facet normal 0.666222 -0.238297 0.706656
    outer loop
      vertex 89.7416 -35.7417 20.2
      vertex 88.9761 -35.5095 21
      vertex 89.5433 -36.2961 20.2
    endloop
  endfacet
  facet normal 0.85779 -0.514 0
    outer loop
      vertex 89.2915 -36.8284 20.2
      vertex 89.2 -36.9811 4
      vertex 89.2915 -36.8284 3.90848
    endloop
  endfacet
  facet normal 0.857718 -0.514121 1.55062e-06
    outer loop
      vertex 88.9888 -37.3334 20.2
      vertex 89.2 -36.9811 4
      vertex 89.2915 -36.8284 20.2
    endloop
  endfacet
  facet normal 0.857686 -0.514174 9.82058e-20
    outer loop
      vertex 89.2 -36.9811 4
      vertex 88.9888 -37.3334 20.2
      vertex 88.9888 -37.3334 4
    endloop
  endfacet
  facet normal -0.238371 0.666162 0.706687
    outer loop
      vertex -85.5095 38.9761 21
      vertex -86.2961 39.5433 20.2
      vertex -85.9899 38.8042 21
    endloop
  endfacet
  facet normal 0.427612 0.903962 -0
    outer loop
      vertex 86.8284 39.2915 4
      vertex 86.2961 39.5433 20.2
      vertex 86.8284 39.2915 20.2
    endloop
  endfacet
  facet normal 0.427612 0.903962 0
    outer loop
      vertex 86.2961 39.5433 20.2
      vertex 86.8284 39.2915 4
      vertex 86.2961 39.5433 4
    endloop
  endfacet
  facet normal 0.30253 0.639583 0.706688
    outer loop
      vertex 86.2961 39.5433 20.2
      vertex 85.9899 38.8042 21
      vertex 86.4512 38.586 21
    endloop
  endfacet
  facet normal -0.706682 0.0346617 0.706682
    outer loop
      vertex -89.175 34.5097 21
      vertex -90 34 20.2
      vertex -89.2 34 21
    endloop
  endfacet
  facet normal 0.171934 0.68635 0.706655
    outer loop
      vertex 85.7417 39.7416 20.2
      vertex 85.0145 39.1001 21
      vertex 85.5095 38.9761 21
    endloop
  endfacet
  facet normal 0.238297 0.666222 0.706656
    outer loop
      vertex 85.7417 39.7416 20.2
      vertex 85.5095 38.9761 21
      vertex 86.2961 39.5433 20.2
    endloop
  endfacet
  facet normal -0.0347282 0.706701 0.706659
    outer loop
      vertex -84 40 20.2
      vertex -84.5881 39.9711 20.2
      vertex -84.5097 39.175 21
    endloop
  endfacet
  facet normal 0.568319 0.421455 0.706675
    outer loop
      vertex 88.9888 37.3334 20.2
      vertex 88.0197 37.2988 21
      vertex 88.3236 36.889 21
    endloop
  endfacet
  facet normal -0.243015 0.970023 0
    outer loop
      vertex -85.1705 39.8847 4
      vertex -85.7417 39.7416 20.2
      vertex -85.1705 39.8847 20.2
    endloop
  endfacet
  facet normal -0.243015 0.970023 0
    outer loop
      vertex -85.7417 39.7416 20.2
      vertex -85.1705 39.8847 4
      vertex -85.7417 39.7416 4
    endloop
  endfacet
  facet normal -0.103847 -0.699893 0.706658
    outer loop
      vertex -84.5097 -39.175 21
      vertex -85.0145 -39.1001 21
      vertex -84.5881 -39.9711 20.2
    endloop
  endfacet
  facet normal -0.0346617 0.706682 0.706682
    outer loop
      vertex -84 40 20.2
      vertex -84.5097 39.175 21
      vertex -84 39.2 21
    endloop
  endfacet
  facet normal 0.475237 -0.524142 0.7067
    outer loop
      vertex 88.2426 -38.2426 20.2
      vertex 87.2988 -38.0197 21
      vertex 87.8064 -38.6381 20.2
    endloop
  endfacet
  facet normal -0.699893 0.103847 0.706658
    outer loop
      vertex -89.1001 35.0145 21
      vertex -89.9711 34.5881 20.2
      vertex -89.175 34.5097 21
    endloop
  endfacet
  facet normal -0.336788 -0.94158 0
    outer loop
      vertex -86.2961 -39.5433 4
      vertex -85.7417 -39.7416 20.2
      vertex -86.2961 -39.5433 20.2
    endloop
  endfacet
  facet normal -0.336788 -0.94158 -0
    outer loop
      vertex -85.7417 -39.7416 20.2
      vertex -86.2961 -39.5433 4
      vertex -85.7417 -39.7416 4
    endloop
  endfacet
  facet normal -0.706701 0.0347282 0.706659
    outer loop
      vertex -89.9711 34.5881 20.2
      vertex -90 34 20.2
      vertex -89.175 34.5097 21
    endloop
  endfacet
  facet normal -0.68635 0.171934 0.706655
    outer loop
      vertex -88.9761 35.5095 21
      vertex -89.7416 35.7417 20.2
      vertex -89.1001 35.0145 21
    endloop
  endfacet
  facet normal -0.363759 0.606866 0.706677
    outer loop
      vertex -86.8284 39.2915 20.2
      vertex -87.3334 38.9888 20.2
      vertex -86.889 38.3236 21
    endloop
  endfacet
  facet normal -0.524142 0.475237 0.7067
    outer loop
      vertex -88.2426 38.2426 20.2
      vertex -88.6381 37.8064 20.2
      vertex -88.0197 37.2988 21
    endloop
  endfacet
  facet normal -0.803289 0.595589 -2.79926e-19
    outer loop
      vertex -88.9888 37.3334 4
      vertex -88.6381 37.8064 20.2
      vertex -88.6381 37.8064 4
    endloop
  endfacet
  facet normal -0.803289 0.595589 -2.79926e-19
    outer loop
      vertex -88.6381 37.8064 20.2
      vertex -88.9888 37.3334 4
      vertex -88.9888 37.3334 20.2
    endloop
  endfacet
  facet normal -0.989174 0.146746 0
    outer loop
      vertex -89.9711 34.5881 20.2
      vertex -89.8847 35.1705 3.31529
      vertex -89.9711 34.5881 3.2289
    endloop
  endfacet
  facet normal -0.989174 0.146746 0
    outer loop
      vertex -89.8847 35.1705 3.31529
      vertex -89.9711 34.5881 20.2
      vertex -89.8847 35.1705 20.2
    endloop
  endfacet
  facet normal -0.514121 0.857718 0
    outer loop
      vertex -86.8284 39.2915 4
      vertex -87.3334 38.9888 20.2
      vertex -86.8284 39.2915 20.2
    endloop
  endfacet
  facet normal -0.514121 0.857718 0
    outer loop
      vertex -87.3334 38.9888 20.2
      vertex -86.8284 39.2915 4
      vertex -87.3334 38.9888 4
    endloop
  endfacet
  facet normal 0.146746 0.989174 -0
    outer loop
      vertex 85.1705 39.8847 4
      vertex 84.5881 39.9711 20.2
      vertex 85.1705 39.8847 20.2
    endloop
  endfacet
  facet normal 0.146746 0.989174 0
    outer loop
      vertex 84.5881 39.9711 20.2
      vertex 85.1705 39.8847 4
      vertex 84.5881 39.9711 4
    endloop
  endfacet
  facet normal 0.699893 0.103847 0.706658
    outer loop
      vertex 89.9711 34.5881 20.2
      vertex 89.1001 35.0145 21
      vertex 89.175 34.5097 21
    endloop
  endfacet
  facet normal 0.857686 0.514174 0
    outer loop
      vertex 88.9888 37.3334 20.2
      vertex 89.2 36.9811 4
      vertex 88.9888 37.3334 4
    endloop
  endfacet
  facet normal 0.857718 0.514121 1.55062e-06
    outer loop
      vertex 89.2915 36.8284 20.2
      vertex 89.2 36.9811 4
      vertex 88.9888 37.3334 20.2
    endloop
  endfacet
  facet normal 0.85779 0.514 -2.61326e-19
    outer loop
      vertex 89.2 36.9811 4
      vertex 89.2915 36.8284 20.2
      vertex 89.2915 36.8284 3.90848
    endloop
  endfacet
  facet normal 1 0 0
    outer loop
      vertex 90 34 20.2
      vertex 90 -34 20.2
      vertex 90 34 3.2
    endloop
  endfacet
  facet normal 1 -0 0
    outer loop
      vertex 90 34 3.2
      vertex 90 42 0.799999
      vertex 90 42 3.2
    endloop
  endfacet
  facet normal 1 0 0
    outer loop
      vertex 90 -34 3.2
      vertex 90 34 3.2
      vertex 90 -34 20.2
    endloop
  endfacet
  facet normal 1 0 0
    outer loop
      vertex 90 34 3.2
      vertex 90 -34 3.2
      vertex 90 42 0.799999
    endloop
  endfacet
  facet normal 1 0 0
    outer loop
      vertex 90 -42 0.799999
      vertex 90 -34 3.2
      vertex 90 -42 3.2
    endloop
  endfacet
  facet normal 1 0 0
    outer loop
      vertex 90 -34 3.2
      vertex 90 -42 0.799999
      vertex 90 42 0.799999
    endloop
  endfacet
  facet normal 0.514121 -0.857718 0
    outer loop
      vertex 86.8284 -39.2915 4
      vertex 87.3334 -38.9888 20.2
      vertex 86.8284 -39.2915 20.2
    endloop
  endfacet
  facet normal 0.514121 -0.857718 0
    outer loop
      vertex 87.3334 -38.9888 20.2
      vertex 86.8284 -39.2915 4
      vertex 87.3334 -38.9888 4
    endloop
  endfacet
  facet normal 0.740823 0.6717 1.31946e-18
    outer loop
      vertex 88.6381 37.8064 20.2
      vertex 88.2426 38.2426 4
      vertex 88.2426 38.2426 20.2
    endloop
  endfacet
  facet normal 0.740823 0.6717 1.31946e-18
    outer loop
      vertex 88.2426 38.2426 4
      vertex 88.6381 37.8064 20.2
      vertex 88.6381 37.8064 4
    endloop
  endfacet
  facet normal 0.94158 -0.336788 0
    outer loop
      vertex 89.5433 -36.2961 3.65672
      vertex 89.7416 -35.7417 20.2
      vertex 89.5433 -36.2961 20.2
    endloop
  endfacet
  facet normal 0.94158 -0.336788 0
    outer loop
      vertex 89.7416 -35.7417 20.2
      vertex 89.5433 -36.2961 3.65672
      vertex 89.7416 -35.7417 3.45836
    endloop
  endfacet
  facet normal -0.0490821 -0.998795 0
    outer loop
      vertex -84.5881 -39.9711 4
      vertex -84 -40 20.2
      vertex -84.5881 -39.9711 20.2
    endloop
  endfacet
  facet normal -0.0490821 -0.998795 -0
    outer loop
      vertex -84 -40 20.2
      vertex -84.5881 -39.9711 4
      vertex -84 -40 4
    endloop
  endfacet
  facet normal -0.243015 -0.970023 0
    outer loop
      vertex -85.7417 -39.7416 4
      vertex -85.1705 -39.8847 20.2
      vertex -85.7417 -39.7416 20.2
    endloop
  endfacet
  facet normal -0.243015 -0.970023 -0
    outer loop
      vertex -85.1705 -39.8847 20.2
      vertex -85.7417 -39.7416 4
      vertex -85.1705 -39.8847 4
    endloop
  endfacet
  facet normal -0.639583 0.30253 0.706688
    outer loop
      vertex -88.586 36.4512 21
      vertex -89.5433 36.2961 20.2
      vertex -88.8042 35.9899 21
    endloop
  endfacet
  facet normal 0.243015 -0.970023 0
    outer loop
      vertex 85.1705 -39.8847 4
      vertex 85.7417 -39.7416 20.2
      vertex 85.1705 -39.8847 20.2
    endloop
  endfacet
  facet normal 0.243015 -0.970023 0
    outer loop
      vertex 85.7417 -39.7416 20.2
      vertex 85.1705 -39.8847 4
      vertex 85.7417 -39.7416 4
    endloop
  endfacet
  facet normal 0.146746 -0.989174 0
    outer loop
      vertex 84.5881 -39.9711 4
      vertex 85.1705 -39.8847 20.2
      vertex 84.5881 -39.9711 20.2
    endloop
  endfacet
  facet normal 0.146746 -0.989174 0
    outer loop
      vertex 85.1705 -39.8847 20.2
      vertex 84.5881 -39.9711 4
      vertex 85.1705 -39.8847 4
    endloop
  endfacet
  facet normal -0.857686 0.514174 9.82058e-20
    outer loop
      vertex -89.2 36.9811 4
      vertex -88.9888 37.3334 20.2
      vertex -88.9888 37.3334 4
    endloop
  endfacet
  facet normal -0.85779 0.514 0
    outer loop
      vertex -89.2915 36.8284 20.2
      vertex -89.2 36.9811 4
      vertex -89.2915 36.8284 3.90848
    endloop
  endfacet
  facet normal -0.857718 0.514121 1.55062e-06
    outer loop
      vertex -89.2 36.9811 4
      vertex -89.2915 36.8284 20.2
      vertex -88.9888 37.3334 20.2
    endloop
  endfacet
  facet normal -0.56834 0.421389 0.706698
    outer loop
      vertex -88.6381 37.8064 20.2
      vertex -88.9888 37.3334 20.2
      vertex -88.0197 37.2988 21
    endloop
  endfacet
  facet normal -0.94158 0.336788 0
    outer loop
      vertex -89.7416 35.7417 20.2
      vertex -89.5433 36.2961 3.65672
      vertex -89.7416 35.7417 3.45836
    endloop
  endfacet
  facet normal -0.94158 0.336788 0
    outer loop
      vertex -89.5433 36.2961 3.65672
      vertex -89.7416 35.7417 20.2
      vertex -89.5433 36.2961 20.2
    endloop
  endfacet
  facet normal -0.427612 0.903962 0
    outer loop
      vertex -86.2961 39.5433 4
      vertex -86.8284 39.2915 20.2
      vertex -86.2961 39.5433 20.2
    endloop
  endfacet
  facet normal -0.427612 0.903962 0
    outer loop
      vertex -86.8284 39.2915 20.2
      vertex -86.2961 39.5433 4
      vertex -86.8284 39.2915 4
    endloop
  endfacet
  facet normal 0.998795 0.0490821 1.41337e-19
    outer loop
      vertex 90 34 20.2
      vertex 89.9711 34.5881 3.2289
      vertex 89.9711 34.5881 20.2
    endloop
  endfacet
  facet normal 0.998795 0.0490821 1.41097e-19
    outer loop
      vertex 89.9711 34.5881 3.2289
      vertex 90 34 20.2
      vertex 90 34 3.2
    endloop
  endfacet
  facet normal 0.970023 -0.243015 0
    outer loop
      vertex 89.7416 -35.7417 3.45836
      vertex 89.8847 -35.1705 20.2
      vertex 89.7416 -35.7417 20.2
    endloop
  endfacet
  facet normal 0.970023 -0.243015 0
    outer loop
      vertex 89.8847 -35.1705 20.2
      vertex 89.7416 -35.7417 3.45836
      vertex 89.8847 -35.1705 3.31529
    endloop
  endfacet
  facet normal 0.803289 -0.595589 -2.79926e-19
    outer loop
      vertex 88.6381 -37.8064 20.2
      vertex 88.9888 -37.3334 4
      vertex 88.9888 -37.3334 20.2
    endloop
  endfacet
  facet normal 0.803289 -0.595589 -2.79926e-19
    outer loop
      vertex 88.9888 -37.3334 4
      vertex 88.6381 -37.8064 20.2
      vertex 88.6381 -37.8064 4
    endloop
  endfacet
  facet normal 0.606871 -0.363735 0.706685
    outer loop
      vertex 88.586 -36.4512 21
      vertex 88.3236 -36.889 21
      vertex 89.2915 -36.8284 20.2
    endloop
  endfacet
  facet normal 0.606866 -0.363759 0.706677
    outer loop
      vertex 89.2915 -36.8284 20.2
      vertex 88.3236 -36.889 21
      vertex 88.9888 -37.3334 20.2
    endloop
  endfacet
  facet normal -0 0 1
    outer loop
      vertex -84 39.2 21
      vertex -73 38.4 21
      vertex -73 39.2 21
    endloop
  endfacet
  facet normal 0 0 1
    outer loop
      vertex -84 39.2 21
      vertex -84 38.4 21
      vertex -73 38.4 21
    endloop
  endfacet
  facet normal 0 0 1
    outer loop
      vertex -84 39.2 21
      vertex -84.4313 38.3788 21
      vertex -84 38.4 21
    endloop
  endfacet
  facet normal -0 0 1
    outer loop
      vertex -84.5097 39.175 21
      vertex -84.4313 38.3788 21
      vertex -84 39.2 21
    endloop
  endfacet
  facet normal 0 0 1
    outer loop
      vertex -84.5097 39.175 21
      vertex -84.8584 38.3154 21
      vertex -84.4313 38.3788 21
    endloop
  endfacet
  facet normal -0 0 1
    outer loop
      vertex -85.0145 39.1001 21
      vertex -84.8584 38.3154 21
      vertex -84.5097 39.175 21
    endloop
  endfacet
  facet normal 0 0 1
    outer loop
      vertex -85.0145 39.1001 21
      vertex -85.2773 38.2105 21
      vertex -84.8584 38.3154 21
    endloop
  endfacet
  facet normal -0 0 1
    outer loop
      vertex -85.5095 38.9761 21
      vertex -85.2773 38.2105 21
      vertex -85.0145 39.1001 21
    endloop
  endfacet
  facet normal 0 0 1
    outer loop
      vertex -85.5095 38.9761 21
      vertex -85.6838 38.0651 21
      vertex -85.2773 38.2105 21
    endloop
  endfacet
  facet normal -0 0 1
    outer loop
      vertex -85.9899 38.8042 21
      vertex -85.6838 38.0651 21
      vertex -85.5095 38.9761 21
    endloop
  endfacet
  facet normal 0 0 1
    outer loop
      vertex -85.9899 38.8042 21
      vertex -86.0741 37.8804 21
      vertex -85.6838 38.0651 21
    endloop
  endfacet
  facet normal -0 0 1
    outer loop
      vertex -86.4512 38.586 21
      vertex -86.0741 37.8804 21
      vertex -85.9899 38.8042 21
    endloop
  endfacet
  facet normal 0 0 1
    outer loop
      vertex -86.0741 37.8804 21
      vertex -86.4512 38.586 21
      vertex -86.4445 37.6585 21
    endloop
  endfacet
  facet normal -0 0 1
    outer loop
      vertex -86.889 38.3236 21
      vertex -86.4445 37.6585 21
      vertex -86.4512 38.586 21
    endloop
  endfacet
  facet normal 0 0 1
    outer loop
      vertex -86.4445 37.6585 21
      vertex -86.889 38.3236 21
      vertex -86.7913 37.4012 21
    endloop
  endfacet
  facet normal -0 0 1
    outer loop
      vertex -87.2988 38.0197 21
      vertex -86.7913 37.4012 21
      vertex -86.889 38.3236 21
    endloop
  endfacet
  facet normal 0 0 1
    outer loop
      vertex -86.7913 37.4012 21
      vertex -87.2988 38.0197 21
      vertex -87.1113 37.1113 21
    endloop
  endfacet
  facet normal -0 0 1
    outer loop
      vertex -87.6769 37.6769 21
      vertex -87.1113 37.1113 21
      vertex -87.2988 38.0197 21
    endloop
  endfacet
  facet normal 0 0 1
    outer loop
      vertex -87.1113 37.1113 21
      vertex -87.6769 37.6769 21
      vertex -87.4012 36.7913 21
    endloop
  endfacet
  facet normal -0 0 1
    outer loop
      vertex -88.0197 37.2988 21
      vertex -87.4012 36.7913 21
      vertex -87.6769 37.6769 21
    endloop
  endfacet
  facet normal 0 0 1
    outer loop
      vertex -87.4012 36.7913 21
      vertex -88.0197 37.2988 21
      vertex -87.6585 36.4445 21
    endloop
  endfacet
  facet normal -0 0 1
    outer loop
      vertex -88.3236 36.889 21
      vertex -87.6585 36.4445 21
      vertex -88.0197 37.2988 21
    endloop
  endfacet
  facet normal 0 0 1
    outer loop
      vertex -87.6585 36.4445 21
      vertex -88.3236 36.889 21
      vertex -87.8804 36.0741 21
    endloop
  endfacet
  facet normal -0 0 1
    outer loop
      vertex -88.586 36.4512 21
      vertex -87.8804 36.0741 21
      vertex -88.3236 36.889 21
    endloop
  endfacet
  facet normal 0 0 1
    outer loop
      vertex -87.8804 36.0741 21
      vertex -88.586 36.4512 21
      vertex -88.0651 35.6838 21
    endloop
  endfacet
  facet normal -0 0 1
    outer loop
      vertex -88.8042 35.9899 21
      vertex -88.0651 35.6838 21
      vertex -88.586 36.4512 21
    endloop
  endfacet
  facet normal 0 0 1
    outer loop
      vertex -88.0651 35.6838 21
      vertex -88.8042 35.9899 21
      vertex -88.2105 35.2773 21
    endloop
  endfacet
  facet normal -0 0 1
    outer loop
      vertex -88.9761 35.5095 21
      vertex -88.2105 35.2773 21
      vertex -88.8042 35.9899 21
    endloop
  endfacet
  facet normal -0 0 1
    outer loop
      vertex -89.1001 35.0145 21
      vertex -88.3154 34.8584 21
      vertex -88.9761 35.5095 21
    endloop
  endfacet
  facet normal 0 0 1
    outer loop
      vertex -88.2105 35.2773 21
      vertex -88.9761 35.5095 21
      vertex -88.3154 34.8584 21
    endloop
  endfacet
  facet normal 0 0 1
    outer loop
      vertex 88.4 34 21
      vertex 89.2 34 21
      vertex 89.175 34.5097 21
    endloop
  endfacet
  facet normal 0 0 1
    outer loop
      vertex 89.2 34 21
      vertex 88.4 34 21
      vertex 89.2 -34 21
    endloop
  endfacet
  facet normal 0 0 1
    outer loop
      vertex 88.3788 34.4313 21
      vertex 89.175 34.5097 21
      vertex 89.1001 35.0145 21
    endloop
  endfacet
  facet normal 0 0 1
    outer loop
      vertex 88.4 -34 21
      vertex 89.2 -34 21
      vertex 88.4 34 21
    endloop
  endfacet
  facet normal 0 0 1
    outer loop
      vertex 88.3154 34.8584 21
      vertex 89.1001 35.0145 21
      vertex 88.9761 35.5095 21
    endloop
  endfacet
  facet normal 0 0 1
    outer loop
      vertex 89.2 -34 21
      vertex 88.4 -34 21
      vertex 89.175 -34.5097 21
    endloop
  endfacet
  facet normal 0 0 1
    outer loop
      vertex 88.2105 35.2773 21
      vertex 88.9761 35.5095 21
      vertex 88.8042 35.9899 21
    endloop
  endfacet
  facet normal -0 0 1
    outer loop
      vertex 88.3788 -34.4313 21
      vertex 89.175 -34.5097 21
      vertex 88.4 -34 21
    endloop
  endfacet
  facet normal 0 0 1
    outer loop
      vertex 88.0651 35.6838 21
      vertex 88.8042 35.9899 21
      vertex 88.586 36.4512 21
    endloop
  endfacet
  facet normal 0 0 1
    outer loop
      vertex 89.175 -34.5097 21
      vertex 88.3788 -34.4313 21
      vertex 89.1001 -35.0145 21
    endloop
  endfacet
  facet normal -0 0 1
    outer loop
      vertex 88.3154 -34.8584 21
      vertex 89.1001 -35.0145 21
      vertex 88.3788 -34.4313 21
    endloop
  endfacet
  facet normal 0 0 1
    outer loop
      vertex 89.175 34.5097 21
      vertex 88.3788 34.4313 21
      vertex 88.4 34 21
    endloop
  endfacet
  facet normal 0 0 1
    outer loop
      vertex 87.8804 36.0741 21
      vertex 88.586 36.4512 21
      vertex 88.3236 36.889 21
    endloop
  endfacet
  facet normal 0 0 1
    outer loop
      vertex 89.1001 35.0145 21
      vertex 88.3154 34.8584 21
      vertex 88.3788 34.4313 21
    endloop
  endfacet
  facet normal 0 0 1
    outer loop
      vertex 88.9761 35.5095 21
      vertex 88.2105 35.2773 21
      vertex 88.3154 34.8584 21
    endloop
  endfacet
  facet normal 0 0 1
    outer loop
      vertex 88.8042 35.9899 21
      vertex 88.0651 35.6838 21
      vertex 88.2105 35.2773 21
    endloop
  endfacet
  facet normal 0 0 1
    outer loop
      vertex 87.6585 36.4445 21
      vertex 88.3236 36.889 21
      vertex 88.0197 37.2988 21
    endloop
  endfacet
  facet normal 0 0 1
    outer loop
      vertex 88.586 36.4512 21
      vertex 87.8804 36.0741 21
      vertex 88.0651 35.6838 21
    endloop
  endfacet
  facet normal 0 0 1
    outer loop
      vertex 87.4012 36.7913 21
      vertex 88.0197 37.2988 21
      vertex 87.6769 37.6769 21
    endloop
  endfacet
  facet normal 0 0 1
    outer loop
      vertex 88.3236 36.889 21
      vertex 87.6585 36.4445 21
      vertex 87.8804 36.0741 21
    endloop
  endfacet
  facet normal 0 0 1
    outer loop
      vertex 88.0197 37.2988 21
      vertex 87.4012 36.7913 21
      vertex 87.6585 36.4445 21
    endloop
  endfacet
  facet normal 0 0 1
    outer loop
      vertex 87.1113 37.1113 21
      vertex 87.6769 37.6769 21
      vertex 87.2988 38.0197 21
    endloop
  endfacet
  facet normal 0 0 1
    outer loop
      vertex 87.6769 37.6769 21
      vertex 87.1113 37.1113 21
      vertex 87.4012 36.7913 21
    endloop
  endfacet
  facet normal 0 0 1
    outer loop
      vertex 86.7913 37.4012 21
      vertex 87.2988 38.0197 21
      vertex 86.889 38.3236 21
    endloop
  endfacet
  facet normal 0 0 1
    outer loop
      vertex 87.2988 38.0197 21
      vertex 86.7913 37.4012 21
      vertex 87.1113 37.1113 21
    endloop
  endfacet
  facet normal 0 0 1
    outer loop
      vertex 86.4445 37.6585 21
      vertex 86.889 38.3236 21
      vertex 86.4512 38.586 21
    endloop
  endfacet
  facet normal 0 0 1
    outer loop
      vertex 86.889 38.3236 21
      vertex 86.4445 37.6585 21
      vertex 86.7913 37.4012 21
    endloop
  endfacet
  facet normal 0 0 1
    outer loop
      vertex 86.4512 38.586 21
      vertex 86.0741 37.8804 21
      vertex 86.4445 37.6585 21
    endloop
  endfacet
  facet normal 0 0 1
    outer loop
      vertex 85.9899 38.8042 21
      vertex 86.0741 37.8804 21
      vertex 86.4512 38.586 21
    endloop
  endfacet
  facet normal 0 0 1
    outer loop
      vertex 85.9899 38.8042 21
      vertex 85.6838 38.0651 21
      vertex 86.0741 37.8804 21
    endloop
  endfacet
  facet normal 0 0 1
    outer loop
      vertex 85.5095 38.9761 21
      vertex 85.6838 38.0651 21
      vertex 85.9899 38.8042 21
    endloop
  endfacet
  facet normal 0 0 1
    outer loop
      vertex 85.5095 38.9761 21
      vertex 85.2773 38.2105 21
      vertex 85.6838 38.0651 21
    endloop
  endfacet
  facet normal 0 0 1
    outer loop
      vertex 85.0145 39.1001 21
      vertex 85.2773 38.2105 21
      vertex 85.5095 38.9761 21
    endloop
  endfacet
  facet normal 0 0 1
    outer loop
      vertex 85.0145 39.1001 21
      vertex 84.8584 38.3154 21
      vertex 85.2773 38.2105 21
    endloop
  endfacet
  facet normal 0 0 1
    outer loop
      vertex 84.5097 39.175 21
      vertex 84.8584 38.3154 21
      vertex 85.0145 39.1001 21
    endloop
  endfacet
  facet normal 0 0 1
    outer loop
      vertex 84.5097 39.175 21
      vertex 84.4313 38.3788 21
      vertex 84.8584 38.3154 21
    endloop
  endfacet
  facet normal 0 0 1
    outer loop
      vertex 84 39.2 21
      vertex 84.4313 38.3788 21
      vertex 84.5097 39.175 21
    endloop
  endfacet
  facet normal 0 0 1
    outer loop
      vertex 84 39.2 21
      vertex 84 38.4 21
      vertex 84.4313 38.3788 21
    endloop
  endfacet
  facet normal -0 0 1
    outer loop
      vertex -57 39.2 21
      vertex 84 38.4 21
      vertex 84 39.2 21
    endloop
  endfacet
  facet normal 0 0 1
    outer loop
      vertex 84 38.4 21
      vertex -57 39.2 21
      vertex -57 38.4 21
    endloop
  endfacet
  facet normal 0 0 1
    outer loop
      vertex 89.1001 -35.0145 21
      vertex 88.3154 -34.8584 21
      vertex 88.9761 -35.5095 21
    endloop
  endfacet
  facet normal -0 0 1
    outer loop
      vertex 88.2105 -35.2773 21
      vertex 88.9761 -35.5095 21
      vertex 88.3154 -34.8584 21
    endloop
  endfacet
  facet normal 0 0 1
    outer loop
      vertex 88.9761 -35.5095 21
      vertex 88.2105 -35.2773 21
      vertex 88.8042 -35.9899 21
    endloop
  endfacet
  facet normal -0 0 1
    outer loop
      vertex 88.0651 -35.6838 21
      vertex 88.8042 -35.9899 21
      vertex 88.2105 -35.2773 21
    endloop
  endfacet
  facet normal 0 0 1
    outer loop
      vertex 88.8042 -35.9899 21
      vertex 88.0651 -35.6838 21
      vertex 88.586 -36.4512 21
    endloop
  endfacet
  facet normal -0 0 1
    outer loop
      vertex 87.8804 -36.0741 21
      vertex 88.586 -36.4512 21
      vertex 88.0651 -35.6838 21
    endloop
  endfacet
  facet normal 0 0 1
    outer loop
      vertex 88.586 -36.4512 21
      vertex 87.8804 -36.0741 21
      vertex 88.3236 -36.889 21
    endloop
  endfacet
  facet normal -0 0 1
    outer loop
      vertex 87.6585 -36.4445 21
      vertex 88.3236 -36.889 21
      vertex 87.8804 -36.0741 21
    endloop
  endfacet
  facet normal 0 0 1
    outer loop
      vertex 88.3236 -36.889 21
      vertex 87.6585 -36.4445 21
      vertex 88.0197 -37.2988 21
    endloop
  endfacet
  facet normal -0 0 1
    outer loop
      vertex 87.4012 -36.7913 21
      vertex 88.0197 -37.2988 21
      vertex 87.6585 -36.4445 21
    endloop
  endfacet
  facet normal 0 0 1
    outer loop
      vertex 88.0197 -37.2988 21
      vertex 87.4012 -36.7913 21
      vertex 87.6769 -37.6769 21
    endloop
  endfacet
  facet normal -0 0 1
    outer loop
      vertex 87.1113 -37.1113 21
      vertex 87.6769 -37.6769 21
      vertex 87.4012 -36.7913 21
    endloop
  endfacet
  facet normal 0 0 1
    outer loop
      vertex 87.6769 -37.6769 21
      vertex 87.1113 -37.1113 21
      vertex 87.2988 -38.0197 21
    endloop
  endfacet
  facet normal -0 0 1
    outer loop
      vertex 86.7913 -37.4012 21
      vertex 87.2988 -38.0197 21
      vertex 87.1113 -37.1113 21
    endloop
  endfacet
  facet normal 0 0 1
    outer loop
      vertex 87.2988 -38.0197 21
      vertex 86.7913 -37.4012 21
      vertex 86.889 -38.3236 21
    endloop
  endfacet
  facet normal -0 0 1
    outer loop
      vertex 86.4445 -37.6585 21
      vertex 86.889 -38.3236 21
      vertex 86.7913 -37.4012 21
    endloop
  endfacet
  facet normal 0 0 1
    outer loop
      vertex 86.889 -38.3236 21
      vertex 86.4445 -37.6585 21
      vertex 86.4512 -38.586 21
    endloop
  endfacet
  facet normal -0 0 1
    outer loop
      vertex 86.0741 -37.8804 21
      vertex 86.4512 -38.586 21
      vertex 86.4445 -37.6585 21
    endloop
  endfacet
  facet normal 0 0 1
    outer loop
      vertex 86.0741 -37.8804 21
      vertex 85.9899 -38.8042 21
      vertex 86.4512 -38.586 21
    endloop
  endfacet
  facet normal -0 0 1
    outer loop
      vertex 85.6838 -38.0651 21
      vertex 85.9899 -38.8042 21
      vertex 86.0741 -37.8804 21
    endloop
  endfacet
  facet normal 0 0 1
    outer loop
      vertex 85.6838 -38.0651 21
      vertex 85.5095 -38.9761 21
      vertex 85.9899 -38.8042 21
    endloop
  endfacet
  facet normal -0 0 1
    outer loop
      vertex 85.2773 -38.2105 21
      vertex 85.5095 -38.9761 21
      vertex 85.6838 -38.0651 21
    endloop
  endfacet
  facet normal 0 0 1
    outer loop
      vertex 85.2773 -38.2105 21
      vertex 85.0145 -39.1001 21
      vertex 85.5095 -38.9761 21
    endloop
  endfacet
  facet normal -0 0 1
    outer loop
      vertex 84.8584 -38.3154 21
      vertex 85.0145 -39.1001 21
      vertex 85.2773 -38.2105 21
    endloop
  endfacet
  facet normal 0 0 1
    outer loop
      vertex 84.8584 -38.3154 21
      vertex 84.5097 -39.175 21
      vertex 85.0145 -39.1001 21
    endloop
  endfacet
  facet normal -0 0 1
    outer loop
      vertex 84.4313 -38.3788 21
      vertex 84.5097 -39.175 21
      vertex 84.8584 -38.3154 21
    endloop
  endfacet
  facet normal -0 0 1
    outer loop
      vertex 84 -38.4 21
      vertex 84.5097 -39.175 21
      vertex 84.4313 -38.3788 21
    endloop
  endfacet
  facet normal 0 0 1
    outer loop
      vertex 84 -38.4 21
      vertex 84 -39.2 21
      vertex 84.5097 -39.175 21
    endloop
  endfacet
  facet normal -0 0 1
    outer loop
      vertex -84 -38.4 21
      vertex 84 -39.2 21
      vertex 84 -38.4 21
    endloop
  endfacet
  facet normal 0 0 1
    outer loop
      vertex -84 -38.4 21
      vertex -84 -39.2 21
      vertex 84 -39.2 21
    endloop
  endfacet
  facet normal 0 0 1
    outer loop
      vertex -84.4313 -38.3788 21
      vertex -84 -39.2 21
      vertex -84 -38.4 21
    endloop
  endfacet
  facet normal 0 0 1
    outer loop
      vertex -84.4313 -38.3788 21
      vertex -84.5097 -39.175 21
      vertex -84 -39.2 21
    endloop
  endfacet
  facet normal 0 0 1
    outer loop
      vertex -84.8584 -38.3154 21
      vertex -84.5097 -39.175 21
      vertex -84.4313 -38.3788 21
    endloop
  endfacet
  facet normal 0 0 1
    outer loop
      vertex -84.8584 -38.3154 21
      vertex -85.0145 -39.1001 21
      vertex -84.5097 -39.175 21
    endloop
  endfacet
  facet normal 0 0 1
    outer loop
      vertex -85.2773 -38.2105 21
      vertex -85.0145 -39.1001 21
      vertex -84.8584 -38.3154 21
    endloop
  endfacet
  facet normal 0 0 1
    outer loop
      vertex -85.2773 -38.2105 21
      vertex -85.5095 -38.9761 21
      vertex -85.0145 -39.1001 21
    endloop
  endfacet
  facet normal 0 0 1
    outer loop
      vertex -85.6838 -38.0651 21
      vertex -85.5095 -38.9761 21
      vertex -85.2773 -38.2105 21
    endloop
  endfacet
  facet normal 0 0 1
    outer loop
      vertex -85.6838 -38.0651 21
      vertex -85.9899 -38.8042 21
      vertex -85.5095 -38.9761 21
    endloop
  endfacet
  facet normal 0 0 1
    outer loop
      vertex -86.0741 -37.8804 21
      vertex -85.9899 -38.8042 21
      vertex -85.6838 -38.0651 21
    endloop
  endfacet
  facet normal 0 0 1
    outer loop
      vertex -86.4512 -38.586 21
      vertex -86.0741 -37.8804 21
      vertex -86.4445 -37.6585 21
    endloop
  endfacet
  facet normal 0 0 1
    outer loop
      vertex -86.0741 -37.8804 21
      vertex -86.4512 -38.586 21
      vertex -85.9899 -38.8042 21
    endloop
  endfacet
  facet normal 0 0 1
    outer loop
      vertex -86.889 -38.3236 21
      vertex -86.4445 -37.6585 21
      vertex -86.7913 -37.4012 21
    endloop
  endfacet
  facet normal 0 0 1
    outer loop
      vertex -86.4445 -37.6585 21
      vertex -86.889 -38.3236 21
      vertex -86.4512 -38.586 21
    endloop
  endfacet
  facet normal 0 0 1
    outer loop
      vertex -87.2988 -38.0197 21
      vertex -86.7913 -37.4012 21
      vertex -87.1113 -37.1113 21
    endloop
  endfacet
  facet normal 0 0 1
    outer loop
      vertex -86.7913 -37.4012 21
      vertex -87.2988 -38.0197 21
      vertex -86.889 -38.3236 21
    endloop
  endfacet
  facet normal 0 0 1
    outer loop
      vertex -87.6769 -37.6769 21
      vertex -87.1113 -37.1113 21
      vertex -87.4012 -36.7913 21
    endloop
  endfacet
  facet normal 0 0 1
    outer loop
      vertex -88.0197 -37.2988 21
      vertex -87.4012 -36.7913 21
      vertex -87.6585 -36.4445 21
    endloop
  endfacet
  facet normal 0 0 1
    outer loop
      vertex -87.1113 -37.1113 21
      vertex -87.6769 -37.6769 21
      vertex -87.2988 -38.0197 21
    endloop
  endfacet
  facet normal 0 0 1
    outer loop
      vertex -88.3236 -36.889 21
      vertex -87.6585 -36.4445 21
      vertex -87.8804 -36.0741 21
    endloop
  endfacet
  facet normal 0 0 1
    outer loop
      vertex -87.4012 -36.7913 21
      vertex -88.0197 -37.2988 21
      vertex -87.6769 -37.6769 21
    endloop
  endfacet
  facet normal 0 0 1
    outer loop
      vertex -88.586 -36.4512 21
      vertex -87.8804 -36.0741 21
      vertex -88.0651 -35.6838 21
    endloop
  endfacet
  facet normal 0 0 1
    outer loop
      vertex -88.8042 -35.9899 21
      vertex -88.0651 -35.6838 21
      vertex -88.2105 -35.2773 21
    endloop
  endfacet
  facet normal 0 0 1
    outer loop
      vertex -88.9761 -35.5095 21
      vertex -88.2105 -35.2773 21
      vertex -88.3154 -34.8584 21
    endloop
  endfacet
  facet normal 0 0 1
    outer loop
      vertex -87.6585 -36.4445 21
      vertex -88.3236 -36.889 21
      vertex -88.0197 -37.2988 21
    endloop
  endfacet
  facet normal 0 0 1
    outer loop
      vertex -89.1001 -35.0145 21
      vertex -88.3154 -34.8584 21
      vertex -88.3788 -34.4313 21
    endloop
  endfacet
  facet normal 0 0 1
    outer loop
      vertex -89.175 -34.5097 21
      vertex -88.3788 -34.4313 21
      vertex -88.4 -34 21
    endloop
  endfacet
  facet normal 0 0 1
    outer loop
      vertex -87.8804 -36.0741 21
      vertex -88.586 -36.4512 21
      vertex -88.3236 -36.889 21
    endloop
  endfacet
  facet normal 0 0 1
    outer loop
      vertex -88.4 34 21
      vertex -89.2 34 21
      vertex -88.4 -34 21
    endloop
  endfacet
  facet normal 0 0 1
    outer loop
      vertex -88.3154 34.8584 21
      vertex -89.1001 35.0145 21
      vertex -88.3788 34.4313 21
    endloop
  endfacet
  facet normal 0 0 1
    outer loop
      vertex -89.2 -34 21
      vertex -88.4 -34 21
      vertex -89.2 34 21
    endloop
  endfacet
  facet normal -0 0 1
    outer loop
      vertex -89.175 34.5097 21
      vertex -88.3788 34.4313 21
      vertex -89.1001 35.0145 21
    endloop
  endfacet
  facet normal 0 -0 1
    outer loop
      vertex -89.175 -34.5097 21
      vertex -88.4 -34 21
      vertex -89.2 -34 21
    endloop
  endfacet
  facet normal 0 0 1
    outer loop
      vertex -88.3788 34.4313 21
      vertex -89.175 34.5097 21
      vertex -88.4 34 21
    endloop
  endfacet
  facet normal 0 0 1
    outer loop
      vertex -88.0651 -35.6838 21
      vertex -88.8042 -35.9899 21
      vertex -88.586 -36.4512 21
    endloop
  endfacet
  facet normal 0 0 1
    outer loop
      vertex -88.4 34 21
      vertex -89.175 34.5097 21
      vertex -89.2 34 21
    endloop
  endfacet
  facet normal 0 0 1
    outer loop
      vertex -88.2105 -35.2773 21
      vertex -88.9761 -35.5095 21
      vertex -88.8042 -35.9899 21
    endloop
  endfacet
  facet normal 0 0 1
    outer loop
      vertex -88.3154 -34.8584 21
      vertex -89.1001 -35.0145 21
      vertex -88.9761 -35.5095 21
    endloop
  endfacet
  facet normal 0 0 1
    outer loop
      vertex -88.3788 -34.4313 21
      vertex -89.175 -34.5097 21
      vertex -89.1001 -35.0145 21
    endloop
  endfacet
  facet normal -0.0490821 0.998795 0
    outer loop
      vertex -84 40 4
      vertex -84.5881 39.9711 20.2
      vertex -84 40 20.2
    endloop
  endfacet
  facet normal -0.0490821 0.998795 0
    outer loop
      vertex -84.5881 39.9711 20.2
      vertex -84 40 4
      vertex -84.5881 39.9711 4
    endloop
  endfacet
  facet normal 0.903962 0.427612 2.64729e-19
    outer loop
      vertex 89.5433 36.2961 20.2
      vertex 89.2915 36.8284 3.90848
      vertex 89.2915 36.8284 20.2
    endloop
  endfacet
  facet normal 0.903962 0.427612 2.607e-19
    outer loop
      vertex 89.2915 36.8284 3.90848
      vertex 89.5433 36.2961 20.2
      vertex 89.5433 36.2961 3.65672
    endloop
  endfacet
  facet normal 0 0 -1
    outer loop
      vertex 82 -49.2 0
      vertex 89.2 -42 0
      vertex 89.1653 -42.7057 0
    endloop
  endfacet
  facet normal 0 0 -1
    outer loop
      vertex 89.2 -42 0
      vertex 39.5 0 0
      vertex 89.2 42 0
    endloop
  endfacet
  facet normal 0 0 -1
    outer loop
      vertex 82 -49.2 0
      vertex 89.1653 -42.7057 0
      vertex 89.0616 -43.4046 0
    endloop
  endfacet
  facet normal 0 0 -1
    outer loop
      vertex 39.4783 0.441076 0
      vertex 89.2 42 0
      vertex 39.5 0 0
    endloop
  endfacet
  facet normal 0 0 -1
    outer loop
      vertex 82 -49.2 0
      vertex 89.0616 -43.4046 0
      vertex 88.89 -44.09 0
    endloop
  endfacet
  facet normal 0 0 -1
    outer loop
      vertex 39.4135 0.877906 0
      vertex 89.2 42 0
      vertex 39.4783 0.441076 0
    endloop
  endfacet
  facet normal 0 0 -1
    outer loop
      vertex 82 -49.2 0
      vertex 88.89 -44.09 0
      vertex 88.6519 -44.7553 0
    endloop
  endfacet
  facet normal 0 0 -1
    outer loop
      vertex 39.3062 1.30628 0
      vertex 89.2 42 0
      vertex 39.4135 0.877906 0
    endloop
  endfacet
  facet normal 0 0 -1
    outer loop
      vertex 82 -49.2 0
      vertex 88.6519 -44.7553 0
      vertex 88.3498 -45.394 0
    endloop
  endfacet
  facet normal 0 0 -1
    outer loop
      vertex 39.1575 1.72207 0
      vertex 89.2 42 0
      vertex 39.3062 1.30628 0
    endloop
  endfacet
  facet normal 0 0 -1
    outer loop
      vertex 82 -49.2 0
      vertex 88.3498 -45.394 0
      vertex 87.9866 -46.0001 0
    endloop
  endfacet
  facet normal 0 0 -1
    outer loop
      vertex 38.9686 2.12128 0
      vertex 89.2 42 0
      vertex 39.1575 1.72207 0
    endloop
  endfacet
  facet normal 0 0 -1
    outer loop
      vertex 82 -49.2 0
      vertex 87.9866 -46.0001 0
      vertex 87.5657 -46.5676 0
    endloop
  endfacet
  facet normal 0 0 -1
    outer loop
      vertex 38.7416 2.50007 0
      vertex 89.2 42 0
      vertex 38.9686 2.12128 0
    endloop
  endfacet
  facet normal 0 0 -1
    outer loop
      vertex 82 -49.2 0
      vertex 87.5657 -46.5676 0
      vertex 87.0912 -47.0912 0
    endloop
  endfacet
  facet normal 0 0 -1
    outer loop
      vertex 38.4785 2.85477 0
      vertex 89.2 42 0
      vertex 38.7416 2.50007 0
    endloop
  endfacet
  facet normal 0 0 -1
    outer loop
      vertex 82 -49.2 0
      vertex 87.0912 -47.0912 0
      vertex 86.5676 -47.5657 0
    endloop
  endfacet
  facet normal 0 -0 -1
    outer loop
      vertex 82 49.2 0
      vertex 89.2 42 0
      vertex 38.4785 2.85477 0
    endloop
  endfacet
  facet normal 0 0 -1
    outer loop
      vertex 82 -49.2 0
      vertex 86.5676 -47.5657 0
      vertex 86.0001 -47.9866 0
    endloop
  endfacet
  facet normal 0 0 -1
    outer loop
      vertex 89.1653 42.7057 0
      vertex 82 49.2 0
      vertex 89.0616 43.4046 0
    endloop
  endfacet
  facet normal 0 0 -1
    outer loop
      vertex 82 -49.2 0
      vertex 86.0001 -47.9866 0
      vertex 85.394 -48.3498 0
    endloop
  endfacet
  facet normal 0 0 -1
    outer loop
      vertex 89.0616 43.4046 0
      vertex 82 49.2 0
      vertex 88.89 44.09 0
    endloop
  endfacet
  facet normal 0 0 -1
    outer loop
      vertex 82 -49.2 0
      vertex 85.394 -48.3498 0
      vertex 84.7553 -48.6519 0
    endloop
  endfacet
  facet normal 0 0 -1
    outer loop
      vertex 88.6519 44.7553 0
      vertex 82 49.2 0
      vertex 88.3498 45.394 0
    endloop
  endfacet
  facet normal 0 0 -1
    outer loop
      vertex 82 -49.2 0
      vertex 84.7553 -48.6519 0
      vertex 84.09 -48.89 0
    endloop
  endfacet
  facet normal 0 0 -1
    outer loop
      vertex 87.9866 46.0001 0
      vertex 82 49.2 0
      vertex 87.5657 46.5676 0
    endloop
  endfacet
  facet normal 0 0 -1
    outer loop
      vertex 82 -49.2 0
      vertex 84.09 -48.89 0
      vertex 83.4046 -49.0616 0
    endloop
  endfacet
  facet normal 0 0 -1
    outer loop
      vertex 87.5657 46.5676 0
      vertex 82 49.2 0
      vertex 87.0912 47.0912 0
    endloop
  endfacet
  facet normal 0 0 -1
    outer loop
      vertex 82 -49.2 0
      vertex 83.4046 -49.0616 0
      vertex 82.7057 -49.1653 0
    endloop
  endfacet
  facet normal 0 0 -1
    outer loop
      vertex 86.5676 47.5657 0
      vertex 82 49.2 0
      vertex 86.0001 47.9866 0
    endloop
  endfacet
  facet normal -0 0 -1
    outer loop
      vertex 89.2 -42 0
      vertex 82 -49.2 0
      vertex 38.4785 -2.85477 0
    endloop
  endfacet
  facet normal 0 0 -1
    outer loop
      vertex 86.0001 47.9866 0
      vertex 82 49.2 0
      vertex 85.394 48.3498 0
    endloop
  endfacet
  facet normal 0 0 -1
    outer loop
      vertex 84.7553 48.6519 0
      vertex 82 49.2 0
      vertex 84.09 48.89 0
    endloop
  endfacet
  facet normal 0 0 -1
    outer loop
      vertex 89.2 -42 0
      vertex 39.4783 -0.441076 0
      vertex 39.5 0 0
    endloop
  endfacet
  facet normal 0 0 -1
    outer loop
      vertex 89.2 -42 0
      vertex 39.4135 -0.877906 0
      vertex 39.4783 -0.441076 0
    endloop
  endfacet
  facet normal 0 0 -1
    outer loop
      vertex 89.2 -42 0
      vertex 39.3062 -1.30628 0
      vertex 39.4135 -0.877906 0
    endloop
  endfacet
  facet normal 0 0 -1
    outer loop
      vertex 89.2 -42 0
      vertex 39.1575 -1.72207 0
      vertex 39.3062 -1.30628 0
    endloop
  endfacet
  facet normal 0 0 -1
    outer loop
      vertex 89.2 -42 0
      vertex 38.9686 -2.12128 0
      vertex 39.1575 -1.72207 0
    endloop
  endfacet
  facet normal 0 0 -1
    outer loop
      vertex 89.2 -42 0
      vertex 38.7416 -2.50007 0
      vertex 38.9686 -2.12128 0
    endloop
  endfacet
  facet normal 0 0 -1
    outer loop
      vertex 89.2 -42 0
      vertex 38.4785 -2.85477 0
      vertex 38.7416 -2.50007 0
    endloop
  endfacet
  facet normal 0 0 -1
    outer loop
      vertex 82 -49.2 0
      vertex 38.182 -3.18198 0
      vertex 38.4785 -2.85477 0
    endloop
  endfacet
  facet normal 0 0 -1
    outer loop
      vertex 82 -49.2 0
      vertex 37.8548 -3.47855 0
      vertex 38.182 -3.18198 0
    endloop
  endfacet
  facet normal 0 0 -1
    outer loop
      vertex 82 -49.2 0
      vertex 37.5001 -3.74161 0
      vertex 37.8548 -3.47855 0
    endloop
  endfacet
  facet normal 0 0 -1
    outer loop
      vertex 82 -49.2 0
      vertex 37.1213 -3.96865 0
      vertex 37.5001 -3.74161 0
    endloop
  endfacet
  facet normal 0 0 -1
    outer loop
      vertex 82 -49.2 0
      vertex 36.7221 -4.15746 0
      vertex 37.1213 -3.96865 0
    endloop
  endfacet
  facet normal 0 0 -1
    outer loop
      vertex 82 -49.2 0
      vertex 36.3063 -4.30623 0
      vertex 36.7221 -4.15746 0
    endloop
  endfacet
  facet normal 0 0 -1
    outer loop
      vertex 82 -49.2 0
      vertex 35.8779 -4.41353 0
      vertex 36.3063 -4.30623 0
    endloop
  endfacet
  facet normal 0 0 -1
    outer loop
      vertex 82 -49.2 0
      vertex 35.4411 -4.47833 0
      vertex 35.8779 -4.41353 0
    endloop
  endfacet
  facet normal 0 0 -1
    outer loop
      vertex 82 -49.2 0
      vertex 35 -4.5 0
      vertex 35.4411 -4.47833 0
    endloop
  endfacet
  facet normal 0 0 -1
    outer loop
      vertex 82 -49.2 0
      vertex 34.5589 -4.47833 0
      vertex 35 -4.5 0
    endloop
  endfacet
  facet normal 0 0 -1
    outer loop
      vertex 20.4411 -4.47833 0
      vertex 34.5589 -4.47833 0
      vertex 82 -49.2 0
    endloop
  endfacet
  facet normal 0 0 -1
    outer loop
      vertex 34.5589 -4.47833 0
      vertex 20.4411 -4.47833 0
      vertex 34.1221 -4.41353 0
    endloop
  endfacet
  facet normal 0 -0 -1
    outer loop
      vertex 20.8779 -4.41353 0
      vertex 34.1221 -4.41353 0
      vertex 20.4411 -4.47833 0
    endloop
  endfacet
  facet normal 0 -0 -1
    outer loop
      vertex 21.3063 -4.30623 0
      vertex 33.6937 -4.30623 0
      vertex 20.8779 -4.41353 0
    endloop
  endfacet
  facet normal 0 0 -1
    outer loop
      vertex 33.6937 -4.30623 0
      vertex 21.3063 -4.30623 0
      vertex 33.2779 -4.15746 0
    endloop
  endfacet
  facet normal 0 -0 -1
    outer loop
      vertex 21.7221 -4.15746 0
      vertex 33.2779 -4.15746 0
      vertex 21.3063 -4.30623 0
    endloop
  endfacet
  facet normal 0 0 -1
    outer loop
      vertex 33.2779 -4.15746 0
      vertex 21.7221 -4.15746 0
      vertex 32.8787 -3.96865 0
    endloop
  endfacet
  facet normal 0 0 -1
    outer loop
      vertex 30.5217 -0.441076 0
      vertex 24.5 0 0
      vertex 30.5 0 0
    endloop
  endfacet
  facet normal 0 0 -1
    outer loop
      vertex 24.4783 -0.441076 0
      vertex 30.5217 -0.441076 0
      vertex 30.5865 -0.877906 0
    endloop
  endfacet
  facet normal 0 0 -1
    outer loop
      vertex 24.4135 -0.877906 0
      vertex 30.5865 -0.877906 0
      vertex 30.6938 -1.30628 0
    endloop
  endfacet
  facet normal 0 0 -1
    outer loop
      vertex 24.3062 -1.30628 0
      vertex 30.6938 -1.30628 0
      vertex 30.8425 -1.72207 0
    endloop
  endfacet
  facet normal 0 0 -1
    outer loop
      vertex 24.1575 -1.72207 0
      vertex 30.8425 -1.72207 0
      vertex 31.0314 -2.12128 0
    endloop
  endfacet
  facet normal 0 0 -1
    outer loop
      vertex 23.9686 -2.12128 0
      vertex 31.0314 -2.12128 0
      vertex 31.2584 -2.50007 0
    endloop
  endfacet
  facet normal 0 0 -1
    outer loop
      vertex 23.7416 -2.50007 0
      vertex 31.2584 -2.50007 0
      vertex 31.5215 -2.85477 0
    endloop
  endfacet
  facet normal 0 0 -1
    outer loop
      vertex 23.4785 -2.85477 0
      vertex 31.5215 -2.85477 0
      vertex 31.818 -3.18198 0
    endloop
  endfacet
  facet normal 0 -0 -1
    outer loop
      vertex 22.1213 -3.96865 0
      vertex 32.8787 -3.96865 0
      vertex 21.7221 -4.15746 0
    endloop
  endfacet
  facet normal 0 0 -1
    outer loop
      vertex 30.5217 -0.441076 0
      vertex 24.4783 -0.441076 0
      vertex 24.5 0 0
    endloop
  endfacet
  facet normal 0 0 -1
    outer loop
      vertex 30.5865 -0.877906 0
      vertex 24.4135 -0.877906 0
      vertex 24.4783 -0.441076 0
    endloop
  endfacet
  facet normal 0 0 -1
    outer loop
      vertex 30.6938 -1.30628 0
      vertex 24.3062 -1.30628 0
      vertex 24.4135 -0.877906 0
    endloop
  endfacet
  facet normal 0 0 -1
    outer loop
      vertex 30.8425 -1.72207 0
      vertex 24.1575 -1.72207 0
      vertex 24.3062 -1.30628 0
    endloop
  endfacet
  facet normal 0 0 -1
    outer loop
      vertex 31.0314 -2.12128 0
      vertex 23.9686 -2.12128 0
      vertex 24.1575 -1.72207 0
    endloop
  endfacet
  facet normal 0 0 -1
    outer loop
      vertex 31.2584 -2.50007 0
      vertex 23.7416 -2.50007 0
      vertex 23.9686 -2.12128 0
    endloop
  endfacet
  facet normal 0 0 -1
    outer loop
      vertex 31.5215 -2.85477 0
      vertex 23.4785 -2.85477 0
      vertex 23.7416 -2.50007 0
    endloop
  endfacet
  facet normal 0 0 -1
    outer loop
      vertex 31.818 -3.18198 0
      vertex 23.182 -3.18198 0
      vertex 23.4785 -2.85477 0
    endloop
  endfacet
  facet normal -0 0 -1
    outer loop
      vertex 31.818 -3.18198 0
      vertex 22.8548 -3.47855 0
      vertex 23.182 -3.18198 0
    endloop
  endfacet
  facet normal 0 0 -1
    outer loop
      vertex 32.1452 -3.47855 0
      vertex 22.8548 -3.47855 0
      vertex 31.818 -3.18198 0
    endloop
  endfacet
  facet normal 0 -0 -1
    outer loop
      vertex 22.8548 -3.47855 0
      vertex 32.1452 -3.47855 0
      vertex 22.5001 -3.74161 0
    endloop
  endfacet
  facet normal 0 0 -1
    outer loop
      vertex 32.4999 -3.74161 0
      vertex 22.5001 -3.74161 0
      vertex 32.1452 -3.47855 0
    endloop
  endfacet
  facet normal 0 -0 -1
    outer loop
      vertex 22.5001 -3.74161 0
      vertex 32.4999 -3.74161 0
      vertex 22.1213 -3.96865 0
    endloop
  endfacet
  facet normal 0 0 -1
    outer loop
      vertex 32.8787 -3.96865 0
      vertex 22.1213 -3.96865 0
      vertex 32.4999 -3.74161 0
    endloop
  endfacet
  facet normal 0 0 -1
    outer loop
      vertex 34.1221 -4.41353 0
      vertex 20.8779 -4.41353 0
      vertex 33.6937 -4.30623 0
    endloop
  endfacet
  facet normal 0 0 -1
    outer loop
      vertex 82 -49.2 0
      vertex 20 -4.5 0
      vertex 20.4411 -4.47833 0
    endloop
  endfacet
  facet normal 0 0 -1
    outer loop
      vertex 82 -49.2 0
      vertex 19.5589 -4.47833 0
      vertex 20 -4.5 0
    endloop
  endfacet
  facet normal 0 0 -1
    outer loop
      vertex 82 -49.2 0
      vertex 19.1221 -4.41353 0
      vertex 19.5589 -4.47833 0
    endloop
  endfacet
  facet normal 0 0 -1
    outer loop
      vertex -82 -49.2 0
      vertex 19.1221 -4.41353 0
      vertex 82 -49.2 0
    endloop
  endfacet
  facet normal -0 0 -1
    outer loop
      vertex 19.1221 -4.41353 0
      vertex -82 -49.2 0
      vertex 18.6937 -4.30623 0
    endloop
  endfacet
  facet normal 0 -0 -1
    outer loop
      vertex -19.3952 -3.04043 0
      vertex 18.6937 -4.30623 0
      vertex -82 -49.2 0
    endloop
  endfacet
  facet normal 0 -0 -1
    outer loop
      vertex -19.1001 -2.96651 0
      vertex 18.6937 -4.30623 0
      vertex -19.3952 -3.04043 0
    endloop
  endfacet
  facet normal 0 0 -1
    outer loop
      vertex 15.5217 -0.441076 0
      vertex -16.9 0 0
      vertex 15.5 0 0
    endloop
  endfacet
  facet normal 0 0 -1
    outer loop
      vertex -16.9596 -0.604779 0
      vertex 15.5217 -0.441076 0
      vertex 15.5865 -0.877906 0
    endloop
  endfacet
  facet normal 0 0 -1
    outer loop
      vertex -17.0335 -0.899882 0
      vertex 15.5865 -0.877906 0
      vertex 15.6938 -1.30628 0
    endloop
  endfacet
  facet normal 0 0 -1
    outer loop
      vertex -17.136 -1.18632 0
      vertex 15.6938 -1.30628 0
      vertex 15.8425 -1.72207 0
    endloop
  endfacet
  facet normal 0 0 -1
    outer loop
      vertex -17.266 -1.46133 0
      vertex 15.8425 -1.72207 0
      vertex 16.0314 -2.12128 0
    endloop
  endfacet
  facet normal 0 0 -1
    outer loop
      vertex -17.4224 -1.72227 0
      vertex 16.0314 -2.12128 0
      vertex 16.2584 -2.50007 0
    endloop
  endfacet
  facet normal 0 0 -1
    outer loop
      vertex -17.6037 -1.96662 0
      vertex 16.2584 -2.50007 0
      vertex 16.5215 -2.85477 0
    endloop
  endfacet
  facet normal 0 0 -1
    outer loop
      vertex -17.808 -2.19203 0
      vertex 16.5215 -2.85477 0
      vertex 16.818 -3.18198 0
    endloop
  endfacet
  facet normal 0 0 -1
    outer loop
      vertex -18.0334 -2.39633 0
      vertex 16.818 -3.18198 0
      vertex 17.1452 -3.47855 0
    endloop
  endfacet
  facet normal 0 0 -1
    outer loop
      vertex -18.2777 -2.57756 0
      vertex 17.1452 -3.47855 0
      vertex 17.4999 -3.74161 0
    endloop
  endfacet
  facet normal 0 0 -1
    outer loop
      vertex 18.6937 -4.30623 0
      vertex -19.1001 -2.96651 0
      vertex 18.2779 -4.15746 0
    endloop
  endfacet
  facet normal 0 0 -1
    outer loop
      vertex 15.5217 -0.441076 0
      vertex -16.9149 -0.303853 0
      vertex -16.9 0 0
    endloop
  endfacet
  facet normal -0 0 -1
    outer loop
      vertex 15.5217 -0.441076 0
      vertex -16.9596 -0.604779 0
      vertex -16.9149 -0.303853 0
    endloop
  endfacet
  facet normal -0 0 -1
    outer loop
      vertex 15.5865 -0.877906 0
      vertex -17.0335 -0.899882 0
      vertex -16.9596 -0.604779 0
    endloop
  endfacet
  facet normal 0 0 -1
    outer loop
      vertex 15.6938 -1.30628 0
      vertex -17.136 -1.18632 0
      vertex -17.0335 -0.899882 0
    endloop
  endfacet
  facet normal 0 0 -1
    outer loop
      vertex 15.8425 -1.72207 0
      vertex -17.266 -1.46133 0
      vertex -17.136 -1.18632 0
    endloop
  endfacet
  facet normal 0 0 -1
    outer loop
      vertex 16.0314 -2.12128 0
      vertex -17.4224 -1.72227 0
      vertex -17.266 -1.46133 0
    endloop
  endfacet
  facet normal 0 0 -1
    outer loop
      vertex 16.2584 -2.50007 0
      vertex -17.6037 -1.96662 0
      vertex -17.4224 -1.72227 0
    endloop
  endfacet
  facet normal 0 0 -1
    outer loop
      vertex 16.5215 -2.85477 0
      vertex -17.808 -2.19203 0
      vertex -17.6037 -1.96662 0
    endloop
  endfacet
  facet normal 0 0 -1
    outer loop
      vertex 16.818 -3.18198 0
      vertex -18.0334 -2.39633 0
      vertex -17.808 -2.19203 0
    endloop
  endfacet
  facet normal 0 0 -1
    outer loop
      vertex 17.1452 -3.47855 0
      vertex -18.2777 -2.57756 0
      vertex -18.0334 -2.39633 0
    endloop
  endfacet
  facet normal 0 0 -1
    outer loop
      vertex 17.4999 -3.74161 0
      vertex -18.5387 -2.73396 0
      vertex -18.2777 -2.57756 0
    endloop
  endfacet
  facet normal 0 0 -1
    outer loop
      vertex 17.8787 -3.96865 0
      vertex -18.5387 -2.73396 0
      vertex 17.4999 -3.74161 0
    endloop
  endfacet
  facet normal 0 -0 -1
    outer loop
      vertex -18.5387 -2.73396 0
      vertex 17.8787 -3.96865 0
      vertex -18.8137 -2.86403 0
    endloop
  endfacet
  facet normal 0 0 -1
    outer loop
      vertex 18.2779 -4.15746 0
      vertex -18.8137 -2.86403 0
      vertex 17.8787 -3.96865 0
    endloop
  endfacet
  facet normal 0 -0 -1
    outer loop
      vertex -18.8137 -2.86403 0
      vertex 18.2779 -4.15746 0
      vertex -19.1001 -2.96651 0
    endloop
  endfacet
  facet normal 0 0 -1
    outer loop
      vertex -19.3952 -3.04043 0
      vertex -82 -49.2 0
      vertex -19.6961 -3.08507 0
    endloop
  endfacet
  facet normal 0 0 -1
    outer loop
      vertex -19.6961 -3.08507 0
      vertex -82 -49.2 0
      vertex -20 -3.1 0
    endloop
  endfacet
  facet normal -0 0 -1
    outer loop
      vertex -20 -3.1 0
      vertex -82 -49.2 0
      vertex -20.3039 -3.08507 0
    endloop
  endfacet
  facet normal 0 -0 -1
    outer loop
      vertex -34.6961 -3.08507 0
      vertex -20.3039 -3.08507 0
      vertex -82 -49.2 0
    endloop
  endfacet
  facet normal 0 0 -1
    outer loop
      vertex -20.3039 -3.08507 0
      vertex -34.6961 -3.08507 0
      vertex -20.6048 -3.04043 0
    endloop
  endfacet
  facet normal 0 0 -1
    outer loop
      vertex -23.0851 -0.303853 0
      vertex -31.9 0 0
      vertex -23.1 0 0
    endloop
  endfacet
  facet normal 0 0 -1
    outer loop
      vertex -31.9149 -0.303853 0
      vertex -23.0851 -0.303853 0
      vertex -23.0404 -0.604779 0
    endloop
  endfacet
  facet normal 0 0 -1
    outer loop
      vertex -31.9596 -0.604779 0
      vertex -23.0404 -0.604779 0
      vertex -22.9665 -0.899882 0
    endloop
  endfacet
  facet normal 0 0 -1
    outer loop
      vertex -32.0335 -0.899882 0
      vertex -22.9665 -0.899882 0
      vertex -22.864 -1.18632 0
    endloop
  endfacet
  facet normal 0 0 -1
    outer loop
      vertex -32.136 -1.18632 0
      vertex -22.864 -1.18632 0
      vertex -22.734 -1.46133 0
    endloop
  endfacet
  facet normal 0 0 -1
    outer loop
      vertex -32.266 -1.46133 0
      vertex -22.734 -1.46133 0
      vertex -22.5776 -1.72227 0
    endloop
  endfacet
  facet normal 0 0 -1
    outer loop
      vertex -32.4224 -1.72227 0
      vertex -22.5776 -1.72227 0
      vertex -22.3963 -1.96662 0
    endloop
  endfacet
  facet normal 0 0 -1
    outer loop
      vertex -32.6037 -1.96662 0
      vertex -22.3963 -1.96662 0
      vertex -22.192 -2.19203 0
    endloop
  endfacet
  facet normal 0 0 -1
    outer loop
      vertex -32.808 -2.19203 0
      vertex -22.192 -2.19203 0
      vertex -21.9666 -2.39633 0
    endloop
  endfacet
  facet normal 0 0 -1
    outer loop
      vertex -33.0334 -2.39633 0
      vertex -21.9666 -2.39633 0
      vertex -21.7223 -2.57756 0
    endloop
  endfacet
  facet normal 0 0 -1
    outer loop
      vertex -33.2777 -2.57756 0
      vertex -21.7223 -2.57756 0
      vertex -21.4613 -2.73396 0
    endloop
  endfacet
  facet normal 0 0 -1
    outer loop
      vertex -33.5387 -2.73396 0
      vertex -21.4613 -2.73396 0
      vertex -21.1863 -2.86403 0
    endloop
  endfacet
  facet normal 0 -0 -1
    outer loop
      vertex -34.3952 -3.04043 0
      vertex -20.6048 -3.04043 0
      vertex -34.6961 -3.08507 0
    endloop
  endfacet
  facet normal 0 0 -1
    outer loop
      vertex -23.0851 -0.303853 0
      vertex -31.9149 -0.303853 0
      vertex -31.9 0 0
    endloop
  endfacet
  facet normal 0 0 -1
    outer loop
      vertex -23.0404 -0.604779 0
      vertex -31.9596 -0.604779 0
      vertex -31.9149 -0.303853 0
    endloop
  endfacet
  facet normal 0 0 -1
    outer loop
      vertex -22.9665 -0.899882 0
      vertex -32.0335 -0.899882 0
      vertex -31.9596 -0.604779 0
    endloop
  endfacet
  facet normal 0 0 -1
    outer loop
      vertex -22.864 -1.18632 0
      vertex -32.136 -1.18632 0
      vertex -32.0335 -0.899882 0
    endloop
  endfacet
  facet normal 0 0 -1
    outer loop
      vertex -22.734 -1.46133 0
      vertex -32.266 -1.46133 0
      vertex -32.136 -1.18632 0
    endloop
  endfacet
  facet normal 0 0 -1
    outer loop
      vertex -22.5776 -1.72227 0
      vertex -32.4224 -1.72227 0
      vertex -32.266 -1.46133 0
    endloop
  endfacet
  facet normal 0 0 -1
    outer loop
      vertex -22.3963 -1.96662 0
      vertex -32.6037 -1.96662 0
      vertex -32.4224 -1.72227 0
    endloop
  endfacet
  facet normal 0 0 -1
    outer loop
      vertex -22.192 -2.19203 0
      vertex -32.808 -2.19203 0
      vertex -32.6037 -1.96662 0
    endloop
  endfacet
  facet normal 0 0 -1
    outer loop
      vertex -21.9666 -2.39633 0
      vertex -33.0334 -2.39633 0
      vertex -32.808 -2.19203 0
    endloop
  endfacet
  facet normal 0 0 -1
    outer loop
      vertex -21.7223 -2.57756 0
      vertex -33.2777 -2.57756 0
      vertex -33.0334 -2.39633 0
    endloop
  endfacet
  facet normal 0 0 -1
    outer loop
      vertex -21.4613 -2.73396 0
      vertex -33.5387 -2.73396 0
      vertex -33.2777 -2.57756 0
    endloop
  endfacet
  facet normal 0 0 -1
    outer loop
      vertex -21.1863 -2.86403 0
      vertex -33.8137 -2.86403 0
      vertex -33.5387 -2.73396 0
    endloop
  endfacet
  facet normal 0 0 -1
    outer loop
      vertex -20.6048 -3.04043 0
      vertex -34.3952 -3.04043 0
      vertex -20.8999 -2.96651 0
    endloop
  endfacet
  facet normal -0 0 -1
    outer loop
      vertex -21.1863 -2.86403 0
      vertex -34.1001 -2.96651 0
      vertex -33.8137 -2.86403 0
    endloop
  endfacet
  facet normal 0 0 -1
    outer loop
      vertex -20.8999 -2.96651 0
      vertex -34.1001 -2.96651 0
      vertex -21.1863 -2.86403 0
    endloop
  endfacet
  facet normal 0 -0 -1
    outer loop
      vertex -34.1001 -2.96651 0
      vertex -20.8999 -2.96651 0
      vertex -34.3952 -3.04043 0
    endloop
  endfacet
  facet normal 0 0 -1
    outer loop
      vertex -34.6961 -3.08507 0
      vertex -82 -49.2 0
      vertex -35 -3.1 0
    endloop
  endfacet
  facet normal -0 0 -1
    outer loop
      vertex -35 -3.1 0
      vertex -82 -49.2 0
      vertex -35.3039 -3.08507 0
    endloop
  endfacet
  facet normal -0 0 -1
    outer loop
      vertex -35.3039 -3.08507 0
      vertex -82 -49.2 0
      vertex -35.6048 -3.04043 0
    endloop
  endfacet
  facet normal -0 0 -1
    outer loop
      vertex -35.6048 -3.04043 0
      vertex -82 -49.2 0
      vertex -35.8999 -2.96651 0
    endloop
  endfacet
  facet normal -0 0 -1
    outer loop
      vertex -38.0404 -0.604779 0
      vertex -89.2 -42 0
      vertex -38.0851 -0.303853 0
    endloop
  endfacet
  facet normal -0 0 -1
    outer loop
      vertex -37.9665 -0.899882 0
      vertex -89.2 -42 0
      vertex -38.0404 -0.604779 0
    endloop
  endfacet
  facet normal -0 0 -1
    outer loop
      vertex -37.864 -1.18632 0
      vertex -89.2 -42 0
      vertex -37.9665 -0.899882 0
    endloop
  endfacet
  facet normal -0 0 -1
    outer loop
      vertex -37.734 -1.46133 0
      vertex -89.2 -42 0
      vertex -37.864 -1.18632 0
    endloop
  endfacet
  facet normal -0 0 -1
    outer loop
      vertex -37.5776 -1.72227 0
      vertex -89.2 -42 0
      vertex -37.734 -1.46133 0
    endloop
  endfacet
  facet normal -0 0 -1
    outer loop
      vertex -37.3963 -1.96662 0
      vertex -89.2 -42 0
      vertex -37.5776 -1.72227 0
    endloop
  endfacet
  facet normal 0 0 -1
    outer loop
      vertex -89.2 -42 0
      vertex -37.3963 -1.96662 0
      vertex -82 -49.2 0
    endloop
  endfacet
  facet normal -0 0 -1
    outer loop
      vertex -37.192 -2.19203 0
      vertex -82 -49.2 0
      vertex -37.3963 -1.96662 0
    endloop
  endfacet
  facet normal -0 0 -1
    outer loop
      vertex -36.9666 -2.39633 0
      vertex -82 -49.2 0
      vertex -37.192 -2.19203 0
    endloop
  endfacet
  facet normal -0 0 -1
    outer loop
      vertex -36.7223 -2.57756 0
      vertex -82 -49.2 0
      vertex -36.9666 -2.39633 0
    endloop
  endfacet
  facet normal -0 0 -1
    outer loop
      vertex -36.4613 -2.73396 0
      vertex -82 -49.2 0
      vertex -36.7223 -2.57756 0
    endloop
  endfacet
  facet normal -0 0 -1
    outer loop
      vertex -36.1863 -2.86403 0
      vertex -82 -49.2 0
      vertex -36.4613 -2.73396 0
    endloop
  endfacet
  facet normal -0 0 -1
    outer loop
      vertex -35.8999 -2.96651 0
      vertex -82 -49.2 0
      vertex -36.1863 -2.86403 0
    endloop
  endfacet
  facet normal 0 0 -1
    outer loop
      vertex 84.09 48.89 0
      vertex 82 49.2 0
      vertex 83.4046 49.0616 0
    endloop
  endfacet
  facet normal 0 0 -1
    outer loop
      vertex 83.4046 49.0616 0
      vertex 82 49.2 0
      vertex 82.7057 49.1653 0
    endloop
  endfacet
  facet normal 0 0 -1
    outer loop
      vertex 85.394 48.3498 0
      vertex 82 49.2 0
      vertex 84.7553 48.6519 0
    endloop
  endfacet
  facet normal 0 0 -1
    outer loop
      vertex 87.0912 47.0912 0
      vertex 82 49.2 0
      vertex 86.5676 47.5657 0
    endloop
  endfacet
  facet normal 0 0 -1
    outer loop
      vertex 88.3498 45.394 0
      vertex 82 49.2 0
      vertex 87.9866 46.0001 0
    endloop
  endfacet
  facet normal 0 0 -1
    outer loop
      vertex 88.89 44.09 0
      vertex 82 49.2 0
      vertex 88.6519 44.7553 0
    endloop
  endfacet
  facet normal 0 0 -1
    outer loop
      vertex 89.2 42 0
      vertex 82 49.2 0
      vertex 89.1653 42.7057 0
    endloop
  endfacet
  facet normal 0 0 -1
    outer loop
      vertex 38.182 3.18198 0
      vertex 82 49.2 0
      vertex 38.4785 2.85477 0
    endloop
  endfacet
  facet normal 0 0 -1
    outer loop
      vertex 37.8548 3.47855 0
      vertex 82 49.2 0
      vertex 38.182 3.18198 0
    endloop
  endfacet
  facet normal 0 0 -1
    outer loop
      vertex 37.5001 3.74161 0
      vertex 82 49.2 0
      vertex 37.8548 3.47855 0
    endloop
  endfacet
  facet normal 0 0 -1
    outer loop
      vertex 37.1213 3.96865 0
      vertex 82 49.2 0
      vertex 37.5001 3.74161 0
    endloop
  endfacet
  facet normal 0 0 -1
    outer loop
      vertex 36.7221 4.15746 0
      vertex 82 49.2 0
      vertex 37.1213 3.96865 0
    endloop
  endfacet
  facet normal 0 0 -1
    outer loop
      vertex 36.3063 4.30623 0
      vertex 82 49.2 0
      vertex 36.7221 4.15746 0
    endloop
  endfacet
  facet normal 0 0 -1
    outer loop
      vertex 35.8779 4.41353 0
      vertex 82 49.2 0
      vertex 36.3063 4.30623 0
    endloop
  endfacet
  facet normal 0 0 -1
    outer loop
      vertex 35.4411 4.47833 0
      vertex 82 49.2 0
      vertex 35.8779 4.41353 0
    endloop
  endfacet
  facet normal 0 0 -1
    outer loop
      vertex 35 4.5 0
      vertex 82 49.2 0
      vertex 35.4411 4.47833 0
    endloop
  endfacet
  facet normal 0 0 -1
    outer loop
      vertex 34.5589 4.47833 0
      vertex 82 49.2 0
      vertex 35 4.5 0
    endloop
  endfacet
  facet normal 0 0 -1
    outer loop
      vertex 20.4411 4.47833 0
      vertex 34.5589 4.47833 0
      vertex 34.1221 4.41353 0
    endloop
  endfacet
  facet normal 0 0 -1
    outer loop
      vertex 20.8779 4.41353 0
      vertex 34.1221 4.41353 0
      vertex 33.6937 4.30623 0
    endloop
  endfacet
  facet normal 0 0 -1
    outer loop
      vertex 21.3063 4.30623 0
      vertex 33.6937 4.30623 0
      vertex 33.2779 4.15746 0
    endloop
  endfacet
  facet normal 0 0 -1
    outer loop
      vertex 21.7221 4.15746 0
      vertex 33.2779 4.15746 0
      vertex 32.8787 3.96865 0
    endloop
  endfacet
  facet normal 0 0 -1
    outer loop
      vertex 22.1213 3.96865 0
      vertex 32.8787 3.96865 0
      vertex 32.4999 3.74161 0
    endloop
  endfacet
  facet normal 0 0 -1
    outer loop
      vertex 22.5001 3.74161 0
      vertex 32.4999 3.74161 0
      vertex 32.1452 3.47855 0
    endloop
  endfacet
  facet normal 0 0 -1
    outer loop
      vertex 22.8548 3.47855 0
      vertex 32.1452 3.47855 0
      vertex 31.818 3.18198 0
    endloop
  endfacet
  facet normal 0 0 -1
    outer loop
      vertex 24.5 0 0
      vertex 30.5217 0.441076 0
      vertex 30.5 0 0
    endloop
  endfacet
  facet normal 0 0 -1
    outer loop
      vertex 24.4783 0.441076 0
      vertex 30.5217 0.441076 0
      vertex 24.5 0 0
    endloop
  endfacet
  facet normal 0 0 -1
    outer loop
      vertex 30.5217 0.441076 0
      vertex 24.4783 0.441076 0
      vertex 30.5865 0.877906 0
    endloop
  endfacet
  facet normal 0 0 -1
    outer loop
      vertex 24.4135 0.877906 0
      vertex 30.5865 0.877906 0
      vertex 24.4783 0.441076 0
    endloop
  endfacet
  facet normal 0 0 -1
    outer loop
      vertex 30.5865 0.877906 0
      vertex 24.4135 0.877906 0
      vertex 30.6938 1.30628 0
    endloop
  endfacet
  facet normal 0 0 -1
    outer loop
      vertex 24.3062 1.30628 0
      vertex 30.6938 1.30628 0
      vertex 24.4135 0.877906 0
    endloop
  endfacet
  facet normal 0 0 -1
    outer loop
      vertex 30.6938 1.30628 0
      vertex 24.3062 1.30628 0
      vertex 30.8425 1.72207 0
    endloop
  endfacet
  facet normal 0 0 -1
    outer loop
      vertex 24.1575 1.72207 0
      vertex 30.8425 1.72207 0
      vertex 24.3062 1.30628 0
    endloop
  endfacet
  facet normal 0 0 -1
    outer loop
      vertex 30.8425 1.72207 0
      vertex 24.1575 1.72207 0
      vertex 31.0314 2.12128 0
    endloop
  endfacet
  facet normal 0 0 -1
    outer loop
      vertex 23.9686 2.12128 0
      vertex 31.0314 2.12128 0
      vertex 24.1575 1.72207 0
    endloop
  endfacet
  facet normal 0 0 -1
    outer loop
      vertex 31.0314 2.12128 0
      vertex 23.9686 2.12128 0
      vertex 31.2584 2.50007 0
    endloop
  endfacet
  facet normal 0 0 -1
    outer loop
      vertex 23.7416 2.50007 0
      vertex 31.2584 2.50007 0
      vertex 23.9686 2.12128 0
    endloop
  endfacet
  facet normal 0 0 -1
    outer loop
      vertex 31.2584 2.50007 0
      vertex 23.7416 2.50007 0
      vertex 31.5215 2.85477 0
    endloop
  endfacet
  facet normal 0 0 -1
    outer loop
      vertex 23.4785 2.85477 0
      vertex 31.5215 2.85477 0
      vertex 23.7416 2.50007 0
    endloop
  endfacet
  facet normal 0 0 -1
    outer loop
      vertex 31.5215 2.85477 0
      vertex 23.4785 2.85477 0
      vertex 31.818 3.18198 0
    endloop
  endfacet
  facet normal 0 0 -1
    outer loop
      vertex 23.182 3.18198 0
      vertex 31.818 3.18198 0
      vertex 23.4785 2.85477 0
    endloop
  endfacet
  facet normal 0 0 -1
    outer loop
      vertex 22.8548 3.47855 0
      vertex 31.818 3.18198 0
      vertex 23.182 3.18198 0
    endloop
  endfacet
  facet normal 0 0 -1
    outer loop
      vertex 32.1452 3.47855 0
      vertex 22.8548 3.47855 0
      vertex 22.5001 3.74161 0
    endloop
  endfacet
  facet normal 0 0 -1
    outer loop
      vertex 32.4999 3.74161 0
      vertex 22.5001 3.74161 0
      vertex 22.1213 3.96865 0
    endloop
  endfacet
  facet normal 0 0 -1
    outer loop
      vertex 32.8787 3.96865 0
      vertex 22.1213 3.96865 0
      vertex 21.7221 4.15746 0
    endloop
  endfacet
  facet normal 0 0 -1
    outer loop
      vertex 33.2779 4.15746 0
      vertex 21.7221 4.15746 0
      vertex 21.3063 4.30623 0
    endloop
  endfacet
  facet normal 0 0 -1
    outer loop
      vertex 33.6937 4.30623 0
      vertex 21.3063 4.30623 0
      vertex 20.8779 4.41353 0
    endloop
  endfacet
  facet normal 0 0 -1
    outer loop
      vertex 34.1221 4.41353 0
      vertex 20.8779 4.41353 0
      vertex 20.4411 4.47833 0
    endloop
  endfacet
  facet normal 0 0 -1
    outer loop
      vertex 34.5589 4.47833 0
      vertex 20.4411 4.47833 0
      vertex 82 49.2 0
    endloop
  endfacet
  facet normal 0 0 -1
    outer loop
      vertex 20 4.5 0
      vertex 82 49.2 0
      vertex 20.4411 4.47833 0
    endloop
  endfacet
  facet normal 0 0 -1
    outer loop
      vertex 19.5589 4.47833 0
      vertex 82 49.2 0
      vertex 20 4.5 0
    endloop
  endfacet
  facet normal 0 0 -1
    outer loop
      vertex 19.1221 4.41353 0
      vertex 82 49.2 0
      vertex 19.5589 4.47833 0
    endloop
  endfacet
  facet normal 0 0 -1
    outer loop
      vertex -82 49.2 0
      vertex 19.1221 4.41353 0
      vertex 18.6937 4.30623 0
    endloop
  endfacet
  facet normal 0 0 -1
    outer loop
      vertex -19.1001 2.96651 0
      vertex 18.6937 4.30623 0
      vertex 18.2779 4.15746 0
    endloop
  endfacet
  facet normal 0 0 -1
    outer loop
      vertex -18.8137 2.86403 0
      vertex 18.2779 4.15746 0
      vertex 17.8787 3.96865 0
    endloop
  endfacet
  facet normal 0 0 -1
    outer loop
      vertex -18.5387 2.73396 0
      vertex 17.8787 3.96865 0
      vertex 17.4999 3.74161 0
    endloop
  endfacet
  facet normal 0 0 -1
    outer loop
      vertex -16.9 0 0
      vertex 15.5217 0.441076 0
      vertex 15.5 0 0
    endloop
  endfacet
  facet normal 0 0 -1
    outer loop
      vertex -16.9149 0.303853 0
      vertex 15.5217 0.441076 0
      vertex -16.9 0 0
    endloop
  endfacet
  facet normal 0 0 -1
    outer loop
      vertex -16.9596 0.604779 0
      vertex 15.5217 0.441076 0
      vertex -16.9149 0.303853 0
    endloop
  endfacet
  facet normal 0 0 -1
    outer loop
      vertex 15.5217 0.441076 0
      vertex -16.9596 0.604779 0
      vertex 15.5865 0.877906 0
    endloop
  endfacet
  facet normal 0 0 -1
    outer loop
      vertex -17.0335 0.899882 0
      vertex 15.5865 0.877906 0
      vertex -16.9596 0.604779 0
    endloop
  endfacet
  facet normal 0 0 -1
    outer loop
      vertex 15.5865 0.877906 0
      vertex -17.0335 0.899882 0
      vertex 15.6938 1.30628 0
    endloop
  endfacet
  facet normal 0 0 -1
    outer loop
      vertex -17.136 1.18632 0
      vertex 15.6938 1.30628 0
      vertex -17.0335 0.899882 0
    endloop
  endfacet
  facet normal -0 0 -1
    outer loop
      vertex 15.6938 1.30628 0
      vertex -17.136 1.18632 0
      vertex 15.8425 1.72207 0
    endloop
  endfacet
  facet normal 0 0 -1
    outer loop
      vertex -17.266 1.46133 0
      vertex 15.8425 1.72207 0
      vertex -17.136 1.18632 0
    endloop
  endfacet
  facet normal -0 0 -1
    outer loop
      vertex 15.8425 1.72207 0
      vertex -17.266 1.46133 0
      vertex 16.0314 2.12128 0
    endloop
  endfacet
  facet normal 0 0 -1
    outer loop
      vertex -17.4224 1.72227 0
      vertex 16.0314 2.12128 0
      vertex -17.266 1.46133 0
    endloop
  endfacet
  facet normal -0 0 -1
    outer loop
      vertex 16.0314 2.12128 0
      vertex -17.4224 1.72227 0
      vertex 16.2584 2.50007 0
    endloop
  endfacet
  facet normal 0 0 -1
    outer loop
      vertex -17.6037 1.96662 0
      vertex 16.2584 2.50007 0
      vertex -17.4224 1.72227 0
    endloop
  endfacet
  facet normal -0 0 -1
    outer loop
      vertex 16.2584 2.50007 0
      vertex -17.6037 1.96662 0
      vertex 16.5215 2.85477 0
    endloop
  endfacet
  facet normal 0 0 -1
    outer loop
      vertex -17.808 2.19203 0
      vertex 16.5215 2.85477 0
      vertex -17.6037 1.96662 0
    endloop
  endfacet
  facet normal -0 0 -1
    outer loop
      vertex 16.5215 2.85477 0
      vertex -17.808 2.19203 0
      vertex 16.818 3.18198 0
    endloop
  endfacet
  facet normal 0 0 -1
    outer loop
      vertex -18.0334 2.39633 0
      vertex 16.818 3.18198 0
      vertex -17.808 2.19203 0
    endloop
  endfacet
  facet normal -0 0 -1
    outer loop
      vertex 16.818 3.18198 0
      vertex -18.0334 2.39633 0
      vertex 17.1452 3.47855 0
    endloop
  endfacet
  facet normal 0 0 -1
    outer loop
      vertex -18.2777 2.57756 0
      vertex 17.1452 3.47855 0
      vertex -18.0334 2.39633 0
    endloop
  endfacet
  facet normal -0 0 -1
    outer loop
      vertex 17.1452 3.47855 0
      vertex -18.2777 2.57756 0
      vertex 17.4999 3.74161 0
    endloop
  endfacet
  facet normal 0 0 -1
    outer loop
      vertex -18.5387 2.73396 0
      vertex 17.4999 3.74161 0
      vertex -18.2777 2.57756 0
    endloop
  endfacet
  facet normal 0 0 -1
    outer loop
      vertex 17.8787 3.96865 0
      vertex -18.5387 2.73396 0
      vertex -18.8137 2.86403 0
    endloop
  endfacet
  facet normal 0 0 -1
    outer loop
      vertex 18.2779 4.15746 0
      vertex -18.8137 2.86403 0
      vertex -19.1001 2.96651 0
    endloop
  endfacet
  facet normal 0 0 -1
    outer loop
      vertex 18.6937 4.30623 0
      vertex -19.1001 2.96651 0
      vertex -19.3952 3.04043 0
    endloop
  endfacet
  facet normal -0 0 -1
    outer loop
      vertex 18.6937 4.30623 0
      vertex -19.3952 3.04043 0
      vertex -82 49.2 0
    endloop
  endfacet
  facet normal 0 0 -1
    outer loop
      vertex -82 49.2 0
      vertex -19.3952 3.04043 0
      vertex -19.6961 3.08507 0
    endloop
  endfacet
  facet normal 0 0 -1
    outer loop
      vertex -82 49.2 0
      vertex -19.6961 3.08507 0
      vertex -20 3.1 0
    endloop
  endfacet
  facet normal 0 0 -1
    outer loop
      vertex -82 49.2 0
      vertex -20 3.1 0
      vertex -20.3039 3.08507 0
    endloop
  endfacet
  facet normal 0 0 -1
    outer loop
      vertex -34.6961 3.08507 0
      vertex -20.3039 3.08507 0
      vertex -20.6048 3.04043 0
    endloop
  endfacet
  facet normal 0 0 -1
    outer loop
      vertex -34.3952 3.04043 0
      vertex -20.6048 3.04043 0
      vertex -20.8999 2.96651 0
    endloop
  endfacet
  facet normal 0 0 -1
    outer loop
      vertex -34.1001 2.96651 0
      vertex -20.8999 2.96651 0
      vertex -21.1863 2.86403 0
    endloop
  endfacet
  facet normal 0 0 -1
    outer loop
      vertex -31.9 0 0
      vertex -23.0851 0.303853 0
      vertex -23.1 0 0
    endloop
  endfacet
  facet normal 0 0 -1
    outer loop
      vertex -31.9149 0.303853 0
      vertex -23.0851 0.303853 0
      vertex -31.9 0 0
    endloop
  endfacet
  facet normal 0 0 -1
    outer loop
      vertex -23.0851 0.303853 0
      vertex -31.9149 0.303853 0
      vertex -23.0404 0.604779 0
    endloop
  endfacet
  facet normal 0 0 -1
    outer loop
      vertex -31.9596 0.604779 0
      vertex -23.0404 0.604779 0
      vertex -31.9149 0.303853 0
    endloop
  endfacet
  facet normal 0 0 -1
    outer loop
      vertex -23.0404 0.604779 0
      vertex -31.9596 0.604779 0
      vertex -22.9665 0.899882 0
    endloop
  endfacet
  facet normal 0 0 -1
    outer loop
      vertex -32.0335 0.899882 0
      vertex -22.9665 0.899882 0
      vertex -31.9596 0.604779 0
    endloop
  endfacet
  facet normal 0 0 -1
    outer loop
      vertex -22.9665 0.899882 0
      vertex -32.0335 0.899882 0
      vertex -22.864 1.18632 0
    endloop
  endfacet
  facet normal 0 0 -1
    outer loop
      vertex -32.136 1.18632 0
      vertex -22.864 1.18632 0
      vertex -32.0335 0.899882 0
    endloop
  endfacet
  facet normal 0 0 -1
    outer loop
      vertex -22.864 1.18632 0
      vertex -32.136 1.18632 0
      vertex -22.734 1.46133 0
    endloop
  endfacet
  facet normal 0 0 -1
    outer loop
      vertex -32.266 1.46133 0
      vertex -22.734 1.46133 0
      vertex -32.136 1.18632 0
    endloop
  endfacet
  facet normal 0 0 -1
    outer loop
      vertex -22.734 1.46133 0
      vertex -32.266 1.46133 0
      vertex -22.5776 1.72227 0
    endloop
  endfacet
  facet normal 0 0 -1
    outer loop
      vertex -32.4224 1.72227 0
      vertex -22.5776 1.72227 0
      vertex -32.266 1.46133 0
    endloop
  endfacet
  facet normal 0 0 -1
    outer loop
      vertex -22.5776 1.72227 0
      vertex -32.4224 1.72227 0
      vertex -22.3963 1.96662 0
    endloop
  endfacet
  facet normal 0 0 -1
    outer loop
      vertex -32.6037 1.96662 0
      vertex -22.3963 1.96662 0
      vertex -32.4224 1.72227 0
    endloop
  endfacet
  facet normal 0 0 -1
    outer loop
      vertex -22.3963 1.96662 0
      vertex -32.6037 1.96662 0
      vertex -22.192 2.19203 0
    endloop
  endfacet
  facet normal 0 0 -1
    outer loop
      vertex -32.808 2.19203 0
      vertex -22.192 2.19203 0
      vertex -32.6037 1.96662 0
    endloop
  endfacet
  facet normal 0 0 -1
    outer loop
      vertex -22.192 2.19203 0
      vertex -32.808 2.19203 0
      vertex -21.9666 2.39633 0
    endloop
  endfacet
  facet normal 0 0 -1
    outer loop
      vertex -33.0334 2.39633 0
      vertex -21.9666 2.39633 0
      vertex -32.808 2.19203 0
    endloop
  endfacet
  facet normal 0 0 -1
    outer loop
      vertex -21.9666 2.39633 0
      vertex -33.0334 2.39633 0
      vertex -21.7223 2.57756 0
    endloop
  endfacet
  facet normal 0 0 -1
    outer loop
      vertex -33.2777 2.57756 0
      vertex -21.7223 2.57756 0
      vertex -33.0334 2.39633 0
    endloop
  endfacet
  facet normal 0 0 -1
    outer loop
      vertex -21.7223 2.57756 0
      vertex -33.2777 2.57756 0
      vertex -21.4613 2.73396 0
    endloop
  endfacet
  facet normal 0 0 -1
    outer loop
      vertex -33.5387 2.73396 0
      vertex -21.4613 2.73396 0
      vertex -33.2777 2.57756 0
    endloop
  endfacet
  facet normal 0 0 -1
    outer loop
      vertex -21.4613 2.73396 0
      vertex -33.5387 2.73396 0
      vertex -21.1863 2.86403 0
    endloop
  endfacet
  facet normal 0 0 -1
    outer loop
      vertex -33.8137 2.86403 0
      vertex -21.1863 2.86403 0
      vertex -33.5387 2.73396 0
    endloop
  endfacet
  facet normal 0 0 -1
    outer loop
      vertex -34.1001 2.96651 0
      vertex -21.1863 2.86403 0
      vertex -33.8137 2.86403 0
    endloop
  endfacet
  facet normal 0 0 -1
    outer loop
      vertex -20.8999 2.96651 0
      vertex -34.1001 2.96651 0
      vertex -34.3952 3.04043 0
    endloop
  endfacet
  facet normal 0 0 -1
    outer loop
      vertex -20.6048 3.04043 0
      vertex -34.3952 3.04043 0
      vertex -34.6961 3.08507 0
    endloop
  endfacet
  facet normal 0 0 -1
    outer loop
      vertex -20.3039 3.08507 0
      vertex -34.6961 3.08507 0
      vertex -82 49.2 0
    endloop
  endfacet
  facet normal 0 0 -1
    outer loop
      vertex -82 49.2 0
      vertex -34.6961 3.08507 0
      vertex -35 3.1 0
    endloop
  endfacet
  facet normal 0 0 -1
    outer loop
      vertex -82 49.2 0
      vertex -35 3.1 0
      vertex -35.3039 3.08507 0
    endloop
  endfacet
  facet normal 0 0 -1
    outer loop
      vertex -82 49.2 0
      vertex -35.3039 3.08507 0
      vertex -35.6048 3.04043 0
    endloop
  endfacet
  facet normal 0 0 -1
    outer loop
      vertex -82 49.2 0
      vertex -35.6048 3.04043 0
      vertex -35.8999 2.96651 0
    endloop
  endfacet
  facet normal 0 0 -1
    outer loop
      vertex -82 49.2 0
      vertex -35.8999 2.96651 0
      vertex -36.1863 2.86403 0
    endloop
  endfacet
  facet normal -0 0 -1
    outer loop
      vertex -38.0851 -0.303853 0
      vertex -89.2 -42 0
      vertex -38.1 0 0
    endloop
  endfacet
  facet normal 0 0 -1
    outer loop
      vertex -89.2 42 0
      vertex -38.1 0 0
      vertex -89.2 -42 0
    endloop
  endfacet
  facet normal 0 0 -1
    outer loop
      vertex -38.1 0 0
      vertex -89.2 42 0
      vertex -38.0851 0.303853 0
    endloop
  endfacet
  facet normal 0 0 -1
    outer loop
      vertex -38.0851 0.303853 0
      vertex -89.2 42 0
      vertex -38.0404 0.604779 0
    endloop
  endfacet
  facet normal 0 0 -1
    outer loop
      vertex -38.0404 0.604779 0
      vertex -89.2 42 0
      vertex -37.9665 0.899882 0
    endloop
  endfacet
  facet normal 0 0 -1
    outer loop
      vertex -37.9665 0.899882 0
      vertex -89.2 42 0
      vertex -37.864 1.18632 0
    endloop
  endfacet
  facet normal 0 0 -1
    outer loop
      vertex -37.864 1.18632 0
      vertex -89.2 42 0
      vertex -37.734 1.46133 0
    endloop
  endfacet
  facet normal 0 0 -1
    outer loop
      vertex 19.1221 4.41353 0
      vertex -82 49.2 0
      vertex 82 49.2 0
    endloop
  endfacet
  facet normal 0 0 -1
    outer loop
      vertex -36.4613 2.73396 0
      vertex -82 49.2 0
      vertex -36.1863 2.86403 0
    endloop
  endfacet
  facet normal 0 0 -1
    outer loop
      vertex -36.7223 2.57756 0
      vertex -82 49.2 0
      vertex -36.4613 2.73396 0
    endloop
  endfacet
  facet normal 0 0 -1
    outer loop
      vertex -36.9666 2.39633 0
      vertex -82 49.2 0
      vertex -36.7223 2.57756 0
    endloop
  endfacet
  facet normal 0 0 -1
    outer loop
      vertex -37.192 2.19203 0
      vertex -82 49.2 0
      vertex -36.9666 2.39633 0
    endloop
  endfacet
  facet normal 0 0 -1
    outer loop
      vertex -37.3963 1.96662 0
      vertex -82 49.2 0
      vertex -37.192 2.19203 0
    endloop
  endfacet
  facet normal 0 0 -1
    outer loop
      vertex -37.734 1.46133 0
      vertex -89.2 42 0
      vertex -37.5776 1.72227 0
    endloop
  endfacet
  facet normal 0 0 -1
    outer loop
      vertex -89.2 -42 0
      vertex -82 -49.2 0
      vertex -82.7057 -49.1653 0
    endloop
  endfacet
  facet normal 0 0 -1
    outer loop
      vertex -37.5776 1.72227 0
      vertex -89.2 42 0
      vertex -37.3963 1.96662 0
    endloop
  endfacet
  facet normal 0 0 -1
    outer loop
      vertex -89.2 -42 0
      vertex -82.7057 -49.1653 0
      vertex -83.4046 -49.0616 0
    endloop
  endfacet
  facet normal 0 0 -1
    outer loop
      vertex -37.3963 1.96662 0
      vertex -89.2 42 0
      vertex -82 49.2 0
    endloop
  endfacet
  facet normal 0 0 -1
    outer loop
      vertex -89.2 -42 0
      vertex -83.4046 -49.0616 0
      vertex -84.09 -48.89 0
    endloop
  endfacet
  facet normal 0 0 -1
    outer loop
      vertex -82 49.2 0
      vertex -89.2 42 0
      vertex -82.7057 49.1653 0
    endloop
  endfacet
  facet normal 0 0 -1
    outer loop
      vertex -89.2 -42 0
      vertex -84.09 -48.89 0
      vertex -84.7553 -48.6519 0
    endloop
  endfacet
  facet normal 0 0 -1
    outer loop
      vertex -82.7057 49.1653 0
      vertex -89.2 42 0
      vertex -83.4046 49.0616 0
    endloop
  endfacet
  facet normal 0 0 -1
    outer loop
      vertex -89.2 -42 0
      vertex -84.7553 -48.6519 0
      vertex -85.394 -48.3498 0
    endloop
  endfacet
  facet normal 0 0 -1
    outer loop
      vertex -83.4046 49.0616 0
      vertex -89.2 42 0
      vertex -84.09 48.89 0
    endloop
  endfacet
  facet normal 0 0 -1
    outer loop
      vertex -89.2 -42 0
      vertex -85.394 -48.3498 0
      vertex -86.0001 -47.9866 0
    endloop
  endfacet
  facet normal 0 0 -1
    outer loop
      vertex -84.09 48.89 0
      vertex -89.2 42 0
      vertex -84.7553 48.6519 0
    endloop
  endfacet
  facet normal 0 0 -1
    outer loop
      vertex -89.2 -42 0
      vertex -86.0001 -47.9866 0
      vertex -86.5676 -47.5657 0
    endloop
  endfacet
  facet normal 0 0 -1
    outer loop
      vertex -84.7553 48.6519 0
      vertex -89.2 42 0
      vertex -85.394 48.3498 0
    endloop
  endfacet
  facet normal 0 0 -1
    outer loop
      vertex -89.2 -42 0
      vertex -86.5676 -47.5657 0
      vertex -87.0912 -47.0912 0
    endloop
  endfacet
  facet normal 0 0 -1
    outer loop
      vertex -85.394 48.3498 0
      vertex -89.2 42 0
      vertex -86.0001 47.9866 0
    endloop
  endfacet
  facet normal 0 0 -1
    outer loop
      vertex -89.2 -42 0
      vertex -87.0912 -47.0912 0
      vertex -87.5657 -46.5676 0
    endloop
  endfacet
  facet normal 0 0 -1
    outer loop
      vertex -86.0001 47.9866 0
      vertex -89.2 42 0
      vertex -86.5676 47.5657 0
    endloop
  endfacet
  facet normal 0 0 -1
    outer loop
      vertex -89.2 -42 0
      vertex -87.5657 -46.5676 0
      vertex -87.9866 -46.0001 0
    endloop
  endfacet
  facet normal 0 0 -1
    outer loop
      vertex -86.5676 47.5657 0
      vertex -89.2 42 0
      vertex -87.0912 47.0912 0
    endloop
  endfacet
  facet normal 0 0 -1
    outer loop
      vertex -89.2 -42 0
      vertex -87.9866 -46.0001 0
      vertex -88.3498 -45.394 0
    endloop
  endfacet
  facet normal 0 0 -1
    outer loop
      vertex -87.0912 47.0912 0
      vertex -89.2 42 0
      vertex -87.5657 46.5676 0
    endloop
  endfacet
  facet normal 0 0 -1
    outer loop
      vertex -89.2 -42 0
      vertex -88.3498 -45.394 0
      vertex -88.6519 -44.7553 0
    endloop
  endfacet
  facet normal 0 0 -1
    outer loop
      vertex -87.5657 46.5676 0
      vertex -89.2 42 0
      vertex -87.9866 46.0001 0
    endloop
  endfacet
  facet normal 0 0 -1
    outer loop
      vertex -89.2 -42 0
      vertex -88.6519 -44.7553 0
      vertex -88.89 -44.09 0
    endloop
  endfacet
  facet normal 0 0 -1
    outer loop
      vertex -87.9866 46.0001 0
      vertex -89.2 42 0
      vertex -88.3498 45.394 0
    endloop
  endfacet
  facet normal 0 0 -1
    outer loop
      vertex -89.2 -42 0
      vertex -88.89 -44.09 0
      vertex -89.0616 -43.4046 0
    endloop
  endfacet
  facet normal 0 0 -1
    outer loop
      vertex -88.3498 45.394 0
      vertex -89.2 42 0
      vertex -88.6519 44.7553 0
    endloop
  endfacet
  facet normal 0 0 -1
    outer loop
      vertex -89.2 -42 0
      vertex -89.0616 -43.4046 0
      vertex -89.1653 -42.7057 0
    endloop
  endfacet
  facet normal 0 0 -1
    outer loop
      vertex -88.6519 44.7553 0
      vertex -89.2 42 0
      vertex -88.89 44.09 0
    endloop
  endfacet
  facet normal 0 0 -1
    outer loop
      vertex -88.89 44.09 0
      vertex -89.2 42 0
      vertex -89.0616 43.4046 0
    endloop
  endfacet
  facet normal 0 0 -1
    outer loop
      vertex -89.0616 43.4046 0
      vertex -89.2 42 0
      vertex -89.1653 42.7057 0
    endloop
  endfacet
  facet normal 0.69989 -0.10383 0.706664
    outer loop
      vertex 89.9711 -34.5881 20.2
      vertex 89.1001 -35.0145 21
      vertex 89.8847 -35.1705 20.2
    endloop
  endfacet
  facet normal 0.970047 0.242917 -2.0463e-19
    outer loop
      vertex -88.2105 -35.2773 21
      vertex -88.3154 -34.8584 4
      vertex -88.3154 -34.8584 21
    endloop
  endfacet
  facet normal 0.970047 0.242917 -2.0463e-19
    outer loop
      vertex -88.3154 -34.8584 4
      vertex -88.2105 -35.2773 21
      vertex -88.2105 -35.2773 4
    endloop
  endfacet
  facet normal -0.970047 -0.242917 -2.0463e-19
    outer loop
      vertex 88.3154 34.8584 4
      vertex 88.2105 35.2773 21
      vertex 88.2105 35.2773 4
    endloop
  endfacet
  facet normal -0.970047 -0.242917 -2.0463e-19
    outer loop
      vertex 88.2105 35.2773 21
      vertex 88.3154 34.8584 4
      vertex 88.3154 34.8584 21
    endloop
  endfacet
  facet normal -1 0 0
    outer loop
      vertex 88.4 -15.25 4
      vertex 88.4 -34 4
      vertex 88.4 -15.25 8.0067
    endloop
  endfacet
  facet normal -1 0 0
    outer loop
      vertex 88.4 9.25 4
      vertex 88.4 -9.25 4
      vertex 88.4 9.25 8.0067
    endloop
  endfacet
  facet normal -1 0 0
    outer loop
      vertex 88.4 15.25 8.0067
      vertex 88.4 34 4
      vertex 88.4 15.25 4
    endloop
  endfacet
  facet normal -1 0 0
    outer loop
      vertex 88.4 34 4
      vertex 88.4 15.25 8.0067
      vertex 88.4 34 21
    endloop
  endfacet
  facet normal -1 0 0
    outer loop
      vertex 88.4 9.25 8.0067
      vertex 88.4 34 21
      vertex 88.4 15.25 8.0067
    endloop
  endfacet
  facet normal -1 0 0
    outer loop
      vertex 88.4 -9.25 8.0067
      vertex 88.4 9.25 8.0067
      vertex 88.4 -9.25 4
    endloop
  endfacet
  facet normal -1 0 0
    outer loop
      vertex 88.4 9.25 8.0067
      vertex 88.4 -9.25 8.0067
      vertex 88.4 34 21
    endloop
  endfacet
  facet normal -1 0 0
    outer loop
      vertex 88.4 -34 21
      vertex 88.4 -9.25 8.0067
      vertex 88.4 -15.25 8.0067
    endloop
  endfacet
  facet normal -1 0 0
    outer loop
      vertex 88.4 -34 21
      vertex 88.4 -15.25 8.0067
      vertex 88.4 -34 4
    endloop
  endfacet
  facet normal -1 0 0
    outer loop
      vertex 88.4 -9.25 8.0067
      vertex 88.4 -34 21
      vertex 88.4 34 21
    endloop
  endfacet
  facet normal -0.941579 -0.336791 -1.86681e-19
    outer loop
      vertex 88.2105 35.2773 4
      vertex 88.0651 35.6838 21
      vertex 88.0651 35.6838 4
    endloop
  endfacet
  facet normal -0.941579 -0.336791 -1.86681e-19
    outer loop
      vertex 88.0651 35.6838 21
      vertex 88.2105 35.2773 4
      vertex 88.2105 35.2773 21
    endloop
  endfacet
  facet normal 0.998794 0.0490944 -8.52746e-20
    outer loop
      vertex -88.3788 -34.4313 21
      vertex -88.4 -34 4
      vertex -88.4 -34 21
    endloop
  endfacet
  facet normal 0.998794 0.0490944 -8.52746e-20
    outer loop
      vertex -88.4 -34 4
      vertex -88.3788 -34.4313 21
      vertex -88.3788 -34.4313 4
    endloop
  endfacet
  facet normal 0 -1 0
    outer loop
      vertex -84 38.4 21
      vertex -73 38.4 4.5
      vertex -73 38.4 21
    endloop
  endfacet
  facet normal 0 -1 -0
    outer loop
      vertex -73 38.4 4.5
      vertex -84 38.4 4
      vertex -57 38.4 4.5
    endloop
  endfacet
  facet normal 0 -1 0
    outer loop
      vertex -84 38.4 4
      vertex -73 38.4 4.5
      vertex -84 38.4 21
    endloop
  endfacet
  facet normal 0 -1 0
    outer loop
      vertex -57 38.4 4.5
      vertex 84 38.4 21
      vertex -57 38.4 21
    endloop
  endfacet
  facet normal 0 -1 0
    outer loop
      vertex -57 38.4 4.5
      vertex 84 38.4 4
      vertex 84 38.4 21
    endloop
  endfacet
  facet normal 0 -1 0
    outer loop
      vertex 84 38.4 4
      vertex -57 38.4 4.5
      vertex -84 38.4 4
    endloop
  endfacet
  facet normal 0.970047 -0.242917 2.0463e-19
    outer loop
      vertex -88.3154 34.8584 21
      vertex -88.2105 35.2773 4
      vertex -88.2105 35.2773 21
    endloop
  endfacet
  facet normal 0.970047 -0.242917 2.0463e-19
    outer loop
      vertex -88.2105 35.2773 4
      vertex -88.3154 34.8584 21
      vertex -88.3154 34.8584 4
    endloop
  endfacet
  facet normal 0 1 -0
    outer loop
      vertex 84 -38.4 4
      vertex -84 -38.4 21
      vertex 84 -38.4 21
    endloop
  endfacet
  facet normal 0 1 0
    outer loop
      vertex -84 -38.4 21
      vertex 84 -38.4 4
      vertex -84 -38.4 4
    endloop
  endfacet
  facet normal 0.0490944 -0.998794 0
    outer loop
      vertex -84.4313 38.3788 4
      vertex -84 38.4 21
      vertex -84.4313 38.3788 21
    endloop
  endfacet
  facet normal 0.0490944 -0.998794 0
    outer loop
      vertex -84 38.4 21
      vertex -84.4313 38.3788 4
      vertex -84 38.4 4
    endloop
  endfacet
  facet normal -0.595842 -0.803102 0
    outer loop
      vertex 86.4445 37.6585 4
      vertex 86.7913 37.4012 21
      vertex 86.4445 37.6585 21
    endloop
  endfacet
  facet normal -0.595842 -0.803102 -0
    outer loop
      vertex 86.7913 37.4012 21
      vertex 86.4445 37.6585 4
      vertex 86.7913 37.4012 4
    endloop
  endfacet
  facet normal 0.671392 0.741102 -0
    outer loop
      vertex -86.7913 -37.4012 4
      vertex -87.1113 -37.1113 21
      vertex -86.7913 -37.4012 21
    endloop
  endfacet
  facet normal 0.671392 0.741102 0
    outer loop
      vertex -87.1113 -37.1113 21
      vertex -86.7913 -37.4012 4
      vertex -87.1113 -37.1113 4
    endloop
  endfacet
  facet normal 0.513917 -0.85784 0
    outer loop
      vertex -86.4445 37.6585 4
      vertex -86.0741 37.8804 21
      vertex -86.4445 37.6585 21
    endloop
  endfacet
  facet normal 0.513917 -0.85784 0
    outer loop
      vertex -86.0741 37.8804 21
      vertex -86.4445 37.6585 4
      vertex -86.0741 37.8804 4
    endloop
  endfacet
  facet normal -0.989161 -0.146834 -1.76739e-19
    outer loop
      vertex 88.3788 34.4313 4
      vertex 88.3154 34.8584 21
      vertex 88.3154 34.8584 4
    endloop
  endfacet
  facet normal -0.989161 -0.146834 -1.76739e-19
    outer loop
      vertex 88.3154 34.8584 21
      vertex 88.3788 34.4313 4
      vertex 88.3788 34.4313 21
    endloop
  endfacet
  facet normal 1 -0 0
    outer loop
      vertex -88.4 -34 21
      vertex -88.4 34 4
      vertex -88.4 34 21
    endloop
  endfacet
  facet normal 1 0 0
    outer loop
      vertex -88.4 34 4
      vertex -88.4 -34 21
      vertex -88.4 -34 4
    endloop
  endfacet
  facet normal -0.970047 0.242917 2.0463e-19
    outer loop
      vertex 88.2105 -35.2773 4
      vertex 88.3154 -34.8584 21
      vertex 88.3154 -34.8584 4
    endloop
  endfacet
  facet normal -0.970047 0.242917 2.0463e-19
    outer loop
      vertex 88.3154 -34.8584 21
      vertex 88.2105 -35.2773 4
      vertex 88.2105 -35.2773 21
    endloop
  endfacet
  facet normal 0.989161 0.146834 -1.76739e-19
    outer loop
      vertex -88.3154 -34.8584 21
      vertex -88.3788 -34.4313 4
      vertex -88.3788 -34.4313 21
    endloop
  endfacet
  facet normal 0.989161 0.146834 -1.76739e-19
    outer loop
      vertex -88.3788 -34.4313 4
      vertex -88.3154 -34.8584 21
      vertex -88.3154 -34.8584 4
    endloop
  endfacet
  facet normal -0.998794 0.0490944 8.52746e-20
    outer loop
      vertex 88.3788 -34.4313 4
      vertex 88.4 -34 21
      vertex 88.4 -34 4
    endloop
  endfacet
  facet normal -0.998794 0.0490944 8.52746e-20
    outer loop
      vertex 88.4 -34 21
      vertex 88.3788 -34.4313 4
      vertex 88.3788 -34.4313 21
    endloop
  endfacet
  facet normal -0.513917 0.85784 0
    outer loop
      vertex 86.4445 -37.6585 4
      vertex 86.0741 -37.8804 21
      vertex 86.4445 -37.6585 21
    endloop
  endfacet
  facet normal -0.513917 0.85784 0
    outer loop
      vertex 86.0741 -37.8804 21
      vertex 86.4445 -37.6585 4
      vertex 86.0741 -37.8804 4
    endloop
  endfacet
  facet normal 0.146834 -0.989161 0
    outer loop
      vertex -84.8584 38.3154 4
      vertex -84.4313 38.3788 21
      vertex -84.8584 38.3154 21
    endloop
  endfacet
  facet normal 0.146834 -0.989161 0
    outer loop
      vertex -84.4313 38.3788 21
      vertex -84.8584 38.3154 4
      vertex -84.4313 38.3788 4
    endloop
  endfacet
  facet normal 0.427748 -0.903898 0
    outer loop
      vertex -86.0741 37.8804 4
      vertex -85.6838 38.0651 21
      vertex -86.0741 37.8804 21
    endloop
  endfacet
  facet normal 0.427748 -0.903898 0
    outer loop
      vertex -85.6838 38.0651 21
      vertex -86.0741 37.8804 4
      vertex -85.6838 38.0651 4
    endloop
  endfacet
  facet normal -0.998794 -0.0490944 -8.52746e-20
    outer loop
      vertex 88.4 34 4
      vertex 88.3788 34.4313 21
      vertex 88.3788 34.4313 4
    endloop
  endfacet
  facet normal -0.998794 -0.0490944 -8.52746e-20
    outer loop
      vertex 88.3788 34.4313 21
      vertex 88.4 34 4
      vertex 88.4 34 21
    endloop
  endfacet
  facet normal -0.85784 -0.513917 6.53794e-19
    outer loop
      vertex 87.8804 36.0741 4
      vertex 87.6585 36.4445 21
      vertex 87.6585 36.4445 4
    endloop
  endfacet
  facet normal -0.85784 -0.513917 6.53794e-19
    outer loop
      vertex 87.6585 36.4445 21
      vertex 87.8804 36.0741 4
      vertex 87.8804 36.0741 21
    endloop
  endfacet
  facet normal -0.803102 -0.595842 8.25545e-19
    outer loop
      vertex 87.6585 36.4445 4
      vertex 87.4012 36.7913 21
      vertex 87.4012 36.7913 4
    endloop
  endfacet
  facet normal -0.803102 -0.595842 8.25545e-19
    outer loop
      vertex 87.4012 36.7913 21
      vertex 87.6585 36.4445 4
      vertex 87.6585 36.4445 21
    endloop
  endfacet
  facet normal 0.595842 -0.803102 0
    outer loop
      vertex -86.7913 37.4012 4
      vertex -86.4445 37.6585 21
      vertex -86.7913 37.4012 21
    endloop
  endfacet
  facet normal 0.595842 -0.803102 0
    outer loop
      vertex -86.4445 37.6585 21
      vertex -86.7913 37.4012 4
      vertex -86.4445 37.6585 4
    endloop
  endfacet
  facet normal 0.941579 -0.336791 1.86681e-19
    outer loop
      vertex -88.2105 35.2773 21
      vertex -88.0651 35.6838 4
      vertex -88.0651 35.6838 21
    endloop
  endfacet
  facet normal 0.941579 -0.336791 1.86681e-19
    outer loop
      vertex -88.0651 35.6838 4
      vertex -88.2105 35.2773 21
      vertex -88.2105 35.2773 4
    endloop
  endfacet
  facet normal 0.242917 -0.970047 0
    outer loop
      vertex -85.2773 38.2105 4
      vertex -84.8584 38.3154 21
      vertex -85.2773 38.2105 21
    endloop
  endfacet
  facet normal 0.242917 -0.970047 0
    outer loop
      vertex -84.8584 38.3154 21
      vertex -85.2773 38.2105 4
      vertex -84.8584 38.3154 4
    endloop
  endfacet
  facet normal -0.989161 0.146834 1.76739e-19
    outer loop
      vertex 88.3154 -34.8584 4
      vertex 88.3788 -34.4313 21
      vertex 88.3788 -34.4313 4
    endloop
  endfacet
  facet normal -0.989161 0.146834 1.76739e-19
    outer loop
      vertex 88.3788 -34.4313 21
      vertex 88.3154 -34.8584 4
      vertex 88.3154 -34.8584 21
    endloop
  endfacet
  facet normal 0.85784 -0.513917 -6.53794e-19
    outer loop
      vertex -87.8804 36.0741 21
      vertex -87.6585 36.4445 4
      vertex -87.6585 36.4445 21
    endloop
  endfacet
  facet normal 0.85784 -0.513917 -6.53794e-19
    outer loop
      vertex -87.6585 36.4445 4
      vertex -87.8804 36.0741 21
      vertex -87.8804 36.0741 4
    endloop
  endfacet
  facet normal -0.903898 -0.427748 6.2166e-19
    outer loop
      vertex 88.0651 35.6838 4
      vertex 87.8804 36.0741 21
      vertex 87.8804 36.0741 4
    endloop
  endfacet
  facet normal -0.903898 -0.427748 6.2166e-19
    outer loop
      vertex 87.8804 36.0741 21
      vertex 88.0651 35.6838 4
      vertex 88.0651 35.6838 21
    endloop
  endfacet
  facet normal 0.427748 0.903898 -0
    outer loop
      vertex -85.6838 -38.0651 4
      vertex -86.0741 -37.8804 21
      vertex -85.6838 -38.0651 21
    endloop
  endfacet
  facet normal 0.427748 0.903898 0
    outer loop
      vertex -86.0741 -37.8804 21
      vertex -85.6838 -38.0651 4
      vertex -86.0741 -37.8804 4
    endloop
  endfacet
  facet normal -0.427748 0.903898 0
    outer loop
      vertex 86.0741 -37.8804 4
      vertex 85.6838 -38.0651 21
      vertex 86.0741 -37.8804 21
    endloop
  endfacet
  facet normal -0.427748 0.903898 0
    outer loop
      vertex 85.6838 -38.0651 21
      vertex 86.0741 -37.8804 4
      vertex 85.6838 -38.0651 4
    endloop
  endfacet
  facet normal 0.741102 0.671392 -6.37419e-19
    outer loop
      vertex -87.1113 -37.1113 21
      vertex -87.4012 -36.7913 4
      vertex -87.4012 -36.7913 21
    endloop
  endfacet
  facet normal 0.741102 0.671392 -6.37419e-19
    outer loop
      vertex -87.4012 -36.7913 4
      vertex -87.1113 -37.1113 21
      vertex -87.1113 -37.1113 4
    endloop
  endfacet
  facet normal -0.941579 0.336791 1.86681e-19
    outer loop
      vertex 88.0651 -35.6838 4
      vertex 88.2105 -35.2773 21
      vertex 88.2105 -35.2773 4
    endloop
  endfacet
  facet normal -0.941579 0.336791 1.86681e-19
    outer loop
      vertex 88.2105 -35.2773 21
      vertex 88.0651 -35.6838 4
      vertex 88.0651 -35.6838 21
    endloop
  endfacet
  facet normal -0.85784 0.513917 -6.53794e-19
    outer loop
      vertex 87.6585 -36.4445 4
      vertex 87.8804 -36.0741 21
      vertex 87.8804 -36.0741 4
    endloop
  endfacet
  facet normal -0.85784 0.513917 -6.53794e-19
    outer loop
      vertex 87.8804 -36.0741 21
      vertex 87.6585 -36.4445 4
      vertex 87.6585 -36.4445 21
    endloop
  endfacet
  facet normal -0.146834 -0.989161 0
    outer loop
      vertex 84.4313 38.3788 4
      vertex 84.8584 38.3154 21
      vertex 84.4313 38.3788 21
    endloop
  endfacet
  facet normal -0.146834 -0.989161 -0
    outer loop
      vertex 84.8584 38.3154 21
      vertex 84.4313 38.3788 4
      vertex 84.8584 38.3154 4
    endloop
  endfacet
  facet normal -0.0490944 -0.998794 0
    outer loop
      vertex 84 38.4 4
      vertex 84.4313 38.3788 21
      vertex 84 38.4 21
    endloop
  endfacet
  facet normal -0.0490944 -0.998794 -0
    outer loop
      vertex 84.4313 38.3788 21
      vertex 84 38.4 4
      vertex 84.4313 38.3788 4
    endloop
  endfacet
  facet normal -0.803102 0.595842 -8.25545e-19
    outer loop
      vertex 87.4012 -36.7913 4
      vertex 87.6585 -36.4445 21
      vertex 87.6585 -36.4445 4
    endloop
  endfacet
  facet normal -0.803102 0.595842 -8.25545e-19
    outer loop
      vertex 87.6585 -36.4445 21
      vertex 87.4012 -36.7913 4
      vertex 87.4012 -36.7913 21
    endloop
  endfacet
  facet normal -0.671392 0.741102 0
    outer loop
      vertex 87.1113 -37.1113 4
      vertex 86.7913 -37.4012 21
      vertex 87.1113 -37.1113 21
    endloop
  endfacet
  facet normal -0.671392 0.741102 0
    outer loop
      vertex 86.7913 -37.4012 21
      vertex 87.1113 -37.1113 4
      vertex 86.7913 -37.4012 4
    endloop
  endfacet
  facet normal 0.146834 0.989161 -0
    outer loop
      vertex -84.4313 -38.3788 4
      vertex -84.8584 -38.3154 21
      vertex -84.4313 -38.3788 21
    endloop
  endfacet
  facet normal 0.146834 0.989161 0
    outer loop
      vertex -84.8584 -38.3154 21
      vertex -84.4313 -38.3788 4
      vertex -84.8584 -38.3154 4
    endloop
  endfacet
  facet normal -0.336791 -0.941579 0
    outer loop
      vertex 85.2773 38.2105 4
      vertex 85.6838 38.0651 21
      vertex 85.2773 38.2105 21
    endloop
  endfacet
  facet normal -0.336791 -0.941579 -0
    outer loop
      vertex 85.6838 38.0651 21
      vertex 85.2773 38.2105 4
      vertex 85.6838 38.0651 4
    endloop
  endfacet
  facet normal 0.903898 0.427748 6.2166e-19
    outer loop
      vertex -87.8804 -36.0741 21
      vertex -88.0651 -35.6838 4
      vertex -88.0651 -35.6838 21
    endloop
  endfacet
  facet normal 0.903898 0.427748 6.2166e-19
    outer loop
      vertex -88.0651 -35.6838 4
      vertex -87.8804 -36.0741 21
      vertex -87.8804 -36.0741 4
    endloop
  endfacet
  facet normal 0.336791 -0.941579 0
    outer loop
      vertex -85.6838 38.0651 4
      vertex -85.2773 38.2105 21
      vertex -85.6838 38.0651 21
    endloop
  endfacet
  facet normal 0.336791 -0.941579 0
    outer loop
      vertex -85.2773 38.2105 21
      vertex -85.6838 38.0651 4
      vertex -85.2773 38.2105 4
    endloop
  endfacet
  facet normal -0.671392 -0.741102 0
    outer loop
      vertex 86.7913 37.4012 4
      vertex 87.1113 37.1113 21
      vertex 86.7913 37.4012 21
    endloop
  endfacet
  facet normal -0.671392 -0.741102 -0
    outer loop
      vertex 87.1113 37.1113 21
      vertex 86.7913 37.4012 4
      vertex 87.1113 37.1113 4
    endloop
  endfacet
  facet normal -0.741102 -0.671392 -6.37419e-19
    outer loop
      vertex 87.4012 36.7913 4
      vertex 87.1113 37.1113 21
      vertex 87.1113 37.1113 4
    endloop
  endfacet
  facet normal -0.741102 -0.671392 -6.37419e-19
    outer loop
      vertex 87.1113 37.1113 21
      vertex 87.4012 36.7913 4
      vertex 87.4012 36.7913 21
    endloop
  endfacet
  facet normal -0.242917 -0.970047 0
    outer loop
      vertex 84.8584 38.3154 4
      vertex 85.2773 38.2105 21
      vertex 84.8584 38.3154 21
    endloop
  endfacet
  facet normal -0.242917 -0.970047 -0
    outer loop
      vertex 85.2773 38.2105 21
      vertex 84.8584 38.3154 4
      vertex 85.2773 38.2105 4
    endloop
  endfacet
  facet normal -0.146834 0.989161 0
    outer loop
      vertex 84.8584 -38.3154 4
      vertex 84.4313 -38.3788 21
      vertex 84.8584 -38.3154 21
    endloop
  endfacet
  facet normal -0.146834 0.989161 0
    outer loop
      vertex 84.4313 -38.3788 21
      vertex 84.8584 -38.3154 4
      vertex 84.4313 -38.3788 4
    endloop
  endfacet
  facet normal -0.595842 0.803102 0
    outer loop
      vertex 86.7913 -37.4012 4
      vertex 86.4445 -37.6585 21
      vertex 86.7913 -37.4012 21
    endloop
  endfacet
  facet normal -0.595842 0.803102 0
    outer loop
      vertex 86.4445 -37.6585 21
      vertex 86.7913 -37.4012 4
      vertex 86.4445 -37.6585 4
    endloop
  endfacet
  facet normal 0.989161 -0.146834 1.76739e-19
    outer loop
      vertex -88.3788 34.4313 21
      vertex -88.3154 34.8584 4
      vertex -88.3154 34.8584 21
    endloop
  endfacet
  facet normal 0.989161 -0.146834 1.76739e-19
    outer loop
      vertex -88.3154 34.8584 4
      vertex -88.3788 34.4313 21
      vertex -88.3788 34.4313 4
    endloop
  endfacet
  facet normal 0.336791 0.941579 -0
    outer loop
      vertex -85.2773 -38.2105 4
      vertex -85.6838 -38.0651 21
      vertex -85.2773 -38.2105 21
    endloop
  endfacet
  facet normal 0.336791 0.941579 0
    outer loop
      vertex -85.6838 -38.0651 21
      vertex -85.2773 -38.2105 4
      vertex -85.6838 -38.0651 4
    endloop
  endfacet
  facet normal -0.427748 -0.903898 0
    outer loop
      vertex 85.6838 38.0651 4
      vertex 86.0741 37.8804 21
      vertex 85.6838 38.0651 21
    endloop
  endfacet
  facet normal -0.427748 -0.903898 -0
    outer loop
      vertex 86.0741 37.8804 21
      vertex 85.6838 38.0651 4
      vertex 86.0741 37.8804 4
    endloop
  endfacet
  facet normal 0 0 1
    outer loop
      vertex 84 38.4 4
      vertex 88.4 34 4
      vertex 88.3788 34.4313 4
    endloop
  endfacet
  facet normal 0 0 1
    outer loop
      vertex 84 38.4 4
      vertex 88.3788 34.4313 4
      vertex 88.3154 34.8584 4
    endloop
  endfacet
  facet normal 0 0 1
    outer loop
      vertex 84 38.4 4
      vertex 88.3154 34.8584 4
      vertex 88.2105 35.2773 4
    endloop
  endfacet
  facet normal 0 0 1
    outer loop
      vertex 84 38.4 4
      vertex 88.2105 35.2773 4
      vertex 88.0651 35.6838 4
    endloop
  endfacet
  facet normal 0 0 1
    outer loop
      vertex 84 38.4 4
      vertex 88.0651 35.6838 4
      vertex 87.8804 36.0741 4
    endloop
  endfacet
  facet normal 0 0 1
    outer loop
      vertex 84 38.4 4
      vertex 87.8804 36.0741 4
      vertex 87.6585 36.4445 4
    endloop
  endfacet
  facet normal 0 0 1
    outer loop
      vertex 84 38.4 4
      vertex 87.6585 36.4445 4
      vertex 87.4012 36.7913 4
    endloop
  endfacet
  facet normal 0 0 1
    outer loop
      vertex 84 38.4 4
      vertex 87.4012 36.7913 4
      vertex 87.1113 37.1113 4
    endloop
  endfacet
  facet normal 0 0 1
    outer loop
      vertex 84 38.4 4
      vertex 87.1113 37.1113 4
      vertex 86.7913 37.4012 4
    endloop
  endfacet
  facet normal 0 0 1
    outer loop
      vertex 84 38.4 4
      vertex 86.7913 37.4012 4
      vertex 86.4445 37.6585 4
    endloop
  endfacet
  facet normal 0 0 1
    outer loop
      vertex 84 38.4 4
      vertex 86.4445 37.6585 4
      vertex 86.0741 37.8804 4
    endloop
  endfacet
  facet normal 0 0 1
    outer loop
      vertex 84 38.4 4
      vertex 86.0741 37.8804 4
      vertex 85.6838 38.0651 4
    endloop
  endfacet
  facet normal 0 0 1
    outer loop
      vertex 84 38.4 4
      vertex 85.6838 38.0651 4
      vertex 85.2773 38.2105 4
    endloop
  endfacet
  facet normal 0 0 1
    outer loop
      vertex 84 38.4 4
      vertex 85.2773 38.2105 4
      vertex 84.8584 38.3154 4
    endloop
  endfacet
  facet normal 0 0 1
    outer loop
      vertex 84 38.4 4
      vertex 84.8584 38.3154 4
      vertex 84.4313 38.3788 4
    endloop
  endfacet
  facet normal 0 0 1
    outer loop
      vertex 88.4 34 4
      vertex 84 38.4 4
      vertex 88.4 15.25 4
    endloop
  endfacet
  facet normal 0 0 1
    outer loop
      vertex 84 38.4 4
      vertex -51 15.25 4
      vertex 88.4 15.25 4
    endloop
  endfacet
  facet normal -0 0 1
    outer loop
      vertex -53.67 11.6 4
      vertex -51 9.25 4
      vertex -51 15.25 4
    endloop
  endfacet
  facet normal 0 0 1
    outer loop
      vertex -51 9.25 4
      vertex -53.67 11.6 4
      vertex -51 -9.25 4
    endloop
  endfacet
  facet normal 0 0 1
    outer loop
      vertex -53.67 -26.35 4
      vertex -51 -9.25 4
      vertex -53.67 11.6 4
    endloop
  endfacet
  facet normal 0 0 1
    outer loop
      vertex -55.325 12.1 4
      vertex -51 15.25 4
      vertex -55.325 36.65 4
    endloop
  endfacet
  facet normal 0 0 1
    outer loop
      vertex 84 38.4 4
      vertex -55.325 36.65 4
      vertex -51 15.25 4
    endloop
  endfacet
  facet normal -0 0 1
    outer loop
      vertex -84 38.4 4
      vertex -55.325 36.65 4
      vertex 84 38.4 4
    endloop
  endfacet
  facet normal 0 0 1
    outer loop
      vertex -60.125 13.9 4
      vertex -56.825 36.65 4
      vertex -60.125 36.65 4
    endloop
  endfacet
  facet normal 0 0 1
    outer loop
      vertex -55.325 36.65 4
      vertex -84 38.4 4
      vertex -56.825 36.65 4
    endloop
  endfacet
  facet normal 0 0 1
    outer loop
      vertex -56.825 36.65 4
      vertex -84 38.4 4
      vertex -60.125 36.65 4
    endloop
  endfacet
  facet normal 0 0 1
    outer loop
      vertex -71.875 36.65 4
      vertex -75.175 36.65 4
      vertex -71.875 13.9 4
    endloop
  endfacet
  facet normal 0 0 1
    outer loop
      vertex -60.125 36.65 4
      vertex -84 38.4 4
      vertex -71.875 36.65 4
    endloop
  endfacet
  facet normal 0 0 1
    outer loop
      vertex -71.875 36.65 4
      vertex -84 38.4 4
      vertex -75.175 36.65 4
    endloop
  endfacet
  facet normal -0 0 1
    outer loop
      vertex -88.4 34 4
      vertex -76.675 12.1 4
      vertex -76.675 36.65 4
    endloop
  endfacet
  facet normal 0 0 1
    outer loop
      vertex -76.675 12.1 4
      vertex -88.4 34 4
      vertex -78.33 11.6 4
    endloop
  endfacet
  facet normal 0 0 1
    outer loop
      vertex -88.4 34 4
      vertex -76.675 36.65 4
      vertex -84 38.4 4
    endloop
  endfacet
  facet normal 0 0 1
    outer loop
      vertex -75.175 36.65 4
      vertex -84 38.4 4
      vertex -76.675 36.65 4
    endloop
  endfacet
  facet normal -0 0 1
    outer loop
      vertex -51 9.25 4
      vertex -40 -9.25 4
      vertex -40 9.25 4
    endloop
  endfacet
  facet normal 0 0 1
    outer loop
      vertex -40 -9.25 4
      vertex -51 9.25 4
      vertex -51 -9.25 4
    endloop
  endfacet
  facet normal 0 0 1
    outer loop
      vertex 84 -38.4 4
      vertex 88.4 -34 4
      vertex 88.4 -15.25 4
    endloop
  endfacet
  facet normal 0 0 1
    outer loop
      vertex 88.4 -34 4
      vertex 84 -38.4 4
      vertex 88.3788 -34.4313 4
    endloop
  endfacet
  facet normal 0 0 1
    outer loop
      vertex 88.3788 -34.4313 4
      vertex 84 -38.4 4
      vertex 88.3154 -34.8584 4
    endloop
  endfacet
  facet normal 0 0 1
    outer loop
      vertex 88.3154 -34.8584 4
      vertex 84 -38.4 4
      vertex 88.2105 -35.2773 4
    endloop
  endfacet
  facet normal 0 0 1
    outer loop
      vertex 88.2105 -35.2773 4
      vertex 84 -38.4 4
      vertex 88.0651 -35.6838 4
    endloop
  endfacet
  facet normal 0 0 1
    outer loop
      vertex 88.0651 -35.6838 4
      vertex 84 -38.4 4
      vertex 87.8804 -36.0741 4
    endloop
  endfacet
  facet normal 0 0 1
    outer loop
      vertex 87.8804 -36.0741 4
      vertex 84 -38.4 4
      vertex 87.6585 -36.4445 4
    endloop
  endfacet
  facet normal 0 0 1
    outer loop
      vertex 87.6585 -36.4445 4
      vertex 84 -38.4 4
      vertex 87.4012 -36.7913 4
    endloop
  endfacet
  facet normal 0 0 1
    outer loop
      vertex 87.4012 -36.7913 4
      vertex 84 -38.4 4
      vertex 87.1113 -37.1113 4
    endloop
  endfacet
  facet normal 0 0 1
    outer loop
      vertex 87.1113 -37.1113 4
      vertex 84 -38.4 4
      vertex 86.7913 -37.4012 4
    endloop
  endfacet
  facet normal 0 0 1
    outer loop
      vertex 86.7913 -37.4012 4
      vertex 84 -38.4 4
      vertex 86.4445 -37.6585 4
    endloop
  endfacet
  facet normal 0 0 1
    outer loop
      vertex 86.4445 -37.6585 4
      vertex 84 -38.4 4
      vertex 86.0741 -37.8804 4
    endloop
  endfacet
  facet normal 0 0 1
    outer loop
      vertex 86.0741 -37.8804 4
      vertex 84 -38.4 4
      vertex 85.6838 -38.0651 4
    endloop
  endfacet
  facet normal 0 0 1
    outer loop
      vertex 85.6838 -38.0651 4
      vertex 84 -38.4 4
      vertex 85.2773 -38.2105 4
    endloop
  endfacet
  facet normal 0 0 1
    outer loop
      vertex 85.2773 -38.2105 4
      vertex 84 -38.4 4
      vertex 84.8584 -38.3154 4
    endloop
  endfacet
  facet normal 0 0 1
    outer loop
      vertex 84.8584 -38.3154 4
      vertex 84 -38.4 4
      vertex 84.4313 -38.3788 4
    endloop
  endfacet
  facet normal -0 0 1
    outer loop
      vertex -51 -15.25 4
      vertex 84 -38.4 4
      vertex 88.4 -15.25 4
    endloop
  endfacet
  facet normal 0 0 1
    outer loop
      vertex -51 -9.25 4
      vertex -53.67 -26.35 4
      vertex -51 -15.25 4
    endloop
  endfacet
  facet normal -0 0 1
    outer loop
      vertex -53.67 -26.35 4
      vertex 84 -38.4 4
      vertex -51 -15.25 4
    endloop
  endfacet
  facet normal 0 0 1
    outer loop
      vertex -84 -38.4 4
      vertex -53.67 -26.35 4
      vertex -78.33 -26.35 4
    endloop
  endfacet
  facet normal 0 0 1
    outer loop
      vertex -53.67 -26.35 4
      vertex -84 -38.4 4
      vertex 84 -38.4 4
    endloop
  endfacet
  facet normal 0 0 1
    outer loop
      vertex -88.4 -34 4
      vertex -78.33 11.6 4
      vertex -88.4 34 4
    endloop
  endfacet
  facet normal 0 0 1
    outer loop
      vertex -88.4 34 4
      vertex -84 38.4 4
      vertex -84.4313 38.3788 4
    endloop
  endfacet
  facet normal 0 0 1
    outer loop
      vertex -78.33 11.6 4
      vertex -88.4 -34 4
      vertex -78.33 -26.35 4
    endloop
  endfacet
  facet normal 0 0 1
    outer loop
      vertex -88.4 34 4
      vertex -84.4313 38.3788 4
      vertex -84.8584 38.3154 4
    endloop
  endfacet
  facet normal 0 0 1
    outer loop
      vertex -78.33 -26.35 4
      vertex -88.4 -34 4
      vertex -84 -38.4 4
    endloop
  endfacet
  facet normal 0 0 1
    outer loop
      vertex -88.4 34 4
      vertex -84.8584 38.3154 4
      vertex -85.2773 38.2105 4
    endloop
  endfacet
  facet normal 0 0 1
    outer loop
      vertex -84 -38.4 4
      vertex -88.4 -34 4
      vertex -84.4313 -38.3788 4
    endloop
  endfacet
  facet normal 0 0 1
    outer loop
      vertex -88.4 34 4
      vertex -85.2773 38.2105 4
      vertex -85.6838 38.0651 4
    endloop
  endfacet
  facet normal 0 0 1
    outer loop
      vertex -84.4313 -38.3788 4
      vertex -88.4 -34 4
      vertex -84.8584 -38.3154 4
    endloop
  endfacet
  facet normal 0 0 1
    outer loop
      vertex -88.4 34 4
      vertex -85.6838 38.0651 4
      vertex -86.0741 37.8804 4
    endloop
  endfacet
  facet normal 0 0 1
    outer loop
      vertex -84.8584 -38.3154 4
      vertex -88.4 -34 4
      vertex -85.2773 -38.2105 4
    endloop
  endfacet
  facet normal 0 0 1
    outer loop
      vertex -88.4 34 4
      vertex -86.0741 37.8804 4
      vertex -86.4445 37.6585 4
    endloop
  endfacet
  facet normal 0 0 1
    outer loop
      vertex -85.2773 -38.2105 4
      vertex -88.4 -34 4
      vertex -85.6838 -38.0651 4
    endloop
  endfacet
  facet normal 0 0 1
    outer loop
      vertex -88.4 34 4
      vertex -86.4445 37.6585 4
      vertex -86.7913 37.4012 4
    endloop
  endfacet
  facet normal 0 0 1
    outer loop
      vertex -85.6838 -38.0651 4
      vertex -88.4 -34 4
      vertex -86.0741 -37.8804 4
    endloop
  endfacet
  facet normal 0 0 1
    outer loop
      vertex -88.4 34 4
      vertex -86.7913 37.4012 4
      vertex -87.1113 37.1113 4
    endloop
  endfacet
  facet normal 0 0 1
    outer loop
      vertex -86.0741 -37.8804 4
      vertex -88.4 -34 4
      vertex -86.4445 -37.6585 4
    endloop
  endfacet
  facet normal 0 0 1
    outer loop
      vertex -88.4 34 4
      vertex -87.1113 37.1113 4
      vertex -87.4012 36.7913 4
    endloop
  endfacet
  facet normal 0 0 1
    outer loop
      vertex -86.4445 -37.6585 4
      vertex -88.4 -34 4
      vertex -86.7913 -37.4012 4
    endloop
  endfacet
  facet normal 0 0 1
    outer loop
      vertex -88.4 34 4
      vertex -87.4012 36.7913 4
      vertex -87.6585 36.4445 4
    endloop
  endfacet
  facet normal 0 0 1
    outer loop
      vertex -86.7913 -37.4012 4
      vertex -88.4 -34 4
      vertex -87.1113 -37.1113 4
    endloop
  endfacet
  facet normal 0 0 1
    outer loop
      vertex -88.4 34 4
      vertex -87.6585 36.4445 4
      vertex -87.8804 36.0741 4
    endloop
  endfacet
  facet normal 0 0 1
    outer loop
      vertex -87.1113 -37.1113 4
      vertex -88.4 -34 4
      vertex -87.4012 -36.7913 4
    endloop
  endfacet
  facet normal 0 0 1
    outer loop
      vertex -88.4 34 4
      vertex -87.8804 36.0741 4
      vertex -88.0651 35.6838 4
    endloop
  endfacet
  facet normal 0 0 1
    outer loop
      vertex -87.4012 -36.7913 4
      vertex -88.4 -34 4
      vertex -87.6585 -36.4445 4
    endloop
  endfacet
  facet normal 0 0 1
    outer loop
      vertex -88.4 34 4
      vertex -88.0651 35.6838 4
      vertex -88.2105 35.2773 4
    endloop
  endfacet
  facet normal 0 0 1
    outer loop
      vertex -87.6585 -36.4445 4
      vertex -88.4 -34 4
      vertex -87.8804 -36.0741 4
    endloop
  endfacet
  facet normal 0 0 1
    outer loop
      vertex -88.4 34 4
      vertex -88.2105 35.2773 4
      vertex -88.3154 34.8584 4
    endloop
  endfacet
  facet normal 0 0 1
    outer loop
      vertex -87.8804 -36.0741 4
      vertex -88.4 -34 4
      vertex -88.0651 -35.6838 4
    endloop
  endfacet
  facet normal 0 0 1
    outer loop
      vertex -88.4 34 4
      vertex -88.3154 34.8584 4
      vertex -88.3788 34.4313 4
    endloop
  endfacet
  facet normal 0 0 1
    outer loop
      vertex -88.0651 -35.6838 4
      vertex -88.4 -34 4
      vertex -88.2105 -35.2773 4
    endloop
  endfacet
  facet normal 0 0 1
    outer loop
      vertex -88.2105 -35.2773 4
      vertex -88.4 -34 4
      vertex -88.3154 -34.8584 4
    endloop
  endfacet
  facet normal 0 0 1
    outer loop
      vertex -88.3154 -34.8584 4
      vertex -88.4 -34 4
      vertex -88.3788 -34.4313 4
    endloop
  endfacet
  facet normal 0 0 1
    outer loop
      vertex -51 15.25 4
      vertex -55.325 12.1 4
      vertex -53.67 11.6 4
    endloop
  endfacet
  facet normal -0 0 1
    outer loop
      vertex -76.675 12.1 4
      vertex -53.67 11.6 4
      vertex -55.325 12.1 4
    endloop
  endfacet
  facet normal 0 0 1
    outer loop
      vertex -53.67 11.6 4
      vertex -76.675 12.1 4
      vertex -78.33 11.6 4
    endloop
  endfacet
  facet normal 0 0 1
    outer loop
      vertex -56.825 36.65 4
      vertex -60.125 13.9 4
      vertex -56.825 13.6 4
    endloop
  endfacet
  facet normal -0 0 1
    outer loop
      vertex -71.875 13.9 4
      vertex -56.825 13.6 4
      vertex -60.125 13.9 4
    endloop
  endfacet
  facet normal 0 0 1
    outer loop
      vertex -71.875 13.9 4
      vertex -75.175 13.6 4
      vertex -56.825 13.6 4
    endloop
  endfacet
  facet normal 0 0 1
    outer loop
      vertex -75.175 13.6 4
      vertex -71.875 13.9 4
      vertex -75.175 36.65 4
    endloop
  endfacet
  facet normal -0 0 1
    outer loop
      vertex 88.9888 -37.3334 4
      vertex 89.2 -42 4
      vertex 89.2 -36.9811 4
    endloop
  endfacet
  facet normal -0 0 1
    outer loop
      vertex 88.6381 -37.8064 4
      vertex 89.2 -42 4
      vertex 88.9888 -37.3334 4
    endloop
  endfacet
  facet normal -0 0 1
    outer loop
      vertex 88.2426 -38.2426 4
      vertex 89.2 -42 4
      vertex 88.6381 -37.8064 4
    endloop
  endfacet
  facet normal -0 0 1
    outer loop
      vertex 87.8064 -38.6381 4
      vertex 89.2 -42 4
      vertex 88.2426 -38.2426 4
    endloop
  endfacet
  facet normal -0 0 1
    outer loop
      vertex 87.3334 -38.9888 4
      vertex 89.2 -42 4
      vertex 87.8064 -38.6381 4
    endloop
  endfacet
  facet normal -0 0 1
    outer loop
      vertex 86.8284 -39.2915 4
      vertex 89.2 -42 4
      vertex 87.3334 -38.9888 4
    endloop
  endfacet
  facet normal -0 0 1
    outer loop
      vertex 86.2961 -39.5433 4
      vertex 89.2 -42 4
      vertex 86.8284 -39.2915 4
    endloop
  endfacet
  facet normal -0 0 1
    outer loop
      vertex 85.7417 -39.7416 4
      vertex 89.2 -42 4
      vertex 86.2961 -39.5433 4
    endloop
  endfacet
  facet normal 0 0 1
    outer loop
      vertex 89.2 -42 4
      vertex 85.7417 -39.7416 4
      vertex 89.1653 -42.7057 4
    endloop
  endfacet
  facet normal 0 0 1
    outer loop
      vertex 89.1653 -42.7057 4
      vertex 85.7417 -39.7416 4
      vertex 89.0616 -43.4046 4
    endloop
  endfacet
  facet normal -0 0 1
    outer loop
      vertex 85.1705 -39.8847 4
      vertex 89.0616 -43.4046 4
      vertex 85.7417 -39.7416 4
    endloop
  endfacet
  facet normal 0 0 1
    outer loop
      vertex 89.0616 -43.4046 4
      vertex 85.1705 -39.8847 4
      vertex 88.89 -44.09 4
    endloop
  endfacet
  facet normal 0 0 1
    outer loop
      vertex 88.89 -44.09 4
      vertex 85.1705 -39.8847 4
      vertex 88.6519 -44.7553 4
    endloop
  endfacet
  facet normal -0 0 1
    outer loop
      vertex 84.5881 -39.9711 4
      vertex 88.6519 -44.7553 4
      vertex 85.1705 -39.8847 4
    endloop
  endfacet
  facet normal 0 0 1
    outer loop
      vertex 88.6519 -44.7553 4
      vertex 84.5881 -39.9711 4
      vertex 88.3498 -45.394 4
    endloop
  endfacet
  facet normal 0 0 1
    outer loop
      vertex 88.3498 -45.394 4
      vertex 84.5881 -39.9711 4
      vertex 87.9866 -46.0001 4
    endloop
  endfacet
  facet normal 0 0 1
    outer loop
      vertex 87.9866 -46.0001 4
      vertex 84.5881 -39.9711 4
      vertex 87.5657 -46.5676 4
    endloop
  endfacet
  facet normal -0 0 1
    outer loop
      vertex 84 -40 4
      vertex 87.5657 -46.5676 4
      vertex 84.5881 -39.9711 4
    endloop
  endfacet
  facet normal 0 0 1
    outer loop
      vertex 87.5657 -46.5676 4
      vertex 84 -40 4
      vertex 87.0912 -47.0912 4
    endloop
  endfacet
  facet normal 0 0 1
    outer loop
      vertex 87.0912 -47.0912 4
      vertex 84 -40 4
      vertex 86.5676 -47.5657 4
    endloop
  endfacet
  facet normal 0 0 1
    outer loop
      vertex 86.5676 -47.5657 4
      vertex 84 -40 4
      vertex 86.0001 -47.9866 4
    endloop
  endfacet
  facet normal 0 0 1
    outer loop
      vertex 86.0001 -47.9866 4
      vertex 84 -40 4
      vertex 85.394 -48.3498 4
    endloop
  endfacet
  facet normal 0 0 1
    outer loop
      vertex 85.394 -48.3498 4
      vertex 84 -40 4
      vertex 84.7553 -48.6519 4
    endloop
  endfacet
  facet normal 0 0 1
    outer loop
      vertex 84.7553 -48.6519 4
      vertex 84 -40 4
      vertex 84.09 -48.89 4
    endloop
  endfacet
  facet normal 0 0 1
    outer loop
      vertex 84 -40 4
      vertex 83.4046 -49.0616 4
      vertex 84.09 -48.89 4
    endloop
  endfacet
  facet normal 0 0 1
    outer loop
      vertex 84 -40 4
      vertex 82.7057 -49.1653 4
      vertex 83.4046 -49.0616 4
    endloop
  endfacet
  facet normal 0 0 1
    outer loop
      vertex 84 -40 4
      vertex 82 -49.2 4
      vertex 82.7057 -49.1653 4
    endloop
  endfacet
  facet normal 0 0 1
    outer loop
      vertex 84 -40 4
      vertex -82 -49.2 4
      vertex 82 -49.2 4
    endloop
  endfacet
  facet normal -0 0 1
    outer loop
      vertex -84 -40 4
      vertex -82 -49.2 4
      vertex 84 -40 4
    endloop
  endfacet
  facet normal 0 0 1
    outer loop
      vertex -82 -49.2 4
      vertex -84 -40 4
      vertex -82.7057 -49.1653 4
    endloop
  endfacet
  facet normal 0 0 1
    outer loop
      vertex -82.7057 -49.1653 4
      vertex -84 -40 4
      vertex -83.4046 -49.0616 4
    endloop
  endfacet
  facet normal 0 0 1
    outer loop
      vertex -84 -40 4
      vertex -84.09 -48.89 4
      vertex -83.4046 -49.0616 4
    endloop
  endfacet
  facet normal 0 0 1
    outer loop
      vertex -87.5657 -46.5676 4
      vertex -84 -40 4
      vertex -84.5881 -39.9711 4
    endloop
  endfacet
  facet normal 0 0 1
    outer loop
      vertex -84 -40 4
      vertex -84.7553 -48.6519 4
      vertex -84.09 -48.89 4
    endloop
  endfacet
  facet normal 0 0 1
    outer loop
      vertex -88.6519 -44.7553 4
      vertex -84.5881 -39.9711 4
      vertex -85.1705 -39.8847 4
    endloop
  endfacet
  facet normal 0 0 1
    outer loop
      vertex -84 -40 4
      vertex -85.394 -48.3498 4
      vertex -84.7553 -48.6519 4
    endloop
  endfacet
  facet normal 0 0 1
    outer loop
      vertex -89.0616 -43.4046 4
      vertex -85.1705 -39.8847 4
      vertex -85.7417 -39.7416 4
    endloop
  endfacet
  facet normal 0 0 1
    outer loop
      vertex -84 -40 4
      vertex -86.0001 -47.9866 4
      vertex -85.394 -48.3498 4
    endloop
  endfacet
  facet normal 0 0 1
    outer loop
      vertex -89.2 -42 4
      vertex -85.7417 -39.7416 4
      vertex -86.2961 -39.5433 4
    endloop
  endfacet
  facet normal 0 0 1
    outer loop
      vertex -84 -40 4
      vertex -86.5676 -47.5657 4
      vertex -86.0001 -47.9866 4
    endloop
  endfacet
  facet normal 0 0 1
    outer loop
      vertex -89.2 -42 4
      vertex -86.2961 -39.5433 4
      vertex -86.8284 -39.2915 4
    endloop
  endfacet
  facet normal 0 0 1
    outer loop
      vertex -84 -40 4
      vertex -87.0912 -47.0912 4
      vertex -86.5676 -47.5657 4
    endloop
  endfacet
  facet normal 0 0 1
    outer loop
      vertex -89.2 -42 4
      vertex -86.8284 -39.2915 4
      vertex -87.3334 -38.9888 4
    endloop
  endfacet
  facet normal 0 0 1
    outer loop
      vertex -84 -40 4
      vertex -87.5657 -46.5676 4
      vertex -87.0912 -47.0912 4
    endloop
  endfacet
  facet normal 0 0 1
    outer loop
      vertex -89.2 -42 4
      vertex -87.3334 -38.9888 4
      vertex -87.8064 -38.6381 4
    endloop
  endfacet
  facet normal 0 0 1
    outer loop
      vertex -84.5881 -39.9711 4
      vertex -87.9866 -46.0001 4
      vertex -87.5657 -46.5676 4
    endloop
  endfacet
  facet normal 0 0 1
    outer loop
      vertex -89.2 -42 4
      vertex -87.8064 -38.6381 4
      vertex -88.2426 -38.2426 4
    endloop
  endfacet
  facet normal 0 0 1
    outer loop
      vertex -85.7417 -39.7416 4
      vertex -89.2 -42 4
      vertex -89.1653 -42.7057 4
    endloop
  endfacet
  facet normal 0 0 1
    outer loop
      vertex -89.2 -42 4
      vertex -88.2426 -38.2426 4
      vertex -88.6381 -37.8064 4
    endloop
  endfacet
  facet normal 0 0 1
    outer loop
      vertex -84.5881 -39.9711 4
      vertex -88.3498 -45.394 4
      vertex -87.9866 -46.0001 4
    endloop
  endfacet
  facet normal 0 0 1
    outer loop
      vertex -84.5881 -39.9711 4
      vertex -88.6519 -44.7553 4
      vertex -88.3498 -45.394 4
    endloop
  endfacet
  facet normal 0 0 1
    outer loop
      vertex -89.2 -42 4
      vertex -88.6381 -37.8064 4
      vertex -88.9888 -37.3334 4
    endloop
  endfacet
  facet normal 0 0 1
    outer loop
      vertex -85.1705 -39.8847 4
      vertex -88.89 -44.09 4
      vertex -88.6519 -44.7553 4
    endloop
  endfacet
  facet normal 0 0 1
    outer loop
      vertex -85.1705 -39.8847 4
      vertex -89.0616 -43.4046 4
      vertex -88.89 -44.09 4
    endloop
  endfacet
  facet normal 0 0 1
    outer loop
      vertex -89.2 -42 4
      vertex -88.9888 -37.3334 4
      vertex -89.2 -36.9811 4
    endloop
  endfacet
  facet normal 0 0 1
    outer loop
      vertex -85.7417 -39.7416 4
      vertex -89.1653 -42.7057 4
      vertex -89.0616 -43.4046 4
    endloop
  endfacet
  facet normal 0 0 1
    outer loop
      vertex 85.7417 39.7416 4
      vertex 89.2 42 4
      vertex 89.1653 42.7057 4
    endloop
  endfacet
  facet normal 0 0 1
    outer loop
      vertex 85.7417 39.7416 4
      vertex 89.1653 42.7057 4
      vertex 89.0616 43.4046 4
    endloop
  endfacet
  facet normal 0 0 1
    outer loop
      vertex 89.2 42 4
      vertex 88.9888 37.3334 4
      vertex 89.2 36.9811 4
    endloop
  endfacet
  facet normal 0 0 1
    outer loop
      vertex 85.1705 39.8847 4
      vertex 89.0616 43.4046 4
      vertex 88.89 44.09 4
    endloop
  endfacet
  facet normal 0 0 1
    outer loop
      vertex 85.1705 39.8847 4
      vertex 88.89 44.09 4
      vertex 88.6519 44.7553 4
    endloop
  endfacet
  facet normal 0 0 1
    outer loop
      vertex 89.2 42 4
      vertex 88.6381 37.8064 4
      vertex 88.9888 37.3334 4
    endloop
  endfacet
  facet normal 0 0 1
    outer loop
      vertex 84.5881 39.9711 4
      vertex 88.6519 44.7553 4
      vertex 88.3498 45.394 4
    endloop
  endfacet
  facet normal 0 0 1
    outer loop
      vertex 89.2 42 4
      vertex 88.2426 38.2426 4
      vertex 88.6381 37.8064 4
    endloop
  endfacet
  facet normal 0 0 1
    outer loop
      vertex 84.5881 39.9711 4
      vertex 88.3498 45.394 4
      vertex 87.9866 46.0001 4
    endloop
  endfacet
  facet normal 0 0 1
    outer loop
      vertex 89.2 42 4
      vertex 87.8064 38.6381 4
      vertex 88.2426 38.2426 4
    endloop
  endfacet
  facet normal 0 0 1
    outer loop
      vertex 84.5881 39.9711 4
      vertex 87.9866 46.0001 4
      vertex 87.5657 46.5676 4
    endloop
  endfacet
  facet normal 0 0 1
    outer loop
      vertex 89.2 42 4
      vertex 87.3334 38.9888 4
      vertex 87.8064 38.6381 4
    endloop
  endfacet
  facet normal 0 0 1
    outer loop
      vertex 84 40 4
      vertex 87.5657 46.5676 4
      vertex 87.0912 47.0912 4
    endloop
  endfacet
  facet normal 0 0 1
    outer loop
      vertex 89.2 42 4
      vertex 86.8284 39.2915 4
      vertex 87.3334 38.9888 4
    endloop
  endfacet
  facet normal 0 0 1
    outer loop
      vertex 84 40 4
      vertex 87.0912 47.0912 4
      vertex 86.5676 47.5657 4
    endloop
  endfacet
  facet normal 0 0 1
    outer loop
      vertex 89.2 42 4
      vertex 86.2961 39.5433 4
      vertex 86.8284 39.2915 4
    endloop
  endfacet
  facet normal 0 0 1
    outer loop
      vertex 84 40 4
      vertex 86.5676 47.5657 4
      vertex 86.0001 47.9866 4
    endloop
  endfacet
  facet normal 0 0 1
    outer loop
      vertex 89.2 42 4
      vertex 85.7417 39.7416 4
      vertex 86.2961 39.5433 4
    endloop
  endfacet
  facet normal 0 0 1
    outer loop
      vertex 84 40 4
      vertex 86.0001 47.9866 4
      vertex 85.394 48.3498 4
    endloop
  endfacet
  facet normal 0 0 1
    outer loop
      vertex 89.0616 43.4046 4
      vertex 85.1705 39.8847 4
      vertex 85.7417 39.7416 4
    endloop
  endfacet
  facet normal 0 0 1
    outer loop
      vertex 84 40 4
      vertex 85.394 48.3498 4
      vertex 84.7553 48.6519 4
    endloop
  endfacet
  facet normal 0 0 1
    outer loop
      vertex 88.6519 44.7553 4
      vertex 84.5881 39.9711 4
      vertex 85.1705 39.8847 4
    endloop
  endfacet
  facet normal 0 0 1
    outer loop
      vertex 84 40 4
      vertex 84.7553 48.6519 4
      vertex 84.09 48.89 4
    endloop
  endfacet
  facet normal 0 0 1
    outer loop
      vertex 87.5657 46.5676 4
      vertex 84 40 4
      vertex 84.5881 39.9711 4
    endloop
  endfacet
  facet normal 0 0 1
    outer loop
      vertex 83.4046 49.0616 4
      vertex 84 40 4
      vertex 84.09 48.89 4
    endloop
  endfacet
  facet normal 0 0 1
    outer loop
      vertex 82.7057 49.1653 4
      vertex 84 40 4
      vertex 83.4046 49.0616 4
    endloop
  endfacet
  facet normal 0 0 1
    outer loop
      vertex 82 49.2 4
      vertex 84 40 4
      vertex 82.7057 49.1653 4
    endloop
  endfacet
  facet normal -0 0 1
    outer loop
      vertex -82 49.2 4
      vertex 84 40 4
      vertex 82 49.2 4
    endloop
  endfacet
  facet normal 0 0 1
    outer loop
      vertex -84 40 4
      vertex -82 49.2 4
      vertex -82.7057 49.1653 4
    endloop
  endfacet
  facet normal 0 0 1
    outer loop
      vertex -84 40 4
      vertex -82.7057 49.1653 4
      vertex -83.4046 49.0616 4
    endloop
  endfacet
  facet normal 0 0 1
    outer loop
      vertex -82 49.2 4
      vertex -84 40 4
      vertex 84 40 4
    endloop
  endfacet
  facet normal -0 0 1
    outer loop
      vertex -84.09 48.89 4
      vertex -84 40 4
      vertex -83.4046 49.0616 4
    endloop
  endfacet
  facet normal -0 0 1
    outer loop
      vertex -84.7553 48.6519 4
      vertex -84 40 4
      vertex -84.09 48.89 4
    endloop
  endfacet
  facet normal -0 0 1
    outer loop
      vertex -85.394 48.3498 4
      vertex -84 40 4
      vertex -84.7553 48.6519 4
    endloop
  endfacet
  facet normal -0 0 1
    outer loop
      vertex -86.0001 47.9866 4
      vertex -84 40 4
      vertex -85.394 48.3498 4
    endloop
  endfacet
  facet normal -0 0 1
    outer loop
      vertex -86.5676 47.5657 4
      vertex -84 40 4
      vertex -86.0001 47.9866 4
    endloop
  endfacet
  facet normal -0 0 1
    outer loop
      vertex -87.0912 47.0912 4
      vertex -84 40 4
      vertex -86.5676 47.5657 4
    endloop
  endfacet
  facet normal -0 0 1
    outer loop
      vertex -87.5657 46.5676 4
      vertex -84 40 4
      vertex -87.0912 47.0912 4
    endloop
  endfacet
  facet normal 0 0 1
    outer loop
      vertex -84 40 4
      vertex -87.5657 46.5676 4
      vertex -84.5881 39.9711 4
    endloop
  endfacet
  facet normal -0 0 1
    outer loop
      vertex -87.9866 46.0001 4
      vertex -84.5881 39.9711 4
      vertex -87.5657 46.5676 4
    endloop
  endfacet
  facet normal -0 0 1
    outer loop
      vertex -88.3498 45.394 4
      vertex -84.5881 39.9711 4
      vertex -87.9866 46.0001 4
    endloop
  endfacet
  facet normal -0 0 1
    outer loop
      vertex -88.6519 44.7553 4
      vertex -84.5881 39.9711 4
      vertex -88.3498 45.394 4
    endloop
  endfacet
  facet normal 0 0 1
    outer loop
      vertex -84.5881 39.9711 4
      vertex -88.6519 44.7553 4
      vertex -85.1705 39.8847 4
    endloop
  endfacet
  facet normal -0 0 1
    outer loop
      vertex -88.89 44.09 4
      vertex -85.1705 39.8847 4
      vertex -88.6519 44.7553 4
    endloop
  endfacet
  facet normal -0 0 1
    outer loop
      vertex -89.0616 43.4046 4
      vertex -85.1705 39.8847 4
      vertex -88.89 44.09 4
    endloop
  endfacet
  facet normal 0 0 1
    outer loop
      vertex -85.1705 39.8847 4
      vertex -89.0616 43.4046 4
      vertex -85.7417 39.7416 4
    endloop
  endfacet
  facet normal -0 0 1
    outer loop
      vertex -89.1653 42.7057 4
      vertex -85.7417 39.7416 4
      vertex -89.0616 43.4046 4
    endloop
  endfacet
  facet normal -0 0 1
    outer loop
      vertex -89.2 42 4
      vertex -85.7417 39.7416 4
      vertex -89.1653 42.7057 4
    endloop
  endfacet
  facet normal 0 0 1
    outer loop
      vertex -87.8064 38.6381 4
      vertex -89.2 42 4
      vertex -88.2426 38.2426 4
    endloop
  endfacet
  facet normal 0 0 1
    outer loop
      vertex -85.7417 39.7416 4
      vertex -89.2 42 4
      vertex -86.2961 39.5433 4
    endloop
  endfacet
  facet normal 0 0 1
    outer loop
      vertex -86.2961 39.5433 4
      vertex -89.2 42 4
      vertex -86.8284 39.2915 4
    endloop
  endfacet
  facet normal 0 0 1
    outer loop
      vertex -88.2426 38.2426 4
      vertex -89.2 42 4
      vertex -88.6381 37.8064 4
    endloop
  endfacet
  facet normal 0 0 1
    outer loop
      vertex -86.8284 39.2915 4
      vertex -89.2 42 4
      vertex -87.3334 38.9888 4
    endloop
  endfacet
  facet normal 0 0 1
    outer loop
      vertex -87.3334 38.9888 4
      vertex -89.2 42 4
      vertex -87.8064 38.6381 4
    endloop
  endfacet
  facet normal 0 0 1
    outer loop
      vertex -88.6381 37.8064 4
      vertex -89.2 42 4
      vertex -88.9888 37.3334 4
    endloop
  endfacet
  facet normal 0 0 1
    outer loop
      vertex -88.9888 37.3334 4
      vertex -89.2 42 4
      vertex -89.2 36.9811 4
    endloop
  endfacet
  facet normal 0 0 1
    outer loop
      vertex -55.17 10.1 4
      vertex -55.47 6.3 4
      vertex -55.17 -24.85 4
    endloop
  endfacet
  facet normal 0 0 1
    outer loop
      vertex -55.17 10.1 4
      vertex -76.53 6.3 4
      vertex -55.47 6.3 4
    endloop
  endfacet
  facet normal 0 0 1
    outer loop
      vertex -76.53 6.3 4
      vertex -76.83 10.1 4
      vertex -76.53 -21.05 4
    endloop
  endfacet
  facet normal -0 0 1
    outer loop
      vertex -76.83 10.1 4
      vertex -76.53 6.3 4
      vertex -55.17 10.1 4
    endloop
  endfacet
  facet normal -0 0 1
    outer loop
      vertex -55.47 -21.05 4
      vertex -55.17 -24.85 4
      vertex -55.47 6.3 4
    endloop
  endfacet
  facet normal -0 0 1
    outer loop
      vertex -76.53 -21.05 4
      vertex -55.17 -24.85 4
      vertex -55.47 -21.05 4
    endloop
  endfacet
  facet normal 0 0 1
    outer loop
      vertex -76.53 -21.05 4
      vertex -76.83 -24.85 4
      vertex -55.17 -24.85 4
    endloop
  endfacet
  facet normal 0 0 1
    outer loop
      vertex -76.83 -24.85 4
      vertex -76.53 -21.05 4
      vertex -76.83 10.1 4
    endloop
  endfacet
  facet normal 0 0 1
    outer loop
      vertex 88.4 9.25 4
      vertex 39.5 0 4
      vertex 88.4 -9.25 4
    endloop
  endfacet
  facet normal 0 0 1
    outer loop
      vertex 88.4 9.25 4
      vertex 39.4783 0.441076 4
      vertex 39.5 0 4
    endloop
  endfacet
  facet normal 0 0 1
    outer loop
      vertex 88.4 9.25 4
      vertex 39.4135 0.877906 4
      vertex 39.4783 0.441076 4
    endloop
  endfacet
  facet normal 0 0 1
    outer loop
      vertex 88.4 9.25 4
      vertex 39.3062 1.30628 4
      vertex 39.4135 0.877906 4
    endloop
  endfacet
  facet normal 0 0 1
    outer loop
      vertex 88.4 9.25 4
      vertex 39.1575 1.72207 4
      vertex 39.3062 1.30628 4
    endloop
  endfacet
  facet normal 0 0 1
    outer loop
      vertex 88.4 9.25 4
      vertex 38.9686 2.12128 4
      vertex 39.1575 1.72207 4
    endloop
  endfacet
  facet normal 0 0 1
    outer loop
      vertex 88.4 9.25 4
      vertex 38.7416 2.50007 4
      vertex 38.9686 2.12128 4
    endloop
  endfacet
  facet normal 0 0 1
    outer loop
      vertex 88.4 9.25 4
      vertex 38.4785 2.85477 4
      vertex 38.7416 2.50007 4
    endloop
  endfacet
  facet normal 0 0 1
    outer loop
      vertex 88.4 9.25 4
      vertex 38.182 3.18198 4
      vertex 38.4785 2.85477 4
    endloop
  endfacet
  facet normal 0 0 1
    outer loop
      vertex 88.4 9.25 4
      vertex 37.8548 3.47855 4
      vertex 38.182 3.18198 4
    endloop
  endfacet
  facet normal 0 0 1
    outer loop
      vertex 88.4 9.25 4
      vertex 37.5001 3.74161 4
      vertex 37.8548 3.47855 4
    endloop
  endfacet
  facet normal 0 0 1
    outer loop
      vertex 88.4 9.25 4
      vertex 37.1213 3.96865 4
      vertex 37.5001 3.74161 4
    endloop
  endfacet
  facet normal 0 0 1
    outer loop
      vertex 88.4 9.25 4
      vertex 36.7221 4.15746 4
      vertex 37.1213 3.96865 4
    endloop
  endfacet
  facet normal 0 0 1
    outer loop
      vertex 88.4 9.25 4
      vertex 36.3063 4.30623 4
      vertex 36.7221 4.15746 4
    endloop
  endfacet
  facet normal 0 0 1
    outer loop
      vertex 88.4 9.25 4
      vertex 35.8779 4.41353 4
      vertex 36.3063 4.30623 4
    endloop
  endfacet
  facet normal 0 0 1
    outer loop
      vertex 88.4 9.25 4
      vertex 35.4411 4.47833 4
      vertex 35.8779 4.41353 4
    endloop
  endfacet
  facet normal 0 0 1
    outer loop
      vertex 88.4 9.25 4
      vertex 35 4.5 4
      vertex 35.4411 4.47833 4
    endloop
  endfacet
  facet normal -0 0 1
    outer loop
      vertex -16 9.25 4
      vertex 35 4.5 4
      vertex 88.4 9.25 4
    endloop
  endfacet
  facet normal 0 0 1
    outer loop
      vertex 30.5217 0.441076 4
      vertex 24.5 0 4
      vertex 30.5 0 4
    endloop
  endfacet
  facet normal 0 0 1
    outer loop
      vertex 24.4783 0.441076 4
      vertex 30.5217 0.441076 4
      vertex 30.5865 0.877906 4
    endloop
  endfacet
  facet normal 0 0 1
    outer loop
      vertex 24.4135 0.877906 4
      vertex 30.5865 0.877906 4
      vertex 30.6938 1.30628 4
    endloop
  endfacet
  facet normal 0 0 1
    outer loop
      vertex 24.3062 1.30628 4
      vertex 30.6938 1.30628 4
      vertex 30.8425 1.72207 4
    endloop
  endfacet
  facet normal 0 0 1
    outer loop
      vertex 24.1575 1.72207 4
      vertex 30.8425 1.72207 4
      vertex 31.0314 2.12128 4
    endloop
  endfacet
  facet normal 0 0 1
    outer loop
      vertex 23.9686 2.12128 4
      vertex 31.0314 2.12128 4
      vertex 31.2584 2.50007 4
    endloop
  endfacet
  facet normal 0 0 1
    outer loop
      vertex 23.7416 2.50007 4
      vertex 31.2584 2.50007 4
      vertex 31.5215 2.85477 4
    endloop
  endfacet
  facet normal 0 0 1
    outer loop
      vertex 23.4785 2.85477 4
      vertex 31.5215 2.85477 4
      vertex 31.818 3.18198 4
    endloop
  endfacet
  facet normal 0 0 1
    outer loop
      vertex 23.182 3.18198 4
      vertex 31.818 3.18198 4
      vertex 32.1452 3.47855 4
    endloop
  endfacet
  facet normal 0 0 1
    outer loop
      vertex 22.8548 3.47855 4
      vertex 32.1452 3.47855 4
      vertex 32.4999 3.74161 4
    endloop
  endfacet
  facet normal 0 0 1
    outer loop
      vertex 22.5001 3.74161 4
      vertex 32.4999 3.74161 4
      vertex 32.8787 3.96865 4
    endloop
  endfacet
  facet normal 0 0 1
    outer loop
      vertex 30.5217 0.441076 4
      vertex 24.4783 0.441076 4
      vertex 24.5 0 4
    endloop
  endfacet
  facet normal 0 0 1
    outer loop
      vertex 22.1213 3.96865 4
      vertex 32.8787 3.96865 4
      vertex 33.2779 4.15746 4
    endloop
  endfacet
  facet normal 0 0 1
    outer loop
      vertex 30.5865 0.877906 4
      vertex 24.4135 0.877906 4
      vertex 24.4783 0.441076 4
    endloop
  endfacet
  facet normal 0 0 1
    outer loop
      vertex 30.6938 1.30628 4
      vertex 24.3062 1.30628 4
      vertex 24.4135 0.877906 4
    endloop
  endfacet
  facet normal 0 0 1
    outer loop
      vertex 21.7221 4.15746 4
      vertex 33.2779 4.15746 4
      vertex 33.6937 4.30623 4
    endloop
  endfacet
  facet normal 0 0 1
    outer loop
      vertex 30.8425 1.72207 4
      vertex 24.1575 1.72207 4
      vertex 24.3062 1.30628 4
    endloop
  endfacet
  facet normal 0 0 1
    outer loop
      vertex 31.0314 2.12128 4
      vertex 23.9686 2.12128 4
      vertex 24.1575 1.72207 4
    endloop
  endfacet
  facet normal 0 0 1
    outer loop
      vertex 21.3063 4.30623 4
      vertex 33.6937 4.30623 4
      vertex 34.1221 4.41353 4
    endloop
  endfacet
  facet normal 0 0 1
    outer loop
      vertex 31.2584 2.50007 4
      vertex 23.7416 2.50007 4
      vertex 23.9686 2.12128 4
    endloop
  endfacet
  facet normal 0 0 1
    outer loop
      vertex 31.5215 2.85477 4
      vertex 23.4785 2.85477 4
      vertex 23.7416 2.50007 4
    endloop
  endfacet
  facet normal 0 0 1
    outer loop
      vertex 20.8779 4.41353 4
      vertex 34.1221 4.41353 4
      vertex 34.5589 4.47833 4
    endloop
  endfacet
  facet normal 0 0 1
    outer loop
      vertex 31.818 3.18198 4
      vertex 23.182 3.18198 4
      vertex 23.4785 2.85477 4
    endloop
  endfacet
  facet normal 0 0 1
    outer loop
      vertex 32.1452 3.47855 4
      vertex 22.8548 3.47855 4
      vertex 23.182 3.18198 4
    endloop
  endfacet
  facet normal 0 -0 1
    outer loop
      vertex 20 4.5 4
      vertex 35 4.5 4
      vertex -16 9.25 4
    endloop
  endfacet
  facet normal 0 0 1
    outer loop
      vertex 32.4999 3.74161 4
      vertex 22.5001 3.74161 4
      vertex 22.8548 3.47855 4
    endloop
  endfacet
  facet normal 0 0 1
    outer loop
      vertex 32.8787 3.96865 4
      vertex 22.1213 3.96865 4
      vertex 22.5001 3.74161 4
    endloop
  endfacet
  facet normal 0 0 1
    outer loop
      vertex 33.2779 4.15746 4
      vertex 21.7221 4.15746 4
      vertex 22.1213 3.96865 4
    endloop
  endfacet
  facet normal 0 0 1
    outer loop
      vertex 33.6937 4.30623 4
      vertex 21.3063 4.30623 4
      vertex 21.7221 4.15746 4
    endloop
  endfacet
  facet normal 0 0 1
    outer loop
      vertex 34.1221 4.41353 4
      vertex 20.8779 4.41353 4
      vertex 21.3063 4.30623 4
    endloop
  endfacet
  facet normal 0 0 1
    outer loop
      vertex 34.5589 4.47833 4
      vertex 20.4411 4.47833 4
      vertex 20.8779 4.41353 4
    endloop
  endfacet
  facet normal 0 0 1
    outer loop
      vertex 35 4.5 4
      vertex 20 4.5 4
      vertex 34.5589 4.47833 4
    endloop
  endfacet
  facet normal 0 0 1
    outer loop
      vertex 34.5589 4.47833 4
      vertex 20 4.5 4
      vertex 20.4411 4.47833 4
    endloop
  endfacet
  facet normal 0 0 1
    outer loop
      vertex 15.5217 0.441076 4
      vertex -16 9.25 4
      vertex 15.5 0 4
    endloop
  endfacet
  facet normal 0 0 1
    outer loop
      vertex 15.5865 0.877906 4
      vertex -16 9.25 4
      vertex 15.5217 0.441076 4
    endloop
  endfacet
  facet normal 0 0 1
    outer loop
      vertex 15.6938 1.30628 4
      vertex -16 9.25 4
      vertex 15.5865 0.877906 4
    endloop
  endfacet
  facet normal 0 0 1
    outer loop
      vertex 15.8425 1.72207 4
      vertex -16 9.25 4
      vertex 15.6938 1.30628 4
    endloop
  endfacet
  facet normal 0 0 1
    outer loop
      vertex 16.0314 2.12128 4
      vertex -16 9.25 4
      vertex 15.8425 1.72207 4
    endloop
  endfacet
  facet normal 0 0 1
    outer loop
      vertex 16.2584 2.50007 4
      vertex -16 9.25 4
      vertex 16.0314 2.12128 4
    endloop
  endfacet
  facet normal 0 0 1
    outer loop
      vertex 16.5215 2.85477 4
      vertex -16 9.25 4
      vertex 16.2584 2.50007 4
    endloop
  endfacet
  facet normal 0 0 1
    outer loop
      vertex 16.818 3.18198 4
      vertex -16 9.25 4
      vertex 16.5215 2.85477 4
    endloop
  endfacet
  facet normal 0 0 1
    outer loop
      vertex 17.1452 3.47855 4
      vertex -16 9.25 4
      vertex 16.818 3.18198 4
    endloop
  endfacet
  facet normal 0 0 1
    outer loop
      vertex 17.4999 3.74161 4
      vertex -16 9.25 4
      vertex 17.1452 3.47855 4
    endloop
  endfacet
  facet normal 0 0 1
    outer loop
      vertex 17.8787 3.96865 4
      vertex -16 9.25 4
      vertex 17.4999 3.74161 4
    endloop
  endfacet
  facet normal 0 0 1
    outer loop
      vertex 18.2779 4.15746 4
      vertex -16 9.25 4
      vertex 17.8787 3.96865 4
    endloop
  endfacet
  facet normal 0 0 1
    outer loop
      vertex 18.6937 4.30623 4
      vertex -16 9.25 4
      vertex 18.2779 4.15746 4
    endloop
  endfacet
  facet normal 0 0 1
    outer loop
      vertex 19.1221 4.41353 4
      vertex -16 9.25 4
      vertex 18.6937 4.30623 4
    endloop
  endfacet
  facet normal 0 0 1
    outer loop
      vertex 19.5589 4.47833 4
      vertex -16 9.25 4
      vertex 19.1221 4.41353 4
    endloop
  endfacet
  facet normal 0 0 1
    outer loop
      vertex 20 4.5 4
      vertex -16 9.25 4
      vertex 19.5589 4.47833 4
    endloop
  endfacet
  facet normal -0 0 1
    outer loop
      vertex 39.4783 -0.441076 4
      vertex 88.4 -9.25 4
      vertex 39.5 0 4
    endloop
  endfacet
  facet normal -0 0 1
    outer loop
      vertex 39.4135 -0.877906 4
      vertex 88.4 -9.25 4
      vertex 39.4783 -0.441076 4
    endloop
  endfacet
  facet normal -0 0 1
    outer loop
      vertex 39.3062 -1.30628 4
      vertex 88.4 -9.25 4
      vertex 39.4135 -0.877906 4
    endloop
  endfacet
  facet normal -0 0 1
    outer loop
      vertex 39.1575 -1.72207 4
      vertex 88.4 -9.25 4
      vertex 39.3062 -1.30628 4
    endloop
  endfacet
  facet normal -0 0 1
    outer loop
      vertex 38.9686 -2.12128 4
      vertex 88.4 -9.25 4
      vertex 39.1575 -1.72207 4
    endloop
  endfacet
  facet normal -0 0 1
    outer loop
      vertex 38.7416 -2.50007 4
      vertex 88.4 -9.25 4
      vertex 38.9686 -2.12128 4
    endloop
  endfacet
  facet normal -0 0 1
    outer loop
      vertex 38.4785 -2.85477 4
      vertex 88.4 -9.25 4
      vertex 38.7416 -2.50007 4
    endloop
  endfacet
  facet normal -0 0 1
    outer loop
      vertex 38.182 -3.18198 4
      vertex 88.4 -9.25 4
      vertex 38.4785 -2.85477 4
    endloop
  endfacet
  facet normal -0 0 1
    outer loop
      vertex 37.8548 -3.47855 4
      vertex 88.4 -9.25 4
      vertex 38.182 -3.18198 4
    endloop
  endfacet
  facet normal -0 0 1
    outer loop
      vertex 37.5001 -3.74161 4
      vertex 88.4 -9.25 4
      vertex 37.8548 -3.47855 4
    endloop
  endfacet
  facet normal -0 0 1
    outer loop
      vertex 37.1213 -3.96865 4
      vertex 88.4 -9.25 4
      vertex 37.5001 -3.74161 4
    endloop
  endfacet
  facet normal -0 0 1
    outer loop
      vertex 36.7221 -4.15746 4
      vertex 88.4 -9.25 4
      vertex 37.1213 -3.96865 4
    endloop
  endfacet
  facet normal -0 0 1
    outer loop
      vertex 36.3063 -4.30623 4
      vertex 88.4 -9.25 4
      vertex 36.7221 -4.15746 4
    endloop
  endfacet
  facet normal -0 0 1
    outer loop
      vertex 35.8779 -4.41353 4
      vertex 88.4 -9.25 4
      vertex 36.3063 -4.30623 4
    endloop
  endfacet
  facet normal -0 0 1
    outer loop
      vertex 35.4411 -4.47833 4
      vertex 88.4 -9.25 4
      vertex 35.8779 -4.41353 4
    endloop
  endfacet
  facet normal -0 0 1
    outer loop
      vertex 35 -4.5 4
      vertex 88.4 -9.25 4
      vertex 35.4411 -4.47833 4
    endloop
  endfacet
  facet normal 0 0 1
    outer loop
      vertex 20 -4.5 4
      vertex 35 -4.5 4
      vertex 34.5589 -4.47833 4
    endloop
  endfacet
  facet normal -0 0 1
    outer loop
      vertex 24.5 0 4
      vertex 30.5217 -0.441076 4
      vertex 30.5 0 4
    endloop
  endfacet
  facet normal 0 0 1
    outer loop
      vertex 24.4783 -0.441076 4
      vertex 30.5217 -0.441076 4
      vertex 24.5 0 4
    endloop
  endfacet
  facet normal 0 0 1
    outer loop
      vertex 30.5217 -0.441076 4
      vertex 24.4783 -0.441076 4
      vertex 30.5865 -0.877906 4
    endloop
  endfacet
  facet normal 0 0 1
    outer loop
      vertex 24.4135 -0.877906 4
      vertex 30.5865 -0.877906 4
      vertex 24.4783 -0.441076 4
    endloop
  endfacet
  facet normal 0 0 1
    outer loop
      vertex 30.5865 -0.877906 4
      vertex 24.4135 -0.877906 4
      vertex 30.6938 -1.30628 4
    endloop
  endfacet
  facet normal 0 0 1
    outer loop
      vertex 24.3062 -1.30628 4
      vertex 30.6938 -1.30628 4
      vertex 24.4135 -0.877906 4
    endloop
  endfacet
  facet normal 0 0 1
    outer loop
      vertex 30.6938 -1.30628 4
      vertex 24.3062 -1.30628 4
      vertex 30.8425 -1.72207 4
    endloop
  endfacet
  facet normal 0 0 1
    outer loop
      vertex 24.1575 -1.72207 4
      vertex 30.8425 -1.72207 4
      vertex 24.3062 -1.30628 4
    endloop
  endfacet
  facet normal 0 0 1
    outer loop
      vertex 30.8425 -1.72207 4
      vertex 24.1575 -1.72207 4
      vertex 31.0314 -2.12128 4
    endloop
  endfacet
  facet normal 0 0 1
    outer loop
      vertex 23.9686 -2.12128 4
      vertex 31.0314 -2.12128 4
      vertex 24.1575 -1.72207 4
    endloop
  endfacet
  facet normal 0 0 1
    outer loop
      vertex 31.0314 -2.12128 4
      vertex 23.9686 -2.12128 4
      vertex 31.2584 -2.50007 4
    endloop
  endfacet
  facet normal 0 0 1
    outer loop
      vertex 23.7416 -2.50007 4
      vertex 31.2584 -2.50007 4
      vertex 23.9686 -2.12128 4
    endloop
  endfacet
  facet normal 0 0 1
    outer loop
      vertex 31.2584 -2.50007 4
      vertex 23.7416 -2.50007 4
      vertex 31.5215 -2.85477 4
    endloop
  endfacet
  facet normal 0 0 1
    outer loop
      vertex 23.4785 -2.85477 4
      vertex 31.5215 -2.85477 4
      vertex 23.7416 -2.50007 4
    endloop
  endfacet
  facet normal 0 0 1
    outer loop
      vertex 31.5215 -2.85477 4
      vertex 23.4785 -2.85477 4
      vertex 31.818 -3.18198 4
    endloop
  endfacet
  facet normal 0 0 1
    outer loop
      vertex 23.182 -3.18198 4
      vertex 31.818 -3.18198 4
      vertex 23.4785 -2.85477 4
    endloop
  endfacet
  facet normal 0 0 1
    outer loop
      vertex 31.818 -3.18198 4
      vertex 23.182 -3.18198 4
      vertex 32.1452 -3.47855 4
    endloop
  endfacet
  facet normal 0 0 1
    outer loop
      vertex 22.8548 -3.47855 4
      vertex 32.1452 -3.47855 4
      vertex 23.182 -3.18198 4
    endloop
  endfacet
  facet normal 0 0 1
    outer loop
      vertex 32.1452 -3.47855 4
      vertex 22.8548 -3.47855 4
      vertex 32.4999 -3.74161 4
    endloop
  endfacet
  facet normal 0 0 1
    outer loop
      vertex 22.5001 -3.74161 4
      vertex 32.4999 -3.74161 4
      vertex 22.8548 -3.47855 4
    endloop
  endfacet
  facet normal 0 0 1
    outer loop
      vertex 32.4999 -3.74161 4
      vertex 22.5001 -3.74161 4
      vertex 32.8787 -3.96865 4
    endloop
  endfacet
  facet normal 0 0 1
    outer loop
      vertex 22.1213 -3.96865 4
      vertex 32.8787 -3.96865 4
      vertex 22.5001 -3.74161 4
    endloop
  endfacet
  facet normal 0 0 1
    outer loop
      vertex 32.8787 -3.96865 4
      vertex 22.1213 -3.96865 4
      vertex 33.2779 -4.15746 4
    endloop
  endfacet
  facet normal 0 0 1
    outer loop
      vertex 21.7221 -4.15746 4
      vertex 33.2779 -4.15746 4
      vertex 22.1213 -3.96865 4
    endloop
  endfacet
  facet normal 0 0 1
    outer loop
      vertex 33.2779 -4.15746 4
      vertex 21.7221 -4.15746 4
      vertex 33.6937 -4.30623 4
    endloop
  endfacet
  facet normal 0 0 1
    outer loop
      vertex 21.3063 -4.30623 4
      vertex 33.6937 -4.30623 4
      vertex 21.7221 -4.15746 4
    endloop
  endfacet
  facet normal 0 0 1
    outer loop
      vertex 33.6937 -4.30623 4
      vertex 21.3063 -4.30623 4
      vertex 34.1221 -4.41353 4
    endloop
  endfacet
  facet normal 0 0 1
    outer loop
      vertex 20.8779 -4.41353 4
      vertex 34.1221 -4.41353 4
      vertex 21.3063 -4.30623 4
    endloop
  endfacet
  facet normal 0 0 1
    outer loop
      vertex 34.1221 -4.41353 4
      vertex 20.8779 -4.41353 4
      vertex 34.5589 -4.47833 4
    endloop
  endfacet
  facet normal 0 0 1
    outer loop
      vertex 20.4411 -4.47833 4
      vertex 34.5589 -4.47833 4
      vertex 20.8779 -4.41353 4
    endloop
  endfacet
  facet normal 0 0 1
    outer loop
      vertex 20 -4.5 4
      vertex 34.5589 -4.47833 4
      vertex 20.4411 -4.47833 4
    endloop
  endfacet
  facet normal 0 0 1
    outer loop
      vertex 35 -4.5 4
      vertex 20 -4.5 4
      vertex -16 -9.25 4
    endloop
  endfacet
  facet normal 0 0 1
    outer loop
      vertex -16 -9.25 4
      vertex 20 -4.5 4
      vertex 19.5589 -4.47833 4
    endloop
  endfacet
  facet normal 0 0 1
    outer loop
      vertex -16 -9.25 4
      vertex 15.5 0 4
      vertex -16 9.25 4
    endloop
  endfacet
  facet normal 0 0 1
    outer loop
      vertex 15.5 0 4
      vertex -16 -9.25 4
      vertex 15.5217 -0.441076 4
    endloop
  endfacet
  facet normal 0 0 1
    outer loop
      vertex 15.5217 -0.441076 4
      vertex -16 -9.25 4
      vertex 15.5865 -0.877906 4
    endloop
  endfacet
  facet normal 0 0 1
    outer loop
      vertex 15.5865 -0.877906 4
      vertex -16 -9.25 4
      vertex 15.6938 -1.30628 4
    endloop
  endfacet
  facet normal 0 0 1
    outer loop
      vertex 15.6938 -1.30628 4
      vertex -16 -9.25 4
      vertex 15.8425 -1.72207 4
    endloop
  endfacet
  facet normal 0 0 1
    outer loop
      vertex 15.8425 -1.72207 4
      vertex -16 -9.25 4
      vertex 16.0314 -2.12128 4
    endloop
  endfacet
  facet normal 0 0 1
    outer loop
      vertex 16.0314 -2.12128 4
      vertex -16 -9.25 4
      vertex 16.2584 -2.50007 4
    endloop
  endfacet
  facet normal 0 0 1
    outer loop
      vertex 16.2584 -2.50007 4
      vertex -16 -9.25 4
      vertex 16.5215 -2.85477 4
    endloop
  endfacet
  facet normal 0 0 1
    outer loop
      vertex 16.5215 -2.85477 4
      vertex -16 -9.25 4
      vertex 16.818 -3.18198 4
    endloop
  endfacet
  facet normal 0 0 1
    outer loop
      vertex 16.818 -3.18198 4
      vertex -16 -9.25 4
      vertex 17.1452 -3.47855 4
    endloop
  endfacet
  facet normal 0 0 1
    outer loop
      vertex 17.1452 -3.47855 4
      vertex -16 -9.25 4
      vertex 17.4999 -3.74161 4
    endloop
  endfacet
  facet normal 0 0 1
    outer loop
      vertex 17.4999 -3.74161 4
      vertex -16 -9.25 4
      vertex 17.8787 -3.96865 4
    endloop
  endfacet
  facet normal 0 0 1
    outer loop
      vertex 35 -4.5 4
      vertex -16 -9.25 4
      vertex 88.4 -9.25 4
    endloop
  endfacet
  facet normal 0 0 1
    outer loop
      vertex 19.1221 -4.41353 4
      vertex -16 -9.25 4
      vertex 19.5589 -4.47833 4
    endloop
  endfacet
  facet normal 0 0 1
    outer loop
      vertex 18.6937 -4.30623 4
      vertex -16 -9.25 4
      vertex 19.1221 -4.41353 4
    endloop
  endfacet
  facet normal 0 0 1
    outer loop
      vertex 18.2779 -4.15746 4
      vertex -16 -9.25 4
      vertex 18.6937 -4.30623 4
    endloop
  endfacet
  facet normal 0 0 1
    outer loop
      vertex 17.8787 -3.96865 4
      vertex -16 -9.25 4
      vertex 18.2779 -4.15746 4
    endloop
  endfacet
  facet normal -0.903898 0.427748 -6.2166e-19
    outer loop
      vertex 87.8804 -36.0741 4
      vertex 88.0651 -35.6838 21
      vertex 88.0651 -35.6838 4
    endloop
  endfacet
  facet normal -0.903898 0.427748 -6.2166e-19
    outer loop
      vertex 88.0651 -35.6838 21
      vertex 87.8804 -36.0741 4
      vertex 87.8804 -36.0741 21
    endloop
  endfacet
  facet normal 0.803102 0.595842 8.25545e-19
    outer loop
      vertex -87.4012 -36.7913 21
      vertex -87.6585 -36.4445 4
      vertex -87.6585 -36.4445 21
    endloop
  endfacet
  facet normal 0.803102 0.595842 8.25545e-19
    outer loop
      vertex -87.6585 -36.4445 4
      vertex -87.4012 -36.7913 21
      vertex -87.4012 -36.7913 4
    endloop
  endfacet
  facet normal -0.741102 0.671392 6.37419e-19
    outer loop
      vertex 87.1113 -37.1113 4
      vertex 87.4012 -36.7913 21
      vertex 87.4012 -36.7913 4
    endloop
  endfacet
  facet normal -0.741102 0.671392 6.37419e-19
    outer loop
      vertex 87.4012 -36.7913 21
      vertex 87.1113 -37.1113 4
      vertex 87.1113 -37.1113 21
    endloop
  endfacet
  facet normal 0.671392 -0.741102 0
    outer loop
      vertex -87.1113 37.1113 4
      vertex -86.7913 37.4012 21
      vertex -87.1113 37.1113 21
    endloop
  endfacet
  facet normal 0.671392 -0.741102 0
    outer loop
      vertex -86.7913 37.4012 21
      vertex -87.1113 37.1113 4
      vertex -86.7913 37.4012 4
    endloop
  endfacet
  facet normal -0.513917 -0.85784 0
    outer loop
      vertex 86.0741 37.8804 4
      vertex 86.4445 37.6585 21
      vertex 86.0741 37.8804 21
    endloop
  endfacet
  facet normal -0.513917 -0.85784 -0
    outer loop
      vertex 86.4445 37.6585 21
      vertex 86.0741 37.8804 4
      vertex 86.4445 37.6585 4
    endloop
  endfacet
  facet normal 0.941579 0.336791 -1.86681e-19
    outer loop
      vertex -88.0651 -35.6838 21
      vertex -88.2105 -35.2773 4
      vertex -88.2105 -35.2773 21
    endloop
  endfacet
  facet normal 0.941579 0.336791 -1.86681e-19
    outer loop
      vertex -88.2105 -35.2773 4
      vertex -88.0651 -35.6838 21
      vertex -88.0651 -35.6838 4
    endloop
  endfacet
  facet normal 0.903898 -0.427748 -6.2166e-19
    outer loop
      vertex -88.0651 35.6838 21
      vertex -87.8804 36.0741 4
      vertex -87.8804 36.0741 21
    endloop
  endfacet
  facet normal 0.903898 -0.427748 -6.2166e-19
    outer loop
      vertex -87.8804 36.0741 4
      vertex -88.0651 35.6838 21
      vertex -88.0651 35.6838 4
    endloop
  endfacet
  facet normal 0.0490944 0.998794 -0
    outer loop
      vertex -84 -38.4 4
      vertex -84.4313 -38.3788 21
      vertex -84 -38.4 21
    endloop
  endfacet
  facet normal 0.0490944 0.998794 0
    outer loop
      vertex -84.4313 -38.3788 21
      vertex -84 -38.4 4
      vertex -84.4313 -38.3788 4
    endloop
  endfacet
  facet normal -0.0490944 0.998794 0
    outer loop
      vertex 84.4313 -38.3788 4
      vertex 84 -38.4 21
      vertex 84.4313 -38.3788 21
    endloop
  endfacet
  facet normal -0.0490944 0.998794 0
    outer loop
      vertex 84 -38.4 21
      vertex 84.4313 -38.3788 4
      vertex 84 -38.4 4
    endloop
  endfacet
  facet normal 0.513917 0.85784 -0
    outer loop
      vertex -86.0741 -37.8804 4
      vertex -86.4445 -37.6585 21
      vertex -86.0741 -37.8804 21
    endloop
  endfacet
  facet normal 0.513917 0.85784 0
    outer loop
      vertex -86.4445 -37.6585 21
      vertex -86.0741 -37.8804 4
      vertex -86.4445 -37.6585 4
    endloop
  endfacet
  facet normal -0.336791 0.941579 0
    outer loop
      vertex 85.6838 -38.0651 4
      vertex 85.2773 -38.2105 21
      vertex 85.6838 -38.0651 21
    endloop
  endfacet
  facet normal -0.336791 0.941579 0
    outer loop
      vertex 85.2773 -38.2105 21
      vertex 85.6838 -38.0651 4
      vertex 85.2773 -38.2105 4
    endloop
  endfacet
  facet normal -0.242917 0.970047 0
    outer loop
      vertex 85.2773 -38.2105 4
      vertex 84.8584 -38.3154 21
      vertex 85.2773 -38.2105 21
    endloop
  endfacet
  facet normal -0.242917 0.970047 0
    outer loop
      vertex 84.8584 -38.3154 21
      vertex 85.2773 -38.2105 4
      vertex 84.8584 -38.3154 4
    endloop
  endfacet
  facet normal 0.998794 -0.0490944 8.52746e-20
    outer loop
      vertex -88.4 34 21
      vertex -88.3788 34.4313 4
      vertex -88.3788 34.4313 21
    endloop
  endfacet
  facet normal 0.998794 -0.0490944 8.52746e-20
    outer loop
      vertex -88.3788 34.4313 4
      vertex -88.4 34 21
      vertex -88.4 34 4
    endloop
  endfacet
  facet normal 0.242917 0.970047 -0
    outer loop
      vertex -84.8584 -38.3154 4
      vertex -85.2773 -38.2105 21
      vertex -84.8584 -38.3154 21
    endloop
  endfacet
  facet normal 0.242917 0.970047 0
    outer loop
      vertex -85.2773 -38.2105 21
      vertex -84.8584 -38.3154 4
      vertex -85.2773 -38.2105 4
    endloop
  endfacet
  facet normal 0.803102 -0.595842 -8.25545e-19
    outer loop
      vertex -87.6585 36.4445 21
      vertex -87.4012 36.7913 4
      vertex -87.4012 36.7913 21
    endloop
  endfacet
  facet normal 0.803102 -0.595842 -8.25545e-19
    outer loop
      vertex -87.4012 36.7913 4
      vertex -87.6585 36.4445 21
      vertex -87.6585 36.4445 4
    endloop
  endfacet
  facet normal 0.85784 0.513917 6.53794e-19
    outer loop
      vertex -87.6585 -36.4445 21
      vertex -87.8804 -36.0741 4
      vertex -87.8804 -36.0741 21
    endloop
  endfacet
  facet normal 0.85784 0.513917 6.53794e-19
    outer loop
      vertex -87.8804 -36.0741 4
      vertex -87.6585 -36.4445 21
      vertex -87.6585 -36.4445 4
    endloop
  endfacet
  facet normal 0.741102 -0.671392 6.37419e-19
    outer loop
      vertex -87.4012 36.7913 21
      vertex -87.1113 37.1113 4
      vertex -87.1113 37.1113 21
    endloop
  endfacet
  facet normal 0.741102 -0.671392 6.37419e-19
    outer loop
      vertex -87.1113 37.1113 4
      vertex -87.4012 36.7913 21
      vertex -87.4012 36.7913 4
    endloop
  endfacet
  facet normal 0.595842 0.803102 -0
    outer loop
      vertex -86.4445 -37.6585 4
      vertex -86.7913 -37.4012 21
      vertex -86.4445 -37.6585 21
    endloop
  endfacet
  facet normal 0.595842 0.803102 0
    outer loop
      vertex -86.7913 -37.4012 21
      vertex -86.4445 -37.6585 4
      vertex -86.7913 -37.4012 4
    endloop
  endfacet
  facet normal 1 0 0
    outer loop
      vertex -16 -6.5 7.3
      vertex -16 -9.25 7.3
      vertex -16 -6.5 6.3
    endloop
  endfacet
  facet normal 1 0 0
    outer loop
      vertex -16 6.5 6.3
      vertex -16 9.25 7.3
      vertex -16 6.5 7.3
    endloop
  endfacet
  facet normal 1 0 0
    outer loop
      vertex -16 9.25 7.3
      vertex -16 6.5 6.3
      vertex -16 9.25 4
    endloop
  endfacet
  facet normal 1 -0 0
    outer loop
      vertex -16 -6.5 6.3
      vertex -16 9.25 4
      vertex -16 6.5 6.3
    endloop
  endfacet
  facet normal 1 0 0
    outer loop
      vertex -16 -6.5 6.3
      vertex -16 -9.25 4
      vertex -16 9.25 4
    endloop
  endfacet
  facet normal 1 0 0
    outer loop
      vertex -16 -9.25 4
      vertex -16 -6.5 6.3
      vertex -16 -9.25 7.3
    endloop
  endfacet
  facet normal -0 0 1
    outer loop
      vertex -40 -6.5 7.3
      vertex -16 -9.25 7.3
      vertex -16 -6.5 7.3
    endloop
  endfacet
  facet normal 0 0 1
    outer loop
      vertex -16 -9.25 7.3
      vertex -40 -6.5 7.3
      vertex -40 -9.25 7.3
    endloop
  endfacet
  facet normal -1 0 0
    outer loop
      vertex -40 9.25 4
      vertex -40 6.5 6.3
      vertex -40 9.25 7.3
    endloop
  endfacet
  facet normal -1 0 0
    outer loop
      vertex -40 9.25 4
      vertex -40 -6.5 6.3
      vertex -40 6.5 6.3
    endloop
  endfacet
  facet normal -1 0 0
    outer loop
      vertex -40 -9.25 4
      vertex -40 -6.5 6.3
      vertex -40 9.25 4
    endloop
  endfacet
  facet normal -1 0 0
    outer loop
      vertex -40 -9.25 7.3
      vertex -40 -6.5 6.3
      vertex -40 -9.25 4
    endloop
  endfacet
  facet normal -1 0 0
    outer loop
      vertex -40 -6.5 6.3
      vertex -40 -9.25 7.3
      vertex -40 -6.5 7.3
    endloop
  endfacet
  facet normal -1 -0 0
    outer loop
      vertex -40 9.25 7.3
      vertex -40 6.5 6.3
      vertex -40 6.5 7.3
    endloop
  endfacet
  facet normal 0 1 -0
    outer loop
      vertex -16 -6.5 6.3
      vertex -40 -6.5 7.3
      vertex -16 -6.5 7.3
    endloop
  endfacet
  facet normal 0 1 0
    outer loop
      vertex -40 -6.5 7.3
      vertex -16 -6.5 6.3
      vertex -40 -6.5 6.3
    endloop
  endfacet
  facet normal -0 0 1
    outer loop
      vertex -40 9.25 7.3
      vertex -16 6.5 7.3
      vertex -16 9.25 7.3
    endloop
  endfacet
  facet normal 0 0 1
    outer loop
      vertex -16 6.5 7.3
      vertex -40 9.25 7.3
      vertex -40 6.5 7.3
    endloop
  endfacet
  facet normal 0 -1 0
    outer loop
      vertex -40 6.5 6.3
      vertex -16 6.5 7.3
      vertex -40 6.5 7.3
    endloop
  endfacet
  facet normal 0 -1 -0
    outer loop
      vertex -16 6.5 7.3
      vertex -40 6.5 6.3
      vertex -16 6.5 6.3
    endloop
  endfacet
  facet normal 0 1 -0
    outer loop
      vertex 88.4 15.25 4
      vertex -16 15.25 15
      vertex 88.4 15.25 8.0067
    endloop
  endfacet
  facet normal 0 1 0
    outer loop
      vertex -51 15.25 4
      vertex -16 15.25 15
      vertex 88.4 15.25 4
    endloop
  endfacet
  facet normal 0 1 0
    outer loop
      vertex -16 15.25 15
      vertex -51 15.25 4
      vertex -40 15.25 15
    endloop
  endfacet
  facet normal -0.707107 0 0.707107
    outer loop
      vertex -51 9.25 4
      vertex -40 15.25 15
      vertex -51 15.25 4
    endloop
  endfacet
  facet normal -0.707107 0 0.707107
    outer loop
      vertex -40 15.25 15
      vertex -51 9.25 4
      vertex -40 9.25 15
    endloop
  endfacet
  facet normal -0 0 1
    outer loop
      vertex -40 15.25 15
      vertex -16 9.25 15
      vertex -16 15.25 15
    endloop
  endfacet
  facet normal 0 0 1
    outer loop
      vertex -16 9.25 15
      vertex -40 15.25 15
      vertex -40 9.25 15
    endloop
  endfacet
  facet normal 0.0668359 -6.44514e-17 0.997764
    outer loop
      vertex -16 15.25 15
      vertex 88.4 9.25 8.0067
      vertex 88.4 15.25 8.0067
    endloop
  endfacet
  facet normal 0.0668359 -6.44514e-17 0.997764
    outer loop
      vertex 88.4 9.25 8.0067
      vertex -16 15.25 15
      vertex -16 9.25 15
    endloop
  endfacet
  facet normal 0 -1 0
    outer loop
      vertex -16 9.25 7.3
      vertex -16 9.25 15
      vertex -40 9.25 15
    endloop
  endfacet
  facet normal 0 -1 0
    outer loop
      vertex -16 9.25 7.3
      vertex -40 9.25 15
      vertex -40 9.25 7.3
    endloop
  endfacet
  facet normal 0 -1 0
    outer loop
      vertex -51 9.25 4
      vertex -40 9.25 7.3
      vertex -40 9.25 15
    endloop
  endfacet
  facet normal 0 -1 -0
    outer loop
      vertex -40 9.25 7.3
      vertex -51 9.25 4
      vertex -40 9.25 4
    endloop
  endfacet
  facet normal 0 -1 0
    outer loop
      vertex -16 9.25 15
      vertex -16 9.25 7.3
      vertex 88.4 9.25 8.0067
    endloop
  endfacet
  facet normal 0 -1 0
    outer loop
      vertex -16 9.25 4
      vertex 88.4 9.25 8.0067
      vertex -16 9.25 7.3
    endloop
  endfacet
  facet normal 0 -1 -0
    outer loop
      vertex 88.4 9.25 8.0067
      vertex -16 9.25 4
      vertex 88.4 9.25 4
    endloop
  endfacet
  facet normal 0 1 -0
    outer loop
      vertex 88.4 -9.25 4
      vertex -16 -9.25 7.3
      vertex 88.4 -9.25 8.0067
    endloop
  endfacet
  facet normal 0 1 0
    outer loop
      vertex -16 -9.25 7.3
      vertex 88.4 -9.25 4
      vertex -16 -9.25 4
    endloop
  endfacet
  facet normal 0 1 0
    outer loop
      vertex -16 -9.25 7.3
      vertex -16 -9.25 15
      vertex 88.4 -9.25 8.0067
    endloop
  endfacet
  facet normal 0 1 0
    outer loop
      vertex -16 -9.25 15
      vertex -16 -9.25 7.3
      vertex -40 -9.25 15
    endloop
  endfacet
  facet normal 0 1 0
    outer loop
      vertex -40 -9.25 7.3
      vertex -40 -9.25 15
      vertex -16 -9.25 7.3
    endloop
  endfacet
  facet normal 0 1 0
    outer loop
      vertex -51 -9.25 4
      vertex -40 -9.25 7.3
      vertex -40 -9.25 4
    endloop
  endfacet
  facet normal 0 1 -0
    outer loop
      vertex -40 -9.25 7.3
      vertex -51 -9.25 4
      vertex -40 -9.25 15
    endloop
  endfacet
  facet normal 0.0668359 -6.44514e-17 0.997764
    outer loop
      vertex -16 -9.25 15
      vertex 88.4 -15.25 8.0067
      vertex 88.4 -9.25 8.0067
    endloop
  endfacet
  facet normal 0.0668359 -6.44514e-17 0.997764
    outer loop
      vertex 88.4 -15.25 8.0067
      vertex -16 -9.25 15
      vertex -16 -15.25 15
    endloop
  endfacet
  facet normal -0.707107 0 0.707107
    outer loop
      vertex -51 -15.25 4
      vertex -40 -9.25 15
      vertex -51 -9.25 4
    endloop
  endfacet
  facet normal -0.707107 0 0.707107
    outer loop
      vertex -40 -9.25 15
      vertex -51 -15.25 4
      vertex -40 -15.25 15
    endloop
  endfacet
  facet normal 0 -1 0
    outer loop
      vertex -51 -15.25 4
      vertex -16 -15.25 15
      vertex -40 -15.25 15
    endloop
  endfacet
  facet normal 0 -1 -0
    outer loop
      vertex -16 -15.25 15
      vertex -51 -15.25 4
      vertex 88.4 -15.25 4
    endloop
  endfacet
  facet normal 0 -1 0
    outer loop
      vertex -16 -15.25 15
      vertex 88.4 -15.25 4
      vertex 88.4 -15.25 8.0067
    endloop
  endfacet
  facet normal -0 0 1
    outer loop
      vertex -40 -9.25 15
      vertex -16 -15.25 15
      vertex -16 -9.25 15
    endloop
  endfacet
  facet normal 0 0 1
    outer loop
      vertex -16 -15.25 15
      vertex -40 -9.25 15
      vertex -40 -15.25 15
    endloop
  endfacet
  facet normal 1 -0 0
    outer loop
      vertex -75.175 13.6 10.5
      vertex -75.175 36.65 4
      vertex -75.175 36.65 10.5
    endloop
  endfacet
  facet normal 1 0 0
    outer loop
      vertex -75.175 36.65 4
      vertex -75.175 13.6 10.5
      vertex -75.175 13.6 4
    endloop
  endfacet
  facet normal 0 0 1
    outer loop
      vertex -75.175 36.65 10.5
      vertex -76.675 36.65 10.5
      vertex -75.175 13.6 10.5
    endloop
  endfacet
  facet normal 0 0 1
    outer loop
      vertex -56.825 13.6 10.5
      vertex -55.325 36.65 10.5
      vertex -56.825 36.65 10.5
    endloop
  endfacet
  facet normal 0 0 1
    outer loop
      vertex -55.325 36.65 10.5
      vertex -56.825 13.6 10.5
      vertex -55.325 12.1 10.5
    endloop
  endfacet
  facet normal -0 0 1
    outer loop
      vertex -75.175 13.6 10.5
      vertex -55.325 12.1 10.5
      vertex -56.825 13.6 10.5
    endloop
  endfacet
  facet normal 0 0 1
    outer loop
      vertex -75.175 13.6 10.5
      vertex -76.675 12.1 10.5
      vertex -55.325 12.1 10.5
    endloop
  endfacet
  facet normal 0 0 1
    outer loop
      vertex -76.675 12.1 10.5
      vertex -75.175 13.6 10.5
      vertex -76.675 36.65 10.5
    endloop
  endfacet
  facet normal -1 0 0
    outer loop
      vertex -76.675 36.65 4
      vertex -76.675 13.6 5.19998
      vertex -76.675 36.65 5.19998
    endloop
  endfacet
  facet normal -1 -0 0
    outer loop
      vertex -76.675 13.6 5.19998
      vertex -76.675 12.1 4
      vertex -76.675 13.6 6.6
    endloop
  endfacet
  facet normal -1 0 0
    outer loop
      vertex -76.675 12.1 4
      vertex -76.675 13.6 5.19998
      vertex -76.675 36.65 4
    endloop
  endfacet
  facet normal -1 0 0
    outer loop
      vertex -76.675 13.6 6.6
      vertex -76.675 36.65 10.5
      vertex -76.675 36.65 6.6
    endloop
  endfacet
  facet normal -1 0 0
    outer loop
      vertex -76.675 13.6 6.6
      vertex -76.675 12.1 10.5
      vertex -76.675 36.65 10.5
    endloop
  endfacet
  facet normal -1 0 0
    outer loop
      vertex -76.675 12.1 10.5
      vertex -76.675 13.6 6.6
      vertex -76.675 12.1 4
    endloop
  endfacet
  facet normal 0 1 0
    outer loop
      vertex -75.175 36.65 10.5
      vertex -76.675 36.65 6.6
      vertex -76.675 36.65 10.5
    endloop
  endfacet
  facet normal 0 1 0
    outer loop
      vertex -76.675 36.65 6.6
      vertex -76.675 36.65 5.19998
      vertex -77.375 36.65 5.89999
    endloop
  endfacet
  facet normal 0 1 -0
    outer loop
      vertex -75.175 36.65 4
      vertex -76.675 36.65 6.6
      vertex -75.175 36.65 10.5
    endloop
  endfacet
  facet normal 0 1 0
    outer loop
      vertex -76.675 36.65 6.6
      vertex -75.175 36.65 4
      vertex -76.675 36.65 5.19998
    endloop
  endfacet
  facet normal 0 1 0
    outer loop
      vertex -76.675 36.65 5.19998
      vertex -75.175 36.65 4
      vertex -76.675 36.65 4
    endloop
  endfacet
  facet normal 0 1 -0
    outer loop
      vertex -56.825 13.6 4
      vertex -75.175 13.6 10.5
      vertex -56.825 13.6 10.5
    endloop
  endfacet
  facet normal 0 1 0
    outer loop
      vertex -75.175 13.6 10.5
      vertex -56.825 13.6 4
      vertex -75.175 13.6 4
    endloop
  endfacet
  facet normal 1 0 0
    outer loop
      vertex -55.325 36.65 10.5
      vertex -55.325 13.6 6.6
      vertex -55.325 36.65 6.6
    endloop
  endfacet
  facet normal 1 0 0
    outer loop
      vertex -55.325 12.1 4
      vertex -55.325 13.6 6.6
      vertex -55.325 12.1 10.5
    endloop
  endfacet
  facet normal 1 -0 0
    outer loop
      vertex -55.325 12.1 10.5
      vertex -55.325 13.6 6.6
      vertex -55.325 36.65 10.5
    endloop
  endfacet
  facet normal 1 -0 0
    outer loop
      vertex -55.325 13.6 5.19998
      vertex -55.325 36.65 4
      vertex -55.325 36.65 5.19998
    endloop
  endfacet
  facet normal 1 0 0
    outer loop
      vertex -55.325 13.6 5.19998
      vertex -55.325 12.1 4
      vertex -55.325 36.65 4
    endloop
  endfacet
  facet normal 1 0 0
    outer loop
      vertex -55.325 13.6 6.6
      vertex -55.325 12.1 4
      vertex -55.325 13.6 5.19998
    endloop
  endfacet
  facet normal -1 0 0
    outer loop
      vertex -56.825 13.6 4
      vertex -56.825 36.65 10.5
      vertex -56.825 36.65 4
    endloop
  endfacet
  facet normal -1 -0 0
    outer loop
      vertex -56.825 36.65 10.5
      vertex -56.825 13.6 4
      vertex -56.825 13.6 10.5
    endloop
  endfacet
  facet normal 0 1 -0
    outer loop
      vertex -55.325 36.65 6.6
      vertex -56.825 36.65 10.5
      vertex -55.325 36.65 10.5
    endloop
  endfacet
  facet normal 0 1 0
    outer loop
      vertex -55.325 36.65 5.19998
      vertex -55.325 36.65 6.6
      vertex -54.625 36.65 5.89999
    endloop
  endfacet
  facet normal 0 1 0
    outer loop
      vertex -56.825 36.65 4
      vertex -55.325 36.65 6.6
      vertex -55.325 36.65 5.19998
    endloop
  endfacet
  facet normal 0 1 0
    outer loop
      vertex -56.825 36.65 4
      vertex -55.325 36.65 5.19998
      vertex -55.325 36.65 4
    endloop
  endfacet
  facet normal 0 1 0
    outer loop
      vertex -55.325 36.65 6.6
      vertex -56.825 36.65 4
      vertex -56.825 36.65 10.5
    endloop
  endfacet
  facet normal 1 -0 0
    outer loop
      vertex -60.125 13.9 5
      vertex -60.125 36.65 4
      vertex -60.125 36.65 5
    endloop
  endfacet
  facet normal 1 0 0
    outer loop
      vertex -60.125 36.65 4
      vertex -60.125 13.9 5
      vertex -60.125 13.9 4
    endloop
  endfacet
  facet normal -0 0 1
    outer loop
      vertex -71.875 36.65 5
      vertex -60.125 13.9 5
      vertex -60.125 36.65 5
    endloop
  endfacet
  facet normal 0 0 1
    outer loop
      vertex -60.125 13.9 5
      vertex -71.875 36.65 5
      vertex -71.875 13.9 5
    endloop
  endfacet
  facet normal -1 0 0
    outer loop
      vertex -71.875 13.9 4
      vertex -71.875 36.65 5
      vertex -71.875 36.65 4
    endloop
  endfacet
  facet normal -1 -0 0
    outer loop
      vertex -71.875 36.65 5
      vertex -71.875 13.9 4
      vertex -71.875 13.9 5
    endloop
  endfacet
  facet normal 0 1 -0
    outer loop
      vertex -60.125 36.65 4
      vertex -71.875 36.65 5
      vertex -60.125 36.65 5
    endloop
  endfacet
  facet normal 0 1 0
    outer loop
      vertex -71.875 36.65 5
      vertex -60.125 36.65 4
      vertex -71.875 36.65 4
    endloop
  endfacet
  facet normal 0 -1 0
    outer loop
      vertex -71.875 13.9 4
      vertex -60.125 13.9 5
      vertex -71.875 13.9 5
    endloop
  endfacet
  facet normal 0 -1 -0
    outer loop
      vertex -60.125 13.9 5
      vertex -71.875 13.9 4
      vertex -60.125 13.9 4
    endloop
  endfacet
  facet normal 0 -1 0
    outer loop
      vertex -76.675 12.1 4
      vertex -55.325 12.1 10.5
      vertex -76.675 12.1 10.5
    endloop
  endfacet
  facet normal 0 -1 -0
    outer loop
      vertex -55.325 12.1 10.5
      vertex -76.675 12.1 4
      vertex -55.325 12.1 4
    endloop
  endfacet
  facet normal 0.707112 0 -0.707102
    outer loop
      vertex -54.625 13.6 5.89999
      vertex -55.325 36.65 5.19998
      vertex -54.625 36.65 5.89999
    endloop
  endfacet
  facet normal 0.707112 0 -0.707102
    outer loop
      vertex -55.325 36.65 5.19998
      vertex -54.625 13.6 5.89999
      vertex -55.325 13.6 5.19998
    endloop
  endfacet
  facet normal 0 -1 0
    outer loop
      vertex -55.325 13.6 6.6
      vertex -55.325 13.6 5.19998
      vertex -54.625 13.6 5.89999
    endloop
  endfacet
  facet normal 0.707112 -0 0.707102
    outer loop
      vertex -55.325 13.6 6.6
      vertex -54.625 36.65 5.89999
      vertex -55.325 36.65 6.6
    endloop
  endfacet
  facet normal 0.707112 0 0.707102
    outer loop
      vertex -54.625 36.65 5.89999
      vertex -55.325 13.6 6.6
      vertex -54.625 13.6 5.89999
    endloop
  endfacet
  facet normal 0 -1 -0
    outer loop
      vertex -76.675 13.6 6.6
      vertex -77.375 13.6 5.89999
      vertex -76.675 13.6 5.19998
    endloop
  endfacet
  facet normal -0.707112 0 0.707102
    outer loop
      vertex -77.375 13.6 5.89999
      vertex -76.675 36.65 6.6
      vertex -77.375 36.65 5.89999
    endloop
  endfacet
  facet normal -0.707112 0 0.707102
    outer loop
      vertex -76.675 36.65 6.6
      vertex -77.375 13.6 5.89999
      vertex -76.675 13.6 6.6
    endloop
  endfacet
  facet normal -0.707112 0 -0.707102
    outer loop
      vertex -76.675 13.6 5.19998
      vertex -77.375 36.65 5.89999
      vertex -76.675 36.65 5.19998
    endloop
  endfacet
  facet normal -0.707112 -0 -0.707102
    outer loop
      vertex -77.375 36.65 5.89999
      vertex -76.675 13.6 5.19998
      vertex -77.375 13.6 5.89999
    endloop
  endfacet
  facet normal 1 -0 0
    outer loop
      vertex -53.67 -26.35 10.5
      vertex -53.67 11.6 6.6
      vertex -53.67 11.6 10.5
    endloop
  endfacet
  facet normal 1 0 0
    outer loop
      vertex -53.67 11.6 6.6
      vertex -53.67 -26.35 10.5
      vertex -53.67 -26.35 6.6
    endloop
  endfacet
  facet normal 1 -0 0
    outer loop
      vertex -53.67 -26.35 5.19998
      vertex -53.67 11.6 4
      vertex -53.67 11.6 5.19998
    endloop
  endfacet
  facet normal 1 0 0
    outer loop
      vertex -53.67 11.6 4
      vertex -53.67 -26.35 5.19998
      vertex -53.67 -26.35 4
    endloop
  endfacet
  facet normal 0 0 1
    outer loop
      vertex -53.67 11.6 10.5
      vertex -55.17 10.1 10.5
      vertex -53.67 -26.35 10.5
    endloop
  endfacet
  facet normal 0 0 1
    outer loop
      vertex -53.67 11.6 10.5
      vertex -76.83 10.1 10.5
      vertex -55.17 10.1 10.5
    endloop
  endfacet
  facet normal 0 0 1
    outer loop
      vertex -76.83 10.1 10.5
      vertex -78.33 11.6 10.5
      vertex -76.83 -24.85 10.5
    endloop
  endfacet
  facet normal -0 0 1
    outer loop
      vertex -78.33 11.6 10.5
      vertex -76.83 10.1 10.5
      vertex -53.67 11.6 10.5
    endloop
  endfacet
  facet normal -0 0 1
    outer loop
      vertex -55.17 -24.85 10.5
      vertex -53.67 -26.35 10.5
      vertex -55.17 10.1 10.5
    endloop
  endfacet
  facet normal -0 0 1
    outer loop
      vertex -76.83 -24.85 10.5
      vertex -53.67 -26.35 10.5
      vertex -55.17 -24.85 10.5
    endloop
  endfacet
  facet normal 0 0 1
    outer loop
      vertex -76.83 -24.85 10.5
      vertex -78.33 -26.35 10.5
      vertex -53.67 -26.35 10.5
    endloop
  endfacet
  facet normal 0 0 1
    outer loop
      vertex -78.33 -26.35 10.5
      vertex -76.83 -24.85 10.5
      vertex -78.33 11.6 10.5
    endloop
  endfacet
  facet normal -1 0 0
    outer loop
      vertex -78.33 -26.35 6.6
      vertex -78.33 11.6 10.5
      vertex -78.33 11.6 6.6
    endloop
  endfacet
  facet normal -1 -0 0
    outer loop
      vertex -78.33 11.6 10.5
      vertex -78.33 -26.35 6.6
      vertex -78.33 -26.35 10.5
    endloop
  endfacet
  facet normal -1 0 0
    outer loop
      vertex -78.33 -26.35 4
      vertex -78.33 11.6 5.19998
      vertex -78.33 11.6 4
    endloop
  endfacet
  facet normal -1 -0 0
    outer loop
      vertex -78.33 11.6 5.19998
      vertex -78.33 -26.35 4
      vertex -78.33 -26.35 5.19998
    endloop
  endfacet
  facet normal 0 1 -0
    outer loop
      vertex -53.67 11.6 6.6
      vertex -78.33 11.6 10.5
      vertex -53.67 11.6 10.5
    endloop
  endfacet
  facet normal 0 1 0
    outer loop
      vertex -53.67 11.6 6.6
      vertex -78.33 11.6 6.6
      vertex -78.33 11.6 10.5
    endloop
  endfacet
  facet normal 0 1 0
    outer loop
      vertex -53.67 11.6 5.19998
      vertex -53.67 11.6 6.6
      vertex -52.97 11.6 5.89999
    endloop
  endfacet
  facet normal 0 1 0
    outer loop
      vertex -53.67 11.6 6.6
      vertex -53.67 11.6 5.19998
      vertex -78.33 11.6 6.6
    endloop
  endfacet
  facet normal 0 1 0
    outer loop
      vertex -78.33 11.6 5.19998
      vertex -78.33 11.6 6.6
      vertex -53.67 11.6 5.19998
    endloop
  endfacet
  facet normal 0 1 0
    outer loop
      vertex -78.33 11.6 6.6
      vertex -78.33 11.6 5.19998
      vertex -79.03 11.6 5.89999
    endloop
  endfacet
  facet normal 0 1 -0
    outer loop
      vertex -53.67 11.6 4
      vertex -78.33 11.6 5.19998
      vertex -53.67 11.6 5.19998
    endloop
  endfacet
  facet normal 0 1 0
    outer loop
      vertex -78.33 11.6 5.19998
      vertex -53.67 11.6 4
      vertex -78.33 11.6 4
    endloop
  endfacet
  facet normal 0 -1 0
    outer loop
      vertex -78.33 -26.35 6.6
      vertex -53.67 -26.35 10.5
      vertex -78.33 -26.35 10.5
    endloop
  endfacet
  facet normal 0 -1 0
    outer loop
      vertex -78.33 -26.35 6.6
      vertex -53.67 -26.35 6.6
      vertex -53.67 -26.35 10.5
    endloop
  endfacet
  facet normal 0 -1 0
    outer loop
      vertex -78.33 -26.35 5.19998
      vertex -78.33 -26.35 6.6
      vertex -79.03 -26.35 5.89999
    endloop
  endfacet
  facet normal 0 -1 0
    outer loop
      vertex -78.33 -26.35 6.6
      vertex -78.33 -26.35 5.19998
      vertex -53.67 -26.35 6.6
    endloop
  endfacet
  facet normal 0 -1 0
    outer loop
      vertex -53.67 -26.35 5.19998
      vertex -53.67 -26.35 6.6
      vertex -78.33 -26.35 5.19998
    endloop
  endfacet
  facet normal 0 -1 0
    outer loop
      vertex -53.67 -26.35 6.6
      vertex -53.67 -26.35 5.19998
      vertex -52.97 -26.35 5.89999
    endloop
  endfacet
  facet normal 0 -1 0
    outer loop
      vertex -78.33 -26.35 4
      vertex -53.67 -26.35 5.19998
      vertex -78.33 -26.35 5.19998
    endloop
  endfacet
  facet normal 0 -1 -0
    outer loop
      vertex -53.67 -26.35 5.19998
      vertex -78.33 -26.35 4
      vertex -53.67 -26.35 4
    endloop
  endfacet
  facet normal -1 0 0
    outer loop
      vertex -55.17 -24.85 4
      vertex -55.17 10.1 10.5
      vertex -55.17 10.1 4
    endloop
  endfacet
  facet normal -1 -0 0
    outer loop
      vertex -55.17 10.1 10.5
      vertex -55.17 -24.85 4
      vertex -55.17 -24.85 10.5
    endloop
  endfacet
  facet normal 1 -0 0
    outer loop
      vertex -76.83 -24.85 10.5
      vertex -76.83 10.1 4
      vertex -76.83 10.1 10.5
    endloop
  endfacet
  facet normal 1 0 0
    outer loop
      vertex -76.83 10.1 4
      vertex -76.83 -24.85 10.5
      vertex -76.83 -24.85 4
    endloop
  endfacet
  facet normal 0 -1 0
    outer loop
      vertex -76.83 10.1 4
      vertex -55.17 10.1 10.5
      vertex -76.83 10.1 10.5
    endloop
  endfacet
  facet normal 0 -1 -0
    outer loop
      vertex -55.17 10.1 10.5
      vertex -76.83 10.1 4
      vertex -55.17 10.1 4
    endloop
  endfacet
  facet normal 0 1 -0
    outer loop
      vertex -55.17 -24.85 4
      vertex -76.83 -24.85 10.5
      vertex -55.17 -24.85 10.5
    endloop
  endfacet
  facet normal 0 1 0
    outer loop
      vertex -76.83 -24.85 10.5
      vertex -55.17 -24.85 4
      vertex -76.83 -24.85 4
    endloop
  endfacet
  facet normal 1 -0 0
    outer loop
      vertex -55.47 -21.05 5
      vertex -55.47 6.3 4
      vertex -55.47 6.3 5
    endloop
  endfacet
  facet normal 1 0 0
    outer loop
      vertex -55.47 6.3 4
      vertex -55.47 -21.05 5
      vertex -55.47 -21.05 4
    endloop
  endfacet
  facet normal -0 0 1
    outer loop
      vertex -76.53 6.3 5
      vertex -55.47 -21.05 5
      vertex -55.47 6.3 5
    endloop
  endfacet
  facet normal 0 0 1
    outer loop
      vertex -55.47 -21.05 5
      vertex -76.53 6.3 5
      vertex -76.53 -21.05 5
    endloop
  endfacet
  facet normal -1 0 0
    outer loop
      vertex -76.53 -21.05 4
      vertex -76.53 6.3 5
      vertex -76.53 6.3 4
    endloop
  endfacet
  facet normal -1 -0 0
    outer loop
      vertex -76.53 6.3 5
      vertex -76.53 -21.05 4
      vertex -76.53 -21.05 5
    endloop
  endfacet
  facet normal 0 1 -0
    outer loop
      vertex -55.47 6.3 4
      vertex -76.53 6.3 5
      vertex -55.47 6.3 5
    endloop
  endfacet
  facet normal 0 1 0
    outer loop
      vertex -76.53 6.3 5
      vertex -55.47 6.3 4
      vertex -76.53 6.3 4
    endloop
  endfacet
  facet normal 0 -1 0
    outer loop
      vertex -76.53 -21.05 4
      vertex -55.47 -21.05 5
      vertex -76.53 -21.05 5
    endloop
  endfacet
  facet normal 0 -1 -0
    outer loop
      vertex -55.47 -21.05 5
      vertex -76.53 -21.05 4
      vertex -55.47 -21.05 4
    endloop
  endfacet
  facet normal 0.707112 0 -0.707102
    outer loop
      vertex -52.97 -26.35 5.89999
      vertex -53.67 11.6 5.19998
      vertex -52.97 11.6 5.89999
    endloop
  endfacet
  facet normal 0.707112 0 -0.707102
    outer loop
      vertex -53.67 11.6 5.19998
      vertex -52.97 -26.35 5.89999
      vertex -53.67 -26.35 5.19998
    endloop
  endfacet
  facet normal 0.707112 -0 0.707102
    outer loop
      vertex -53.67 -26.35 6.6
      vertex -52.97 11.6 5.89999
      vertex -53.67 11.6 6.6
    endloop
  endfacet
  facet normal 0.707112 0 0.707102
    outer loop
      vertex -52.97 11.6 5.89999
      vertex -53.67 -26.35 6.6
      vertex -52.97 -26.35 5.89999
    endloop
  endfacet
  facet normal -0.707112 0 0.707102
    outer loop
      vertex -79.03 -26.35 5.89999
      vertex -78.33 11.6 6.6
      vertex -79.03 11.6 5.89999
    endloop
  endfacet
  facet normal -0.707112 0 0.707102
    outer loop
      vertex -78.33 11.6 6.6
      vertex -79.03 -26.35 5.89999
      vertex -78.33 -26.35 6.6
    endloop
  endfacet
  facet normal -0.707112 0 -0.707102
    outer loop
      vertex -78.33 -26.35 5.19998
      vertex -79.03 11.6 5.89999
      vertex -78.33 11.6 5.19998
    endloop
  endfacet
  facet normal -0.707112 -0 -0.707102
    outer loop
      vertex -79.03 11.6 5.89999
      vertex -78.33 -26.35 5.19998
      vertex -79.03 -26.35 5.89999
    endloop
  endfacet
  facet normal -0.706659 -0.0346976 -0.706703
    outer loop
      vertex -89.9615 -42.7841 0.799999
      vertex -90 -42 0.799999
      vertex -89.1653 -42.7057 0
    endloop
  endfacet
  facet normal -0.706659 -0.0346976 0.706703
    outer loop
      vertex -89.1653 -42.7057 4
      vertex -90 -42 3.2
      vertex -89.9615 -42.7841 3.2
    endloop
  endfacet
  facet normal -0.363816 0.606781 0.706721
    outer loop
      vertex -85.7712 49.0554 3.2
      vertex -86.4445 48.6517 3.2
      vertex -85.394 48.3498 4
    endloop
  endfacet
  facet normal 0 1 -0
    outer loop
      vertex 82 50 0.799999
      vertex -82 50 3.2
      vertex 82 50 3.2
    endloop
  endfacet
  facet normal 0 1 0
    outer loop
      vertex -82 50 3.2
      vertex 82 50 0.799999
      vertex -82 50 0.799999
    endloop
  endfacet
  facet normal 0.740902 -0.671613 -2.35483e-18
    outer loop
      vertex 87.6568 -47.6568 3.2
      vertex 88.1841 -47.0751 0.799999
      vertex 88.1841 -47.0751 3.2
    endloop
  endfacet
  facet normal 0.740902 -0.671613 -2.35483e-18
    outer loop
      vertex 88.1841 -47.0751 0.799999
      vertex 87.6568 -47.6568 3.2
      vertex 87.6568 -47.6568 0.799999
    endloop
  endfacet
  facet normal 0.103841 -0.699849 -0.706702
    outer loop
      vertex 82.7841 -49.9615 0.799999
      vertex 82.7057 -49.1653 0
      vertex 83.4046 -49.0616 0
    endloop
  endfacet
  facet normal 0.171933 -0.686291 0.706714
    outer loop
      vertex 84.3223 -49.6555 3.2
      vertex 83.4046 -49.0616 4
      vertex 83.5607 -49.8463 3.2
    endloop
  endfacet
  facet normal -0.606781 -0.363816 0.706721
    outer loop
      vertex -88.3498 -45.394 4
      vertex -89.0554 -45.7712 3.2
      vertex -88.6517 -46.4445 3.2
    endloop
  endfacet
  facet normal -0.706679 -0.0347482 -0.70668
    outer loop
      vertex -89.1653 -42.7057 0
      vertex -90 -42 0.799999
      vertex -89.2 -42 0
    endloop
  endfacet
  facet normal -0.998797 0.0490418 -5.94984e-19
    outer loop
      vertex -90 42 0.799999
      vertex -89.9615 42.7841 3.2
      vertex -89.9615 42.7841 0.799999
    endloop
  endfacet
  facet normal -0.998797 0.0490418 -5.94984e-19
    outer loop
      vertex -89.9615 42.7841 3.2
      vertex -90 42 0.799999
      vertex -90 42 3.2
    endloop
  endfacet
  facet normal 0.699842 -0.103814 0.706714
    outer loop
      vertex 89.9615 -42.7841 3.2
      vertex 89.0616 -43.4046 4
      vertex 89.8463 -43.5607 3.2
    endloop
  endfacet
  facet normal 0.363706 0.606944 -0.706638
    outer loop
      vertex 86.0001 47.9866 0
      vertex 85.394 48.3498 0
      vertex 86.4445 48.6517 0.799999
    endloop
  endfacet
  facet normal 0 -1 0
    outer loop
      vertex -82 -50 0.799999
      vertex 82 -50 3.2
      vertex -82 -50 3.2
    endloop
  endfacet
  facet normal 0 -1 -0
    outer loop
      vertex 82 -50 3.2
      vertex -82 -50 0.799999
      vertex 82 -50 0.799999
    endloop
  endfacet
  facet normal -0.998797 -0.0490418 5.94984e-19
    outer loop
      vertex -89.9615 -42.7841 0.799999
      vertex -90 -42 3.2
      vertex -90 -42 0.799999
    endloop
  endfacet
  facet normal -0.998797 -0.0490418 5.94984e-19
    outer loop
      vertex -90 -42 3.2
      vertex -89.9615 -42.7841 0.799999
      vertex -89.9615 -42.7841 3.2
    endloop
  endfacet
  facet normal -0.103841 0.699849 -0.706702
    outer loop
      vertex -82.7057 49.1653 0
      vertex -83.4046 49.0616 0
      vertex -82.7841 49.9615 0.799999
    endloop
  endfacet
  facet normal 0.666164 -0.238366 0.706687
    outer loop
      vertex 89.6555 -44.3223 3.2
      vertex 88.6519 -44.7553 4
      vertex 89.391 -45.0615 3.2
    endloop
  endfacet
  facet normal -0.706659 0.0346976 0.706703
    outer loop
      vertex -89.9615 42.7841 3.2
      vertex -90 42 3.2
      vertex -89.1653 42.7057 4
    endloop
  endfacet
  facet normal 0.514233 0.85765 -0
    outer loop
      vertex 86.4445 48.6517 0.799999
      vertex 85.7712 49.0554 3.2
      vertex 86.4445 48.6517 3.2
    endloop
  endfacet
  facet normal 0.514233 0.85765 0
    outer loop
      vertex 85.7712 49.0554 3.2
      vertex 86.4445 48.6517 0.799999
      vertex 85.7712 49.0554 0.799999
    endloop
  endfacet
  facet normal 0.706659 -0.0346976 0.706703
    outer loop
      vertex 90 -42 3.2
      vertex 89.1653 -42.7057 4
      vertex 89.9615 -42.7841 3.2
    endloop
  endfacet
  facet normal -0.103814 0.699841 -0.706714
    outer loop
      vertex -83.4046 49.0616 0
      vertex -83.5607 49.8463 0.799999
      vertex -82.7841 49.9615 0.799999
    endloop
  endfacet
  facet normal -0.475194 0.524218 -0.706673
    outer loop
      vertex -86.5676 47.5657 0
      vertex -87.6568 47.6568 0.799999
      vertex -87.0751 48.1841 0.799999
    endloop
  endfacet
  facet normal -0.639615 0.302458 -0.706691
    outer loop
      vertex -88.6519 44.7553 0
      vertex -89.391 45.0615 0.799999
      vertex -89.0554 45.7712 0.799999
    endloop
  endfacet
  facet normal -0.524218 0.475194 0.706672
    outer loop
      vertex -87.6568 47.6568 3.2
      vertex -88.1841 47.0751 3.2
      vertex -87.5657 46.5676 4
    endloop
  endfacet
  facet normal -0.0346976 -0.706659 0.706703
    outer loop
      vertex -82.7057 -49.1653 4
      vertex -82.7841 -49.9615 3.2
      vertex -82 -50 3.2
    endloop
  endfacet
  facet normal 0.706679 -0.0347482 -0.70668
    outer loop
      vertex 90 -42 0.799999
      vertex 89.1653 -42.7057 0
      vertex 89.2 -42 0
    endloop
  endfacet
  facet normal -0.706679 0.0347482 -0.70668
    outer loop
      vertex -89.2 42 0
      vertex -90 42 0.799999
      vertex -89.1653 42.7057 0
    endloop
  endfacet
  facet normal 0.639558 0.302506 -0.706722
    outer loop
      vertex 88.6519 44.7553 0
      vertex 88.3498 45.394 0
      vertex 89.0554 45.7712 0.799999
    endloop
  endfacet
  facet normal -0.70668 -0.0347482 0.70668
    outer loop
      vertex -89.2 -42 4
      vertex -90 -42 3.2
      vertex -89.1653 -42.7057 4
    endloop
  endfacet
  facet normal -0.146733 0.989176 0
    outer loop
      vertex -82.7841 49.9615 0.799999
      vertex -83.5607 49.8463 3.2
      vertex -82.7841 49.9615 3.2
    endloop
  endfacet
  facet normal -0.146733 0.989176 0
    outer loop
      vertex -83.5607 49.8463 3.2
      vertex -82.7841 49.9615 0.799999
      vertex -83.5607 49.8463 0.799999
    endloop
  endfacet
  facet normal 0.0490418 0.998797 -0
    outer loop
      vertex 82.7841 49.9615 0.799999
      vertex 82 50 3.2
      vertex 82.7841 49.9615 3.2
    endloop
  endfacet
  facet normal 0.0490418 0.998797 0
    outer loop
      vertex 82 50 3.2
      vertex 82.7841 49.9615 0.799999
      vertex 82 50 0.799999
    endloop
  endfacet
  facet normal 0 -0.707106 -0.707107
    outer loop
      vertex -82 -50 0.799999
      vertex 82 -49.2 0
      vertex 82 -50 0.799999
    endloop
  endfacet
  facet normal -0 -0.707106 -0.707107
    outer loop
      vertex 82 -49.2 0
      vertex -82 -50 0.799999
      vertex -82 -49.2 0
    endloop
  endfacet
  facet normal -0.568339 -0.421432 0.706672
    outer loop
      vertex -87.5657 -46.5676 4
      vertex -88.6517 -46.4445 3.2
      vertex -88.1841 -47.0751 3.2
    endloop
  endfacet
  facet normal -0.606944 0.363706 -0.706638
    outer loop
      vertex -88.3498 45.394 0
      vertex -88.6517 46.4445 0.799999
      vertex -87.9866 46.0001 0
    endloop
  endfacet
  facet normal -0.0347482 0.70668 0.70668
    outer loop
      vertex -82 50 3.2
      vertex -82.7057 49.1653 4
      vertex -82 49.2 4
    endloop
  endfacet
  facet normal -0.302459 0.639615 0.70669
    outer loop
      vertex -85.0615 49.391 3.2
      vertex -85.7712 49.0554 3.2
      vertex -84.7553 48.6519 4
    endloop
  endfacet
  facet normal -0.686365 0.171842 0.706664
    outer loop
      vertex -88.89 44.09 4
      vertex -89.6555 44.3223 3.2
      vertex -89.0616 43.4046 4
    endloop
  endfacet
  facet normal 0.706659 0.0346976 0.706703
    outer loop
      vertex 89.9615 42.7841 3.2
      vertex 89.1653 42.7057 4
      vertex 90 42 3.2
    endloop
  endfacet
  facet normal 0.524218 0.475194 -0.706673
    outer loop
      vertex 88.1841 47.0751 0.799999
      vertex 87.5657 46.5676 0
      vertex 87.6568 47.6568 0.799999
    endloop
  endfacet
  facet normal -0.666168 0.238411 -0.706669
    outer loop
      vertex -88.89 44.09 0
      vertex -89.6555 44.3223 0.799999
      vertex -88.6519 44.7553 0
    endloop
  endfacet
  facet normal 0.803259 0.59563 -1.0653e-17
    outer loop
      vertex 88.6517 46.4445 3.2
      vertex 88.1841 47.0751 0.799999
      vertex 88.1841 47.0751 3.2
    endloop
  endfacet
  facet normal 0.803259 0.59563 -1.0653e-17
    outer loop
      vertex 88.1841 47.0751 0.799999
      vertex 88.6517 46.4445 3.2
      vertex 88.6517 46.4445 0.799999
    endloop
  endfacet
  facet normal -0.302458 0.639615 -0.706691
    outer loop
      vertex -84.7553 48.6519 0
      vertex -85.7712 49.0554 0.799999
      vertex -85.0615 49.391 0.799999
    endloop
  endfacet
  facet normal -0.699849 0.103841 -0.706702
    outer loop
      vertex -89.1653 42.7057 0
      vertex -89.9615 42.7841 0.799999
      vertex -89.0616 43.4046 0
    endloop
  endfacet
  facet normal 0.238411 0.666168 -0.706669
    outer loop
      vertex 84.7553 48.6519 0
      vertex 84.09 48.89 0
      vertex 84.3223 49.6555 0.799999
    endloop
  endfacet
  facet normal 0.70668 -0.0347482 0.70668
    outer loop
      vertex 89.2 -42 4
      vertex 89.1653 -42.7057 4
      vertex 90 -42 3.2
    endloop
  endfacet
  facet normal 0.69985 -0.103841 0.706702
    outer loop
      vertex 89.1653 -42.7057 4
      vertex 89.0616 -43.4046 4
      vertex 89.9615 -42.7841 3.2
    endloop
  endfacet
  facet normal -0.475194 -0.524218 0.706672
    outer loop
      vertex -86.5676 -47.5657 4
      vertex -87.6568 -47.6568 3.2
      vertex -87.0751 -48.1841 3.2
    endloop
  endfacet
  facet normal -0.238411 -0.666168 -0.706669
    outer loop
      vertex -84.3223 -49.6555 0.799999
      vertex -84.7553 -48.6519 0
      vertex -84.09 -48.89 0
    endloop
  endfacet
  facet normal -0.514233 -0.85765 0
    outer loop
      vertex -86.4445 -48.6517 0.799999
      vertex -85.7712 -49.0554 3.2
      vertex -86.4445 -48.6517 3.2
    endloop
  endfacet
  facet normal -0.514233 -0.85765 -0
    outer loop
      vertex -85.7712 -49.0554 3.2
      vertex -86.4445 -48.6517 0.799999
      vertex -85.7712 -49.0554 0.799999
    endloop
  endfacet
  facet normal 0.0347482 0.70668 0.70668
    outer loop
      vertex 82 50 3.2
      vertex 82 49.2 4
      vertex 82.7057 49.1653 4
    endloop
  endfacet
  facet normal 0.243015 0.970023 -0
    outer loop
      vertex 84.3223 49.6555 0.799999
      vertex 83.5607 49.8463 3.2
      vertex 84.3223 49.6555 3.2
    endloop
  endfacet
  facet normal 0.243015 0.970023 0
    outer loop
      vertex 83.5607 49.8463 3.2
      vertex 84.3223 49.6555 0.799999
      vertex 83.5607 49.8463 0.799999
    endloop
  endfacet
  facet normal -0.666164 0.238366 0.706687
    outer loop
      vertex -89.391 45.0615 3.2
      vertex -89.6555 44.3223 3.2
      vertex -88.6519 44.7553 4
    endloop
  endfacet
  facet normal -0.238366 -0.666164 0.706687
    outer loop
      vertex -84.7553 -48.6519 4
      vertex -85.0615 -49.391 3.2
      vertex -84.3223 -49.6555 3.2
    endloop
  endfacet
  facet normal 0.363816 -0.606781 0.706721
    outer loop
      vertex 86.4445 -48.6517 3.2
      vertex 85.394 -48.3498 4
      vertex 85.7712 -49.0554 3.2
    endloop
  endfacet
  facet normal 0.686365 0.171842 0.706664
    outer loop
      vertex 89.6555 44.3223 3.2
      vertex 88.89 44.09 4
      vertex 89.0616 43.4046 4
    endloop
  endfacet
  facet normal -0.666164 -0.238366 0.706687
    outer loop
      vertex -88.6519 -44.7553 4
      vertex -89.6555 -44.3223 3.2
      vertex -89.391 -45.0615 3.2
    endloop
  endfacet
  facet normal -0.606944 -0.363706 -0.706638
    outer loop
      vertex -87.9866 -46.0001 0
      vertex -88.6517 -46.4445 0.799999
      vertex -88.3498 -45.394 0
    endloop
  endfacet
  facet normal -0.639558 -0.302506 -0.706722
    outer loop
      vertex -88.3498 -45.394 0
      vertex -89.0554 -45.7712 0.799999
      vertex -88.6519 -44.7553 0
    endloop
  endfacet
  facet normal -0.302459 -0.639615 0.70669
    outer loop
      vertex -84.7553 -48.6519 4
      vertex -85.7712 -49.0554 3.2
      vertex -85.0615 -49.391 3.2
    endloop
  endfacet
  facet normal 0 0.707106 -0.707107
    outer loop
      vertex -82 49.2 0
      vertex 82 50 0.799999
      vertex 82 49.2 0
    endloop
  endfacet
  facet normal 0 0.707106 -0.707107
    outer loop
      vertex 82 50 0.799999
      vertex -82 49.2 0
      vertex -82 50 0.799999
    endloop
  endfacet
  facet normal 0.970023 0.243015 -5.53991e-18
    outer loop
      vertex 89.8463 43.5607 3.2
      vertex 89.6555 44.3223 0.799999
      vertex 89.6555 44.3223 3.2
    endloop
  endfacet
  facet normal 0.970023 0.243015 -5.53991e-18
    outer loop
      vertex 89.6555 44.3223 0.799999
      vertex 89.8463 43.5607 3.2
      vertex 89.8463 43.5607 0.799999
    endloop
  endfacet
  facet normal 0.171842 -0.686365 0.706664
    outer loop
      vertex 84.09 -48.89 4
      vertex 83.4046 -49.0616 4
      vertex 84.3223 -49.6555 3.2
    endloop
  endfacet
  facet normal -0 0.707107 0.707107
    outer loop
      vertex -82 50 3.2
      vertex 82 49.2 4
      vertex 82 50 3.2
    endloop
  endfacet
  facet normal 0 0.707107 0.707107
    outer loop
      vertex 82 49.2 4
      vertex -82 50 3.2
      vertex -82 49.2 4
    endloop
  endfacet
  facet normal 0.686364 0.171841 -0.706664
    outer loop
      vertex 89.0616 43.4046 0
      vertex 88.89 44.09 0
      vertex 89.6555 44.3223 0.799999
    endloop
  endfacet
  facet normal 0.336901 0.94154 -0
    outer loop
      vertex 85.0615 49.391 0.799999
      vertex 84.3223 49.6555 3.2
      vertex 85.0615 49.391 3.2
    endloop
  endfacet
  facet normal 0.336901 0.94154 0
    outer loop
      vertex 84.3223 49.6555 3.2
      vertex 85.0615 49.391 0.799999
      vertex 84.3223 49.6555 0.799999
    endloop
  endfacet
  facet normal -0.0347482 0.706679 -0.70668
    outer loop
      vertex -82 49.2 0
      vertex -82.7057 49.1653 0
      vertex -82 50 0.799999
    endloop
  endfacet
  facet normal 0.666168 0.238411 -0.706669
    outer loop
      vertex 88.89 44.09 0
      vertex 88.6519 44.7553 0
      vertex 89.6555 44.3223 0.799999
    endloop
  endfacet
  facet normal -0.427489 0.90402 0
    outer loop
      vertex -85.0615 49.391 0.799999
      vertex -85.7712 49.0554 3.2
      vertex -85.0615 49.391 3.2
    endloop
  endfacet
  facet normal -0.427489 0.90402 0
    outer loop
      vertex -85.7712 49.0554 3.2
      vertex -85.0615 49.391 0.799999
      vertex -85.7712 49.0554 0.799999
    endloop
  endfacet
  facet normal 0.363816 0.606781 -0.706721
    outer loop
      vertex 86.4445 48.6517 0.799999
      vertex 85.394 48.3498 0
      vertex 85.7712 49.0554 0.799999
    endloop
  endfacet
  facet normal 0.238366 -0.666164 0.706687
    outer loop
      vertex 84.7553 -48.6519 4
      vertex 84.3223 -49.6555 3.2
      vertex 85.0615 -49.391 3.2
    endloop
  endfacet
  facet normal -0.706659 0.0346976 -0.706703
    outer loop
      vertex -89.1653 42.7057 0
      vertex -90 42 0.799999
      vertex -89.9615 42.7841 0.799999
    endloop
  endfacet
  facet normal -0.90402 0.427489 4.86488e-21
    outer loop
      vertex -89.391 45.0615 0.799999
      vertex -89.0554 45.7712 3.2
      vertex -89.0554 45.7712 0.799999
    endloop
  endfacet
  facet normal -0.90402 0.427489 4.86488e-21
    outer loop
      vertex -89.0554 45.7712 3.2
      vertex -89.391 45.0615 0.799999
      vertex -89.391 45.0615 3.2
    endloop
  endfacet
  facet normal 0.514233 -0.85765 0
    outer loop
      vertex 85.7712 -49.0554 0.799999
      vertex 86.4445 -48.6517 3.2
      vertex 85.7712 -49.0554 3.2
    endloop
  endfacet
  facet normal 0.514233 -0.85765 0
    outer loop
      vertex 86.4445 -48.6517 3.2
      vertex 85.7712 -49.0554 0.799999
      vertex 86.4445 -48.6517 0.799999
    endloop
  endfacet
  facet normal 0.524319 -0.475151 -0.706626
    outer loop
      vertex 87.6568 -47.6568 0.799999
      vertex 87.0912 -47.0912 0
      vertex 87.5657 -46.5676 0
    endloop
  endfacet
  facet normal 0.475194 -0.524218 0.706672
    outer loop
      vertex 87.6568 -47.6568 3.2
      vertex 86.5676 -47.5657 4
      vertex 87.0751 -48.1841 3.2
    endloop
  endfacet
  facet normal 0.707107 0 0.707107
    outer loop
      vertex 90 42 3.2
      vertex 89.9711 34.5881 3.2289
      vertex 90 34 3.2
    endloop
  endfacet
  facet normal 0.707067 3.10955e-07 0.707147
    outer loop
      vertex 90 42 3.2
      vertex 89.8847 35.1705 3.31529
      vertex 89.9711 34.5881 3.2289
    endloop
  endfacet
  facet normal 0.707035 1.37482e-06 0.707178
    outer loop
      vertex 90 42 3.2
      vertex 89.7416 35.7417 3.45836
      vertex 89.8847 35.1705 3.31529
    endloop
  endfacet
  facet normal 0.707197 -1.19699e-05 0.707017
    outer loop
      vertex 90 42 3.2
      vertex 89.5433 36.2961 3.65672
      vertex 89.7416 35.7417 3.45836
    endloop
  endfacet
  facet normal 0.707061 9.81305e-06 0.707153
    outer loop
      vertex 90 42 3.2
      vertex 89.2915 36.8284 3.90848
      vertex 89.5433 36.2961 3.65672
    endloop
  endfacet
  facet normal 0.707107 -0 0.707107
    outer loop
      vertex 89.2 36.9811 4
      vertex 90 42 3.2
      vertex 89.2 42 4
    endloop
  endfacet
  facet normal 0.707168 -1.94581e-05 0.707046
    outer loop
      vertex 90 42 3.2
      vertex 89.2 36.9811 4
      vertex 89.2915 36.8284 3.90848
    endloop
  endfacet
  facet normal 0.707107 9.02599e-20 0.707107
    outer loop
      vertex 89.9711 -34.5881 3.2289
      vertex 90 -42 3.2
      vertex 90 -34 3.2
    endloop
  endfacet
  facet normal 0.707067 -3.10955e-07 0.707147
    outer loop
      vertex 89.8847 -35.1705 3.31529
      vertex 90 -42 3.2
      vertex 89.9711 -34.5881 3.2289
    endloop
  endfacet
  facet normal 0.707035 -1.37482e-06 0.707178
    outer loop
      vertex 89.7416 -35.7417 3.45836
      vertex 90 -42 3.2
      vertex 89.8847 -35.1705 3.31529
    endloop
  endfacet
  facet normal 0.707197 1.19699e-05 0.707017
    outer loop
      vertex 89.5433 -36.2961 3.65672
      vertex 90 -42 3.2
      vertex 89.7416 -35.7417 3.45836
    endloop
  endfacet
  facet normal 0.707061 -9.81305e-06 0.707153
    outer loop
      vertex 89.2915 -36.8284 3.90848
      vertex 90 -42 3.2
      vertex 89.5433 -36.2961 3.65672
    endloop
  endfacet
  facet normal 0.707168 1.94581e-05 0.707046
    outer loop
      vertex 89.2 -36.9811 4
      vertex 90 -42 3.2
      vertex 89.2915 -36.8284 3.90848
    endloop
  endfacet
  facet normal 0.707107 -2.34627e-18 0.707107
    outer loop
      vertex 90 -42 3.2
      vertex 89.2 -36.9811 4
      vertex 89.2 -42 4
    endloop
  endfacet
  facet normal 0.171933 0.68629 -0.706714
    outer loop
      vertex 84.3223 49.6555 0.799999
      vertex 83.4046 49.0616 0
      vertex 83.5607 49.8463 0.799999
    endloop
  endfacet
  facet normal -0.421432 -0.568339 -0.706673
    outer loop
      vertex -86.4445 -48.6517 0.799999
      vertex -87.0751 -48.1841 0.799999
      vertex -86.5676 -47.5657 0
    endloop
  endfacet
  facet normal -0.146733 -0.989176 0
    outer loop
      vertex -83.5607 -49.8463 0.799999
      vertex -82.7841 -49.9615 3.2
      vertex -83.5607 -49.8463 3.2
    endloop
  endfacet
  facet normal -0.146733 -0.989176 -0
    outer loop
      vertex -82.7841 -49.9615 3.2
      vertex -83.5607 -49.8463 0.799999
      vertex -82.7841 -49.9615 0.799999
    endloop
  endfacet
  facet normal -0.302506 -0.639558 0.706722
    outer loop
      vertex -85.394 -48.3498 4
      vertex -85.7712 -49.0554 3.2
      vertex -84.7553 -48.6519 4
    endloop
  endfacet
  facet normal -0.238411 -0.666168 0.706668
    outer loop
      vertex -84.09 -48.89 4
      vertex -84.7553 -48.6519 4
      vertex -84.3223 -49.6555 3.2
    endloop
  endfacet
  facet normal -0.803259 -0.59563 -1.0653e-17
    outer loop
      vertex -88.1841 -47.0751 0.799999
      vertex -88.6517 -46.4445 3.2
      vertex -88.6517 -46.4445 0.799999
    endloop
  endfacet
  facet normal -0.803259 -0.59563 -1.0653e-17
    outer loop
      vertex -88.6517 -46.4445 3.2
      vertex -88.1841 -47.0751 0.799999
      vertex -88.1841 -47.0751 3.2
    endloop
  endfacet
  facet normal -0.59563 -0.803259 0
    outer loop
      vertex -87.0751 -48.1841 0.799999
      vertex -86.4445 -48.6517 3.2
      vertex -87.0751 -48.1841 3.2
    endloop
  endfacet
  facet normal -0.59563 -0.803259 -0
    outer loop
      vertex -86.4445 -48.6517 3.2
      vertex -87.0751 -48.1841 0.799999
      vertex -86.4445 -48.6517 0.799999
    endloop
  endfacet
  facet normal -0.699842 -0.103814 0.706714
    outer loop
      vertex -89.0616 -43.4046 4
      vertex -89.9615 -42.7841 3.2
      vertex -89.8463 -43.5607 3.2
    endloop
  endfacet
  facet normal -0.707168 1.94581e-05 0.707046
    outer loop
      vertex -90 -42 3.2
      vertex -89.2 -36.9811 4
      vertex -89.2915 -36.8284 3.90848
    endloop
  endfacet
  facet normal -0.707061 -9.81305e-06 0.707153
    outer loop
      vertex -90 -42 3.2
      vertex -89.2915 -36.8284 3.90848
      vertex -89.5433 -36.2961 3.65672
    endloop
  endfacet
  facet normal -0.707197 1.19699e-05 0.707017
    outer loop
      vertex -90 -42 3.2
      vertex -89.5433 -36.2961 3.65672
      vertex -89.7416 -35.7417 3.45836
    endloop
  endfacet
  facet normal -0.707035 -1.37482e-06 0.707178
    outer loop
      vertex -90 -42 3.2
      vertex -89.7416 -35.7417 3.45836
      vertex -89.8847 -35.1705 3.31529
    endloop
  endfacet
  facet normal -0.707067 -3.10955e-07 0.707147
    outer loop
      vertex -90 -42 3.2
      vertex -89.8847 -35.1705 3.31529
      vertex -89.9711 -34.5881 3.2289
    endloop
  endfacet
  facet normal -0.707107 0 0.707107
    outer loop
      vertex -89.2 -36.9811 4
      vertex -90 -42 3.2
      vertex -89.2 -42 4
    endloop
  endfacet
  facet normal -0.707107 0 0.707107
    outer loop
      vertex -90 -42 3.2
      vertex -89.9711 -34.5881 3.2289
      vertex -90 -34 3.2
    endloop
  endfacet
  facet normal -0.707107 2.34627e-18 0.707107
    outer loop
      vertex -90 42 3.2
      vertex -89.2 36.9811 4
      vertex -89.2 42 4
    endloop
  endfacet
  facet normal -0.707168 -1.94581e-05 0.707046
    outer loop
      vertex -89.2 36.9811 4
      vertex -90 42 3.2
      vertex -89.2915 36.8284 3.90848
    endloop
  endfacet
  facet normal -0.707061 9.81305e-06 0.707153
    outer loop
      vertex -89.2915 36.8284 3.90848
      vertex -90 42 3.2
      vertex -89.5433 36.2961 3.65672
    endloop
  endfacet
  facet normal -0.707197 -1.19699e-05 0.707017
    outer loop
      vertex -89.5433 36.2961 3.65672
      vertex -90 42 3.2
      vertex -89.7416 35.7417 3.45836
    endloop
  endfacet
  facet normal -0.707035 1.37482e-06 0.707178
    outer loop
      vertex -89.7416 35.7417 3.45836
      vertex -90 42 3.2
      vertex -89.8847 35.1705 3.31529
    endloop
  endfacet
  facet normal -0.707067 3.10955e-07 0.707147
    outer loop
      vertex -89.8847 35.1705 3.31529
      vertex -90 42 3.2
      vertex -89.9711 34.5881 3.2289
    endloop
  endfacet
  facet normal -0.707107 -9.02599e-20 0.707107
    outer loop
      vertex -89.9711 34.5881 3.2289
      vertex -90 42 3.2
      vertex -90 34 3.2
    endloop
  endfacet
  facet normal 0 -0.707107 0.707107
    outer loop
      vertex -82 -49.2 4
      vertex 82 -50 3.2
      vertex 82 -49.2 4
    endloop
  endfacet
  facet normal 0 -0.707107 0.707107
    outer loop
      vertex 82 -50 3.2
      vertex -82 -49.2 4
      vertex -82 -50 3.2
    endloop
  endfacet
  facet normal 0.103841 0.69985 0.706702
    outer loop
      vertex 82.7841 49.9615 3.2
      vertex 82.7057 49.1653 4
      vertex 83.4046 49.0616 4
    endloop
  endfacet
  facet normal -0.568339 0.421432 -0.706673
    outer loop
      vertex -87.5657 46.5676 0
      vertex -88.6517 46.4445 0.799999
      vertex -88.1841 47.0751 0.799999
    endloop
  endfacet
  facet normal -0.989176 0.146733 -3.66525e-18
    outer loop
      vertex -89.9615 42.7841 0.799999
      vertex -89.8463 43.5607 3.2
      vertex -89.8463 43.5607 0.799999
    endloop
  endfacet
  facet normal -0.989176 0.146733 -3.66525e-18
    outer loop
      vertex -89.8463 43.5607 3.2
      vertex -89.9615 42.7841 0.799999
      vertex -89.9615 42.7841 3.2
    endloop
  endfacet
  facet normal 0.606781 -0.363816 -0.706721
    outer loop
      vertex 88.6517 -46.4445 0.799999
      vertex 88.3498 -45.394 0
      vertex 89.0554 -45.7712 0.799999
    endloop
  endfacet
  facet normal -0.363706 0.606945 0.706637
    outer loop
      vertex -85.394 48.3498 4
      vertex -86.4445 48.6517 3.2
      vertex -86.0001 47.9866 4
    endloop
  endfacet
  facet normal 0.699841 -0.103814 -0.706714
    outer loop
      vertex 89.8463 -43.5607 0.799999
      vertex 89.0616 -43.4046 0
      vertex 89.9615 -42.7841 0.799999
    endloop
  endfacet
  facet normal -0.42151 0.568323 -0.706639
    outer loop
      vertex -86.0001 47.9866 0
      vertex -86.5676 47.5657 0
      vertex -86.4445 48.6517 0.799999
    endloop
  endfacet
  facet normal 0.606781 0.363816 -0.706721
    outer loop
      vertex 89.0554 45.7712 0.799999
      vertex 88.3498 45.394 0
      vertex 88.6517 46.4445 0.799999
    endloop
  endfacet
  facet normal 0.666164 0.238366 0.706687
    outer loop
      vertex 89.391 45.0615 3.2
      vertex 88.6519 44.7553 4
      vertex 89.6555 44.3223 3.2
    endloop
  endfacet
  facet normal -0.103841 -0.699849 -0.706702
    outer loop
      vertex -82.7841 -49.9615 0.799999
      vertex -83.4046 -49.0616 0
      vertex -82.7057 -49.1653 0
    endloop
  endfacet
  facet normal -0.171933 -0.686291 0.706714
    outer loop
      vertex -83.4046 -49.0616 4
      vertex -84.3223 -49.6555 3.2
      vertex -83.5607 -49.8463 3.2
    endloop
  endfacet
  facet normal 0.475194 0.524218 0.706672
    outer loop
      vertex 87.0751 48.1841 3.2
      vertex 86.5676 47.5657 4
      vertex 87.6568 47.6568 3.2
    endloop
  endfacet
  facet normal 0.568323 0.42151 0.706639
    outer loop
      vertex 88.6517 46.4445 3.2
      vertex 87.5657 46.5676 4
      vertex 87.9866 46.0001 4
    endloop
  endfacet
  facet normal -0.666164 0.238366 -0.706688
    outer loop
      vertex -88.6519 44.7553 0
      vertex -89.6555 44.3223 0.799999
      vertex -89.391 45.0615 0.799999
    endloop
  endfacet
  facet normal -0.94154 0.336901 -5.33407e-19
    outer loop
      vertex -89.6555 44.3223 0.799999
      vertex -89.391 45.0615 3.2
      vertex -89.391 45.0615 0.799999
    endloop
  endfacet
  facet normal -0.94154 0.336901 -5.33407e-19
    outer loop
      vertex -89.391 45.0615 3.2
      vertex -89.6555 44.3223 0.799999
      vertex -89.6555 44.3223 3.2
    endloop
  endfacet
  facet normal -0.427489 -0.90402 0
    outer loop
      vertex -85.7712 -49.0554 0.799999
      vertex -85.0615 -49.391 3.2
      vertex -85.7712 -49.0554 3.2
    endloop
  endfacet
  facet normal -0.427489 -0.90402 -0
    outer loop
      vertex -85.0615 -49.391 3.2
      vertex -85.7712 -49.0554 0.799999
      vertex -85.0615 -49.391 0.799999
    endloop
  endfacet
  facet normal 0.363706 -0.606945 0.706637
    outer loop
      vertex 86.0001 -47.9866 4
      vertex 85.394 -48.3498 4
      vertex 86.4445 -48.6517 3.2
    endloop
  endfacet
  facet normal 0.706659 -0.0346976 -0.706703
    outer loop
      vertex 89.9615 -42.7841 0.799999
      vertex 89.1653 -42.7057 0
      vertex 90 -42 0.799999
    endloop
  endfacet
  facet normal 0.639615 0.302459 0.70669
    outer loop
      vertex 89.0554 45.7712 3.2
      vertex 88.6519 44.7553 4
      vertex 89.391 45.0615 3.2
    endloop
  endfacet
  facet normal 0.0346976 -0.706659 -0.706703
    outer loop
      vertex 82.7841 -49.9615 0.799999
      vertex 82 -50 0.799999
      vertex 82.7057 -49.1653 0
    endloop
  endfacet
  facet normal 0.706659 0.0346976 -0.706703
    outer loop
      vertex 90 42 0.799999
      vertex 89.1653 42.7057 0
      vertex 89.9615 42.7841 0.799999
    endloop
  endfacet
  facet normal -0.524319 -0.475151 -0.706626
    outer loop
      vertex -87.0912 -47.0912 0
      vertex -87.6568 -47.6568 0.799999
      vertex -87.5657 -46.5676 0
    endloop
  endfacet
  facet normal 0.68629 0.171933 -0.706714
    outer loop
      vertex 89.8463 43.5607 0.799999
      vertex 89.0616 43.4046 0
      vertex 89.6555 44.3223 0.799999
    endloop
  endfacet
  facet normal 0.998797 -0.0490418 -5.94984e-19
    outer loop
      vertex 89.9615 -42.7841 3.2
      vertex 90 -42 0.799999
      vertex 90 -42 3.2
    endloop
  endfacet
  facet normal 0.998797 -0.0490418 -5.94984e-19
    outer loop
      vertex 90 -42 0.799999
      vertex 89.9615 -42.7841 3.2
      vertex 89.9615 -42.7841 0.799999
    endloop
  endfacet
  facet normal 0.686364 -0.171841 -0.706664
    outer loop
      vertex 89.6555 -44.3223 0.799999
      vertex 88.89 -44.09 0
      vertex 89.0616 -43.4046 0
    endloop
  endfacet
  facet normal 0.666168 -0.238411 0.706668
    outer loop
      vertex 88.89 -44.09 4
      vertex 88.6519 -44.7553 4
      vertex 89.6555 -44.3223 3.2
    endloop
  endfacet
  facet normal 0.686365 -0.171842 0.706664
    outer loop
      vertex 89.0616 -43.4046 4
      vertex 88.89 -44.09 4
      vertex 89.6555 -44.3223 3.2
    endloop
  endfacet
  facet normal 0.699849 0.103841 -0.706702
    outer loop
      vertex 89.1653 42.7057 0
      vertex 89.0616 43.4046 0
      vertex 89.9615 42.7841 0.799999
    endloop
  endfacet
  facet normal -0.171842 -0.686365 0.706664
    outer loop
      vertex -84.09 -48.89 4
      vertex -84.3223 -49.6555 3.2
      vertex -83.4046 -49.0616 4
    endloop
  endfacet
  facet normal -0.302506 0.639558 0.706722
    outer loop
      vertex -84.7553 48.6519 4
      vertex -85.7712 49.0554 3.2
      vertex -85.394 48.3498 4
    endloop
  endfacet
  facet normal 0.103814 -0.699842 0.706714
    outer loop
      vertex 83.4046 -49.0616 4
      vertex 82.7841 -49.9615 3.2
      vertex 83.5607 -49.8463 3.2
    endloop
  endfacet
  facet normal 0.103841 -0.69985 0.706702
    outer loop
      vertex 83.4046 -49.0616 4
      vertex 82.7057 -49.1653 4
      vertex 82.7841 -49.9615 3.2
    endloop
  endfacet
  facet normal -0.568323 0.42151 -0.706639
    outer loop
      vertex -87.9866 46.0001 0
      vertex -88.6517 46.4445 0.799999
      vertex -87.5657 46.5676 0
    endloop
  endfacet
  facet normal 0.90402 -0.427489 4.86488e-21
    outer loop
      vertex 89.0554 -45.7712 3.2
      vertex 89.391 -45.0615 0.799999
      vertex 89.391 -45.0615 3.2
    endloop
  endfacet
  facet normal 0.90402 -0.427489 4.86488e-21
    outer loop
      vertex 89.391 -45.0615 0.799999
      vertex 89.0554 -45.7712 3.2
      vertex 89.0554 -45.7712 0.799999
    endloop
  endfacet
  facet normal 0.103814 -0.699841 -0.706714
    outer loop
      vertex 83.5607 -49.8463 0.799999
      vertex 82.7841 -49.9615 0.799999
      vertex 83.4046 -49.0616 0
    endloop
  endfacet
  facet normal -0.243015 -0.970023 0
    outer loop
      vertex -84.3223 -49.6555 0.799999
      vertex -83.5607 -49.8463 3.2
      vertex -84.3223 -49.6555 3.2
    endloop
  endfacet
  facet normal -0.243015 -0.970023 -0
    outer loop
      vertex -83.5607 -49.8463 3.2
      vertex -84.3223 -49.6555 0.799999
      vertex -83.5607 -49.8463 0.799999
    endloop
  endfacet
  facet normal -0.171933 -0.68629 -0.706714
    outer loop
      vertex -83.5607 -49.8463 0.799999
      vertex -84.3223 -49.6555 0.799999
      vertex -83.4046 -49.0616 0
    endloop
  endfacet
  facet normal -0.524218 -0.475194 0.706672
    outer loop
      vertex -87.5657 -46.5676 4
      vertex -88.1841 -47.0751 3.2
      vertex -87.6568 -47.6568 3.2
    endloop
  endfacet
  facet normal -0.606781 -0.363816 -0.706721
    outer loop
      vertex -88.6517 -46.4445 0.799999
      vertex -89.0554 -45.7712 0.799999
      vertex -88.3498 -45.394 0
    endloop
  endfacet
  facet normal -0.0490418 -0.998797 0
    outer loop
      vertex -82.7841 -49.9615 0.799999
      vertex -82 -50 3.2
      vertex -82.7841 -49.9615 3.2
    endloop
  endfacet
  facet normal -0.0490418 -0.998797 -0
    outer loop
      vertex -82 -50 3.2
      vertex -82.7841 -49.9615 0.799999
      vertex -82 -50 0.799999
    endloop
  endfacet
  facet normal -0.69985 0.103841 0.706702
    outer loop
      vertex -89.0616 43.4046 4
      vertex -89.9615 42.7841 3.2
      vertex -89.1653 42.7057 4
    endloop
  endfacet
  facet normal -0.70668 0.0347482 0.70668
    outer loop
      vertex -89.1653 42.7057 4
      vertex -90 42 3.2
      vertex -89.2 42 4
    endloop
  endfacet
  facet normal -0.103814 -0.699842 0.706714
    outer loop
      vertex -83.4046 -49.0616 4
      vertex -83.5607 -49.8463 3.2
      vertex -82.7841 -49.9615 3.2
    endloop
  endfacet
  facet normal 0.0347482 -0.70668 0.70668
    outer loop
      vertex 82 -49.2 4
      vertex 82 -50 3.2
      vertex 82.7057 -49.1653 4
    endloop
  endfacet
  facet normal 0.803259 -0.59563 1.0653e-17
    outer loop
      vertex 88.1841 -47.0751 3.2
      vertex 88.6517 -46.4445 0.799999
      vertex 88.6517 -46.4445 3.2
    endloop
  endfacet
  facet normal 0.803259 -0.59563 1.0653e-17
    outer loop
      vertex 88.6517 -46.4445 0.799999
      vertex 88.1841 -47.0751 3.2
      vertex 88.1841 -47.0751 0.799999
    endloop
  endfacet
  facet normal 0.103814 0.699841 -0.706714
    outer loop
      vertex 83.4046 49.0616 0
      vertex 82.7841 49.9615 0.799999
      vertex 83.5607 49.8463 0.799999
    endloop
  endfacet
  facet normal 0.524218 -0.475194 0.706672
    outer loop
      vertex 88.1841 -47.0751 3.2
      vertex 87.5657 -46.5676 4
      vertex 87.6568 -47.6568 3.2
    endloop
  endfacet
  facet normal 0.238411 -0.666168 0.706668
    outer loop
      vertex 84.7553 -48.6519 4
      vertex 84.09 -48.89 4
      vertex 84.3223 -49.6555 3.2
    endloop
  endfacet
  facet normal -0.85765 0.514233 8.76097e-18
    outer loop
      vertex -89.0554 45.7712 0.799999
      vertex -88.6517 46.4445 3.2
      vertex -88.6517 46.4445 0.799999
    endloop
  endfacet
  facet normal -0.85765 0.514233 8.76097e-18
    outer loop
      vertex -88.6517 46.4445 3.2
      vertex -89.0554 45.7712 0.799999
      vertex -89.0554 45.7712 3.2
    endloop
  endfacet
  facet normal -0.639615 0.302459 0.70669
    outer loop
      vertex -89.0554 45.7712 3.2
      vertex -89.391 45.0615 3.2
      vertex -88.6519 44.7553 4
    endloop
  endfacet
  facet normal -0.686291 0.171933 0.706714
    outer loop
      vertex -89.6555 44.3223 3.2
      vertex -89.8463 43.5607 3.2
      vertex -89.0616 43.4046 4
    endloop
  endfacet
  facet normal 0.606944 0.363706 -0.706638
    outer loop
      vertex 88.3498 45.394 0
      vertex 87.9866 46.0001 0
      vertex 88.6517 46.4445 0.799999
    endloop
  endfacet
  facet normal -0.699842 0.103814 0.706714
    outer loop
      vertex -89.8463 43.5607 3.2
      vertex -89.9615 42.7841 3.2
      vertex -89.0616 43.4046 4
    endloop
  endfacet
  facet normal -0.970023 0.243015 5.53991e-18
    outer loop
      vertex -89.8463 43.5607 0.799999
      vertex -89.6555 44.3223 3.2
      vertex -89.6555 44.3223 0.799999
    endloop
  endfacet
  facet normal -0.970023 0.243015 5.53991e-18
    outer loop
      vertex -89.6555 44.3223 3.2
      vertex -89.8463 43.5607 0.799999
      vertex -89.8463 43.5607 3.2
    endloop
  endfacet
  facet normal -0.363816 0.606781 -0.706721
    outer loop
      vertex -85.394 48.3498 0
      vertex -86.4445 48.6517 0.799999
      vertex -85.7712 49.0554 0.799999
    endloop
  endfacet
  facet normal 0.606781 -0.363816 0.706721
    outer loop
      vertex 89.0554 -45.7712 3.2
      vertex 88.3498 -45.394 4
      vertex 88.6517 -46.4445 3.2
    endloop
  endfacet
  facet normal 0.59563 -0.803259 0
    outer loop
      vertex 86.4445 -48.6517 0.799999
      vertex 87.0751 -48.1841 3.2
      vertex 86.4445 -48.6517 3.2
    endloop
  endfacet
  facet normal 0.59563 -0.803259 0
    outer loop
      vertex 87.0751 -48.1841 3.2
      vertex 86.4445 -48.6517 0.799999
      vertex 87.0751 -48.1841 0.799999
    endloop
  endfacet
  facet normal 0.302506 -0.639558 0.706722
    outer loop
      vertex 85.394 -48.3498 4
      vertex 84.7553 -48.6519 4
      vertex 85.7712 -49.0554 3.2
    endloop
  endfacet
  facet normal 0.302459 -0.639615 0.70669
    outer loop
      vertex 85.7712 -49.0554 3.2
      vertex 84.7553 -48.6519 4
      vertex 85.0615 -49.391 3.2
    endloop
  endfacet
  facet normal 0.639615 -0.302458 -0.706691
    outer loop
      vertex 89.0554 -45.7712 0.799999
      vertex 88.6519 -44.7553 0
      vertex 89.391 -45.0615 0.799999
    endloop
  endfacet
  facet normal 0.171842 0.686365 0.706664
    outer loop
      vertex 84.3223 49.6555 3.2
      vertex 83.4046 49.0616 4
      vertex 84.09 48.89 4
    endloop
  endfacet
  facet normal -0.363706 -0.606945 0.706637
    outer loop
      vertex -86.0001 -47.9866 4
      vertex -86.4445 -48.6517 3.2
      vertex -85.394 -48.3498 4
    endloop
  endfacet
  facet normal -0.363816 -0.606781 0.706721
    outer loop
      vertex -85.394 -48.3498 4
      vertex -86.4445 -48.6517 3.2
      vertex -85.7712 -49.0554 3.2
    endloop
  endfacet
  facet normal -0.568323 0.42151 0.706639
    outer loop
      vertex -87.5657 46.5676 4
      vertex -88.6517 46.4445 3.2
      vertex -87.9866 46.0001 4
    endloop
  endfacet
  facet normal 0.94154 0.336901 5.33407e-19
    outer loop
      vertex 89.6555 44.3223 3.2
      vertex 89.391 45.0615 0.799999
      vertex 89.391 45.0615 3.2
    endloop
  endfacet
  facet normal 0.94154 0.336901 5.33407e-19
    outer loop
      vertex 89.391 45.0615 0.799999
      vertex 89.6555 44.3223 3.2
      vertex 89.6555 44.3223 0.799999
    endloop
  endfacet
  facet normal 0.69985 0.103841 0.706702
    outer loop
      vertex 89.9615 42.7841 3.2
      vertex 89.0616 43.4046 4
      vertex 89.1653 42.7057 4
    endloop
  endfacet
  facet normal -0.639558 -0.302506 0.706722
    outer loop
      vertex -88.6519 -44.7553 4
      vertex -89.0554 -45.7712 3.2
      vertex -88.3498 -45.394 4
    endloop
  endfacet
  facet normal 0.42151 -0.568323 0.706639
    outer loop
      vertex 86.5676 -47.5657 4
      vertex 86.0001 -47.9866 4
      vertex 86.4445 -48.6517 3.2
    endloop
  endfacet
  facet normal 0.998797 0.0490418 5.94984e-19
    outer loop
      vertex 90 42 3.2
      vertex 89.9615 42.7841 0.799999
      vertex 89.9615 42.7841 3.2
    endloop
  endfacet
  facet normal 0.998797 0.0490418 5.94984e-19
    outer loop
      vertex 89.9615 42.7841 0.799999
      vertex 90 42 3.2
      vertex 90 42 0.799999
    endloop
  endfacet
  facet normal 0.238366 0.666164 -0.706688
    outer loop
      vertex 84.7553 48.6519 0
      vertex 84.3223 49.6555 0.799999
      vertex 85.0615 49.391 0.799999
    endloop
  endfacet
  facet normal 0.740902 0.671613 2.35483e-18
    outer loop
      vertex 88.1841 47.0751 3.2
      vertex 87.6568 47.6568 0.799999
      vertex 87.6568 47.6568 3.2
    endloop
  endfacet
  facet normal 0.740902 0.671613 2.35483e-18
    outer loop
      vertex 87.6568 47.6568 0.799999
      vertex 88.1841 47.0751 3.2
      vertex 88.1841 47.0751 0.799999
    endloop
  endfacet
  facet normal 0.475194 0.524218 -0.706673
    outer loop
      vertex 87.6568 47.6568 0.799999
      vertex 86.5676 47.5657 0
      vertex 87.0751 48.1841 0.799999
    endloop
  endfacet
  facet normal 0.568339 0.421432 -0.706673
    outer loop
      vertex 88.6517 46.4445 0.799999
      vertex 87.5657 46.5676 0
      vertex 88.1841 47.0751 0.799999
    endloop
  endfacet
  facet normal -0.514233 0.85765 0
    outer loop
      vertex -85.7712 49.0554 0.799999
      vertex -86.4445 48.6517 3.2
      vertex -85.7712 49.0554 3.2
    endloop
  endfacet
  facet normal -0.514233 0.85765 0
    outer loop
      vertex -86.4445 48.6517 3.2
      vertex -85.7712 49.0554 0.799999
      vertex -86.4445 48.6517 0.799999
    endloop
  endfacet
  facet normal 0.699841 0.103814 -0.706714
    outer loop
      vertex 89.9615 42.7841 0.799999
      vertex 89.0616 43.4046 0
      vertex 89.8463 43.5607 0.799999
    endloop
  endfacet
  facet normal 0.302458 0.639615 -0.706691
    outer loop
      vertex 85.7712 49.0554 0.799999
      vertex 84.7553 48.6519 0
      vertex 85.0615 49.391 0.799999
    endloop
  endfacet
  facet normal -0.363706 0.606944 -0.706638
    outer loop
      vertex -86.0001 47.9866 0
      vertex -86.4445 48.6517 0.799999
      vertex -85.394 48.3498 0
    endloop
  endfacet
  facet normal 0.666164 -0.238366 -0.706688
    outer loop
      vertex 89.391 -45.0615 0.799999
      vertex 88.6519 -44.7553 0
      vertex 89.6555 -44.3223 0.799999
    endloop
  endfacet
  facet normal -0.69985 -0.103841 0.706702
    outer loop
      vertex -89.1653 -42.7057 4
      vertex -89.9615 -42.7841 3.2
      vertex -89.0616 -43.4046 4
    endloop
  endfacet
  facet normal 0.363706 0.606945 0.706637
    outer loop
      vertex 86.4445 48.6517 3.2
      vertex 85.394 48.3498 4
      vertex 86.0001 47.9866 4
    endloop
  endfacet
  facet normal 0.427489 0.90402 -0
    outer loop
      vertex 85.7712 49.0554 0.799999
      vertex 85.0615 49.391 3.2
      vertex 85.7712 49.0554 3.2
    endloop
  endfacet
  facet normal 0.427489 0.90402 0
    outer loop
      vertex 85.0615 49.391 3.2
      vertex 85.7712 49.0554 0.799999
      vertex 85.0615 49.391 0.799999
    endloop
  endfacet
  facet normal -0.421432 0.568339 -0.706673
    outer loop
      vertex -86.5676 47.5657 0
      vertex -87.0751 48.1841 0.799999
      vertex -86.4445 48.6517 0.799999
    endloop
  endfacet
  facet normal -0.666168 0.238411 0.706668
    outer loop
      vertex -88.6519 44.7553 4
      vertex -89.6555 44.3223 3.2
      vertex -88.89 44.09 4
    endloop
  endfacet
  facet normal 0.524319 -0.475152 0.706626
    outer loop
      vertex 87.5657 -46.5676 4
      vertex 87.0912 -47.0912 4
      vertex 87.6568 -47.6568 3.2
    endloop
  endfacet
  facet normal 0.171933 -0.68629 -0.706714
    outer loop
      vertex 83.5607 -49.8463 0.799999
      vertex 83.4046 -49.0616 0
      vertex 84.3223 -49.6555 0.799999
    endloop
  endfacet
  facet normal 0.706679 0.0347482 -0.70668
    outer loop
      vertex 89.2 42 0
      vertex 89.1653 42.7057 0
      vertex 90 42 0.799999
    endloop
  endfacet
  facet normal -0.302506 0.639558 -0.706722
    outer loop
      vertex -85.394 48.3498 0
      vertex -85.7712 49.0554 0.799999
      vertex -84.7553 48.6519 0
    endloop
  endfacet
  facet normal 0.475151 0.524319 -0.706626
    outer loop
      vertex 87.0912 47.0912 0
      vertex 86.5676 47.5657 0
      vertex 87.6568 47.6568 0.799999
    endloop
  endfacet
  facet normal -0.524319 0.475151 -0.706626
    outer loop
      vertex -87.5657 46.5676 0
      vertex -87.6568 47.6568 0.799999
      vertex -87.0912 47.0912 0
    endloop
  endfacet
  facet normal -0.524218 0.475194 -0.706673
    outer loop
      vertex -87.5657 46.5676 0
      vertex -88.1841 47.0751 0.799999
      vertex -87.6568 47.6568 0.799999
    endloop
  endfacet
  facet normal 0.94154 -0.336901 -5.33407e-19
    outer loop
      vertex 89.391 -45.0615 3.2
      vertex 89.6555 -44.3223 0.799999
      vertex 89.6555 -44.3223 3.2
    endloop
  endfacet
  facet normal 0.94154 -0.336901 -5.33407e-19
    outer loop
      vertex 89.6555 -44.3223 0.799999
      vertex 89.391 -45.0615 3.2
      vertex 89.391 -45.0615 0.799999
    endloop
  endfacet
  facet normal 0.686291 -0.171933 0.706714
    outer loop
      vertex 89.8463 -43.5607 3.2
      vertex 89.0616 -43.4046 4
      vertex 89.6555 -44.3223 3.2
    endloop
  endfacet
  facet normal -0.68629 -0.171933 -0.706714
    outer loop
      vertex -89.6555 -44.3223 0.799999
      vertex -89.8463 -43.5607 0.799999
      vertex -89.0616 -43.4046 0
    endloop
  endfacet
  facet normal 0.970023 -0.243015 5.53991e-18
    outer loop
      vertex 89.6555 -44.3223 3.2
      vertex 89.8463 -43.5607 0.799999
      vertex 89.8463 -43.5607 3.2
    endloop
  endfacet
  facet normal 0.970023 -0.243015 5.53991e-18
    outer loop
      vertex 89.8463 -43.5607 0.799999
      vertex 89.6555 -44.3223 3.2
      vertex 89.6555 -44.3223 0.799999
    endloop
  endfacet
  facet normal -0.639558 0.302506 0.706722
    outer loop
      vertex -88.3498 45.394 4
      vertex -89.0554 45.7712 3.2
      vertex -88.6519 44.7553 4
    endloop
  endfacet
  facet normal 0.103814 0.699842 0.706714
    outer loop
      vertex 83.5607 49.8463 3.2
      vertex 82.7841 49.9615 3.2
      vertex 83.4046 49.0616 4
    endloop
  endfacet
  facet normal 0.146733 -0.989176 0
    outer loop
      vertex 82.7841 -49.9615 0.799999
      vertex 83.5607 -49.8463 3.2
      vertex 82.7841 -49.9615 3.2
    endloop
  endfacet
  facet normal 0.146733 -0.989176 0
    outer loop
      vertex 83.5607 -49.8463 3.2
      vertex 82.7841 -49.9615 0.799999
      vertex 83.5607 -49.8463 0.799999
    endloop
  endfacet
  facet normal 0.475151 -0.524319 -0.706626
    outer loop
      vertex 87.6568 -47.6568 0.799999
      vertex 86.5676 -47.5657 0
      vertex 87.0912 -47.0912 0
    endloop
  endfacet
  facet normal -0.0346976 -0.706659 -0.706703
    outer loop
      vertex -82 -50 0.799999
      vertex -82.7841 -49.9615 0.799999
      vertex -82.7057 -49.1653 0
    endloop
  endfacet
  facet normal -0.103814 -0.699841 -0.706714
    outer loop
      vertex -82.7841 -49.9615 0.799999
      vertex -83.5607 -49.8463 0.799999
      vertex -83.4046 -49.0616 0
    endloop
  endfacet
  facet normal -0.568339 -0.421432 -0.706673
    outer loop
      vertex -88.1841 -47.0751 0.799999
      vertex -88.6517 -46.4445 0.799999
      vertex -87.5657 -46.5676 0
    endloop
  endfacet
  facet normal -0.639615 -0.302459 0.70669
    outer loop
      vertex -88.6519 -44.7553 4
      vertex -89.391 -45.0615 3.2
      vertex -89.0554 -45.7712 3.2
    endloop
  endfacet
  facet normal -0.970023 -0.243015 -5.53991e-18
    outer loop
      vertex -89.6555 -44.3223 0.799999
      vertex -89.8463 -43.5607 3.2
      vertex -89.8463 -43.5607 0.799999
    endloop
  endfacet
  facet normal -0.970023 -0.243015 -5.53991e-18
    outer loop
      vertex -89.8463 -43.5607 3.2
      vertex -89.6555 -44.3223 0.799999
      vertex -89.6555 -44.3223 3.2
    endloop
  endfacet
  facet normal -0.740902 -0.671613 2.35483e-18
    outer loop
      vertex -87.6568 -47.6568 0.799999
      vertex -88.1841 -47.0751 3.2
      vertex -88.1841 -47.0751 0.799999
    endloop
  endfacet
  facet normal -0.740902 -0.671613 2.35483e-18
    outer loop
      vertex -88.1841 -47.0751 3.2
      vertex -87.6568 -47.6568 0.799999
      vertex -87.6568 -47.6568 3.2
    endloop
  endfacet
  facet normal 0.302506 0.639558 -0.706722
    outer loop
      vertex 85.394 48.3498 0
      vertex 84.7553 48.6519 0
      vertex 85.7712 49.0554 0.799999
    endloop
  endfacet
  facet normal 0.363706 -0.606944 -0.706638
    outer loop
      vertex 86.4445 -48.6517 0.799999
      vertex 85.394 -48.3498 0
      vertex 86.0001 -47.9866 0
    endloop
  endfacet
  facet normal -0.475194 -0.524218 -0.706673
    outer loop
      vertex -87.0751 -48.1841 0.799999
      vertex -87.6568 -47.6568 0.799999
      vertex -86.5676 -47.5657 0
    endloop
  endfacet
  facet normal -0.171841 -0.686364 -0.706664
    outer loop
      vertex -83.4046 -49.0616 0
      vertex -84.3223 -49.6555 0.799999
      vertex -84.09 -48.89 0
    endloop
  endfacet
  facet normal -0.42151 -0.568323 0.706639
    outer loop
      vertex -86.0001 -47.9866 4
      vertex -86.5676 -47.5657 4
      vertex -86.4445 -48.6517 3.2
    endloop
  endfacet
  facet normal -0.803259 0.59563 1.0653e-17
    outer loop
      vertex -88.6517 46.4445 0.799999
      vertex -88.1841 47.0751 3.2
      vertex -88.1841 47.0751 0.799999
    endloop
  endfacet
  facet normal -0.803259 0.59563 1.0653e-17
    outer loop
      vertex -88.1841 47.0751 3.2
      vertex -88.6517 46.4445 0.799999
      vertex -88.6517 46.4445 3.2
    endloop
  endfacet
  facet normal -0.171842 0.686365 0.706664
    outer loop
      vertex -83.4046 49.0616 4
      vertex -84.3223 49.6555 3.2
      vertex -84.09 48.89 4
    endloop
  endfacet
  facet normal 0.302459 0.639615 0.70669
    outer loop
      vertex 85.0615 49.391 3.2
      vertex 84.7553 48.6519 4
      vertex 85.7712 49.0554 3.2
    endloop
  endfacet
  facet normal -0.238366 0.666164 0.706687
    outer loop
      vertex -84.3223 49.6555 3.2
      vertex -85.0615 49.391 3.2
      vertex -84.7553 48.6519 4
    endloop
  endfacet
  facet normal -0.421432 -0.568339 0.706672
    outer loop
      vertex -86.5676 -47.5657 4
      vertex -87.0751 -48.1841 3.2
      vertex -86.4445 -48.6517 3.2
    endloop
  endfacet
  facet normal -0.363816 -0.606781 -0.706721
    outer loop
      vertex -85.7712 -49.0554 0.799999
      vertex -86.4445 -48.6517 0.799999
      vertex -85.394 -48.3498 0
    endloop
  endfacet
  facet normal -0.302506 -0.639558 -0.706722
    outer loop
      vertex -84.7553 -48.6519 0
      vertex -85.7712 -49.0554 0.799999
      vertex -85.394 -48.3498 0
    endloop
  endfacet
  facet normal 0.0346976 0.706659 0.706703
    outer loop
      vertex 82.7841 49.9615 3.2
      vertex 82 50 3.2
      vertex 82.7057 49.1653 4
    endloop
  endfacet
  facet normal 0.475152 -0.524319 0.706626
    outer loop
      vertex 87.0912 -47.0912 4
      vertex 86.5676 -47.5657 4
      vertex 87.6568 -47.6568 3.2
    endloop
  endfacet
  facet normal 0.606945 -0.363706 0.706637
    outer loop
      vertex 88.3498 -45.394 4
      vertex 87.9866 -46.0001 4
      vertex 88.6517 -46.4445 3.2
    endloop
  endfacet
  facet normal 0.171933 0.686291 0.706714
    outer loop
      vertex 83.5607 49.8463 3.2
      vertex 83.4046 49.0616 4
      vertex 84.3223 49.6555 3.2
    endloop
  endfacet
  facet normal -0.0347482 -0.70668 0.70668
    outer loop
      vertex -82 -49.2 4
      vertex -82.7057 -49.1653 4
      vertex -82 -50 3.2
    endloop
  endfacet
  facet normal 0.302506 0.639558 0.706722
    outer loop
      vertex 85.7712 49.0554 3.2
      vertex 84.7553 48.6519 4
      vertex 85.394 48.3498 4
    endloop
  endfacet
  facet normal -0.606781 0.363816 0.706721
    outer loop
      vertex -88.6517 46.4445 3.2
      vertex -89.0554 45.7712 3.2
      vertex -88.3498 45.394 4
    endloop
  endfacet
  facet normal -0.686364 0.171841 -0.706664
    outer loop
      vertex -89.0616 43.4046 0
      vertex -89.6555 44.3223 0.799999
      vertex -88.89 44.09 0
    endloop
  endfacet
  facet normal -0.421432 0.568339 0.706672
    outer loop
      vertex -86.4445 48.6517 3.2
      vertex -87.0751 48.1841 3.2
      vertex -86.5676 47.5657 4
    endloop
  endfacet
  facet normal 0.421432 -0.568339 0.706672
    outer loop
      vertex 86.5676 -47.5657 4
      vertex 86.4445 -48.6517 3.2
      vertex 87.0751 -48.1841 3.2
    endloop
  endfacet
  facet normal 0.699842 0.103814 0.706714
    outer loop
      vertex 89.8463 43.5607 3.2
      vertex 89.0616 43.4046 4
      vertex 89.9615 42.7841 3.2
    endloop
  endfacet
  facet normal 0.42151 0.568323 0.706639
    outer loop
      vertex 86.4445 48.6517 3.2
      vertex 86.0001 47.9866 4
      vertex 86.5676 47.5657 4
    endloop
  endfacet
  facet normal 0.524218 0.475194 0.706672
    outer loop
      vertex 87.6568 47.6568 3.2
      vertex 87.5657 46.5676 4
      vertex 88.1841 47.0751 3.2
    endloop
  endfacet
  facet normal 0.606945 0.363706 0.706637
    outer loop
      vertex 88.6517 46.4445 3.2
      vertex 87.9866 46.0001 4
      vertex 88.3498 45.394 4
    endloop
  endfacet
  facet normal 0.70668 0.0347482 0.70668
    outer loop
      vertex 90 42 3.2
      vertex 89.1653 42.7057 4
      vertex 89.2 42 4
    endloop
  endfacet
  facet normal 0.524218 -0.475194 -0.706673
    outer loop
      vertex 87.6568 -47.6568 0.799999
      vertex 87.5657 -46.5676 0
      vertex 88.1841 -47.0751 0.799999
    endloop
  endfacet
  facet normal 0.568323 0.42151 -0.706639
    outer loop
      vertex 87.9866 46.0001 0
      vertex 87.5657 46.5676 0
      vertex 88.6517 46.4445 0.799999
    endloop
  endfacet
  facet normal 0.475152 0.524319 0.706626
    outer loop
      vertex 87.6568 47.6568 3.2
      vertex 86.5676 47.5657 4
      vertex 87.0912 47.0912 4
    endloop
  endfacet
  facet normal -0.666168 -0.238411 0.706668
    outer loop
      vertex -88.89 -44.09 4
      vertex -89.6555 -44.3223 3.2
      vertex -88.6519 -44.7553 4
    endloop
  endfacet
  facet normal -0.524319 -0.475152 0.706626
    outer loop
      vertex -87.5657 -46.5676 4
      vertex -87.6568 -47.6568 3.2
      vertex -87.0912 -47.0912 4
    endloop
  endfacet
  facet normal 0.699849 -0.103841 -0.706702
    outer loop
      vertex 89.9615 -42.7841 0.799999
      vertex 89.0616 -43.4046 0
      vertex 89.1653 -42.7057 0
    endloop
  endfacet
  facet normal 0.171841 -0.686364 -0.706664
    outer loop
      vertex 84.3223 -49.6555 0.799999
      vertex 83.4046 -49.0616 0
      vertex 84.09 -48.89 0
    endloop
  endfacet
  facet normal -0.238411 0.666168 -0.706669
    outer loop
      vertex -84.09 48.89 0
      vertex -84.7553 48.6519 0
      vertex -84.3223 49.6555 0.799999
    endloop
  endfacet
  facet normal 0.666164 0.238366 -0.706688
    outer loop
      vertex 89.6555 44.3223 0.799999
      vertex 88.6519 44.7553 0
      vertex 89.391 45.0615 0.799999
    endloop
  endfacet
  facet normal 0.639615 0.302458 -0.706691
    outer loop
      vertex 89.391 45.0615 0.799999
      vertex 88.6519 44.7553 0
      vertex 89.0554 45.7712 0.799999
    endloop
  endfacet
  facet normal 0.59563 0.803259 -0
    outer loop
      vertex 87.0751 48.1841 0.799999
      vertex 86.4445 48.6517 3.2
      vertex 87.0751 48.1841 3.2
    endloop
  endfacet
  facet normal 0.59563 0.803259 0
    outer loop
      vertex 86.4445 48.6517 3.2
      vertex 87.0751 48.1841 0.799999
      vertex 86.4445 48.6517 0.799999
    endloop
  endfacet
  facet normal 0.421432 0.568339 -0.706673
    outer loop
      vertex 86.5676 47.5657 0
      vertex 86.4445 48.6517 0.799999
      vertex 87.0751 48.1841 0.799999
    endloop
  endfacet
  facet normal -0.475151 0.524319 -0.706626
    outer loop
      vertex -87.0912 47.0912 0
      vertex -87.6568 47.6568 0.799999
      vertex -86.5676 47.5657 0
    endloop
  endfacet
  facet normal 0.524319 0.475152 0.706626
    outer loop
      vertex 87.6568 47.6568 3.2
      vertex 87.0912 47.0912 4
      vertex 87.5657 46.5676 4
    endloop
  endfacet
  facet normal 0.639558 -0.302506 -0.706722
    outer loop
      vertex 89.0554 -45.7712 0.799999
      vertex 88.3498 -45.394 0
      vertex 88.6519 -44.7553 0
    endloop
  endfacet
  facet normal 0.238366 -0.666164 -0.706688
    outer loop
      vertex 85.0615 -49.391 0.799999
      vertex 84.3223 -49.6555 0.799999
      vertex 84.7553 -48.6519 0
    endloop
  endfacet
  facet normal -0.686364 -0.171841 -0.706664
    outer loop
      vertex -88.89 -44.09 0
      vertex -89.6555 -44.3223 0.799999
      vertex -89.0616 -43.4046 0
    endloop
  endfacet
  facet normal 0.0347482 -0.706679 -0.70668
    outer loop
      vertex 82.7057 -49.1653 0
      vertex 82 -50 0.799999
      vertex 82 -49.2 0
    endloop
  endfacet
  facet normal -0.42151 0.568323 0.706639
    outer loop
      vertex -86.4445 48.6517 3.2
      vertex -86.5676 47.5657 4
      vertex -86.0001 47.9866 4
    endloop
  endfacet
  facet normal -0.171933 0.68629 -0.706714
    outer loop
      vertex -83.4046 49.0616 0
      vertex -84.3223 49.6555 0.799999
      vertex -83.5607 49.8463 0.799999
    endloop
  endfacet
  facet normal -0.0346976 0.706659 -0.706703
    outer loop
      vertex -82.7057 49.1653 0
      vertex -82.7841 49.9615 0.799999
      vertex -82 50 0.799999
    endloop
  endfacet
  facet normal -0.103841 -0.69985 0.706702
    outer loop
      vertex -82.7057 -49.1653 4
      vertex -83.4046 -49.0616 4
      vertex -82.7841 -49.9615 3.2
    endloop
  endfacet
  facet normal -0.606945 0.363706 0.706637
    outer loop
      vertex -87.9866 46.0001 4
      vertex -88.6517 46.4445 3.2
      vertex -88.3498 45.394 4
    endloop
  endfacet
  facet normal 0.171841 0.686364 -0.706664
    outer loop
      vertex 84.09 48.89 0
      vertex 83.4046 49.0616 0
      vertex 84.3223 49.6555 0.799999
    endloop
  endfacet
  facet normal -0.59563 0.803259 0
    outer loop
      vertex -86.4445 48.6517 0.799999
      vertex -87.0751 48.1841 3.2
      vertex -86.4445 48.6517 3.2
    endloop
  endfacet
  facet normal -0.59563 0.803259 0
    outer loop
      vertex -87.0751 48.1841 3.2
      vertex -86.4445 48.6517 0.799999
      vertex -87.0751 48.1841 0.799999
    endloop
  endfacet
  facet normal -0.171841 0.686364 -0.706664
    outer loop
      vertex -84.09 48.89 0
      vertex -84.3223 49.6555 0.799999
      vertex -83.4046 49.0616 0
    endloop
  endfacet
  facet normal 0.68629 -0.171933 -0.706714
    outer loop
      vertex 89.6555 -44.3223 0.799999
      vertex 89.0616 -43.4046 0
      vertex 89.8463 -43.5607 0.799999
    endloop
  endfacet
  facet normal 0.639558 -0.302506 0.706722
    outer loop
      vertex 88.6519 -44.7553 4
      vertex 88.3498 -45.394 4
      vertex 89.0554 -45.7712 3.2
    endloop
  endfacet
  facet normal 0.0346976 -0.706659 0.706703
    outer loop
      vertex 82.7057 -49.1653 4
      vertex 82 -50 3.2
      vertex 82.7841 -49.9615 3.2
    endloop
  endfacet
  facet normal 0.0490418 -0.998797 0
    outer loop
      vertex 82 -50 0.799999
      vertex 82.7841 -49.9615 3.2
      vertex 82 -50 3.2
    endloop
  endfacet
  facet normal 0.0490418 -0.998797 0
    outer loop
      vertex 82.7841 -49.9615 3.2
      vertex 82 -50 0.799999
      vertex 82.7841 -49.9615 0.799999
    endloop
  endfacet
  facet normal 0.42151 0.568323 -0.706639
    outer loop
      vertex 86.5676 47.5657 0
      vertex 86.0001 47.9866 0
      vertex 86.4445 48.6517 0.799999
    endloop
  endfacet
  facet normal 0.524319 0.475151 -0.706626
    outer loop
      vertex 87.5657 46.5676 0
      vertex 87.0912 47.0912 0
      vertex 87.6568 47.6568 0.799999
    endloop
  endfacet
  facet normal -0.475194 0.524218 0.706672
    outer loop
      vertex -87.0751 48.1841 3.2
      vertex -87.6568 47.6568 3.2
      vertex -86.5676 47.5657 4
    endloop
  endfacet
  facet normal 0.363816 0.606781 0.706721
    outer loop
      vertex 85.7712 49.0554 3.2
      vertex 85.394 48.3498 4
      vertex 86.4445 48.6517 3.2
    endloop
  endfacet
  facet normal 0.475194 -0.524218 -0.706673
    outer loop
      vertex 87.0751 -48.1841 0.799999
      vertex 86.5676 -47.5657 0
      vertex 87.6568 -47.6568 0.799999
    endloop
  endfacet
  facet normal 0.243015 -0.970023 0
    outer loop
      vertex 83.5607 -49.8463 0.799999
      vertex 84.3223 -49.6555 3.2
      vertex 83.5607 -49.8463 3.2
    endloop
  endfacet
  facet normal 0.243015 -0.970023 0
    outer loop
      vertex 84.3223 -49.6555 3.2
      vertex 83.5607 -49.8463 0.799999
      vertex 84.3223 -49.6555 0.799999
    endloop
  endfacet
  facet normal -0.524218 -0.475194 -0.706673
    outer loop
      vertex -87.6568 -47.6568 0.799999
      vertex -88.1841 -47.0751 0.799999
      vertex -87.5657 -46.5676 0
    endloop
  endfacet
  facet normal 0.0346976 0.706659 -0.706703
    outer loop
      vertex 82.7057 49.1653 0
      vertex 82 50 0.799999
      vertex 82.7841 49.9615 0.799999
    endloop
  endfacet
  facet normal -0.666168 -0.238411 -0.706669
    outer loop
      vertex -88.6519 -44.7553 0
      vertex -89.6555 -44.3223 0.799999
      vertex -88.89 -44.09 0
    endloop
  endfacet
  facet normal 0.421432 -0.568339 -0.706673
    outer loop
      vertex 87.0751 -48.1841 0.799999
      vertex 86.4445 -48.6517 0.799999
      vertex 86.5676 -47.5657 0
    endloop
  endfacet
  facet normal -0.671613 -0.740902 0
    outer loop
      vertex -87.6568 -47.6568 0.799999
      vertex -87.0751 -48.1841 3.2
      vertex -87.6568 -47.6568 3.2
    endloop
  endfacet
  facet normal -0.671613 -0.740902 -0
    outer loop
      vertex -87.0751 -48.1841 3.2
      vertex -87.6568 -47.6568 0.799999
      vertex -87.0751 -48.1841 0.799999
    endloop
  endfacet
  facet normal -0.686365 -0.171842 0.706664
    outer loop
      vertex -89.0616 -43.4046 4
      vertex -89.6555 -44.3223 3.2
      vertex -88.89 -44.09 4
    endloop
  endfacet
  facet normal -0.568323 -0.42151 -0.706639
    outer loop
      vertex -87.5657 -46.5676 0
      vertex -88.6517 -46.4445 0.799999
      vertex -87.9866 -46.0001 0
    endloop
  endfacet
  facet normal 0.103841 0.699849 -0.706702
    outer loop
      vertex 83.4046 49.0616 0
      vertex 82.7057 49.1653 0
      vertex 82.7841 49.9615 0.799999
    endloop
  endfacet
  facet normal -0.42151 -0.568323 -0.706639
    outer loop
      vertex -86.4445 -48.6517 0.799999
      vertex -86.5676 -47.5657 0
      vertex -86.0001 -47.9866 0
    endloop
  endfacet
  facet normal -0.989176 -0.146733 3.66525e-18
    outer loop
      vertex -89.8463 -43.5607 0.799999
      vertex -89.9615 -42.7841 3.2
      vertex -89.9615 -42.7841 0.799999
    endloop
  endfacet
  facet normal -0.989176 -0.146733 3.66525e-18
    outer loop
      vertex -89.9615 -42.7841 3.2
      vertex -89.8463 -43.5607 0.799999
      vertex -89.8463 -43.5607 3.2
    endloop
  endfacet
  facet normal -0.302458 -0.639615 -0.706691
    outer loop
      vertex -85.0615 -49.391 0.799999
      vertex -85.7712 -49.0554 0.799999
      vertex -84.7553 -48.6519 0
    endloop
  endfacet
  facet normal -0.94154 -0.336901 5.33407e-19
    outer loop
      vertex -89.391 -45.0615 0.799999
      vertex -89.6555 -44.3223 3.2
      vertex -89.6555 -44.3223 0.799999
    endloop
  endfacet
  facet normal -0.94154 -0.336901 5.33407e-19
    outer loop
      vertex -89.6555 -44.3223 3.2
      vertex -89.391 -45.0615 0.799999
      vertex -89.391 -45.0615 3.2
    endloop
  endfacet
  facet normal -0.90402 -0.427489 -4.86488e-21
    outer loop
      vertex -89.0554 -45.7712 0.799999
      vertex -89.391 -45.0615 3.2
      vertex -89.391 -45.0615 0.799999
    endloop
  endfacet
  facet normal -0.90402 -0.427489 -4.86488e-21
    outer loop
      vertex -89.391 -45.0615 3.2
      vertex -89.0554 -45.7712 0.799999
      vertex -89.0554 -45.7712 3.2
    endloop
  endfacet
  facet normal 0.238411 0.666168 0.706668
    outer loop
      vertex 84.3223 49.6555 3.2
      vertex 84.09 48.89 4
      vertex 84.7553 48.6519 4
    endloop
  endfacet
  facet normal -0.238411 0.666168 0.706668
    outer loop
      vertex -84.3223 49.6555 3.2
      vertex -84.7553 48.6519 4
      vertex -84.09 48.89 4
    endloop
  endfacet
  facet normal -0.671613 0.740902 0
    outer loop
      vertex -87.0751 48.1841 0.799999
      vertex -87.6568 47.6568 3.2
      vertex -87.0751 48.1841 3.2
    endloop
  endfacet
  facet normal -0.671613 0.740902 0
    outer loop
      vertex -87.6568 47.6568 3.2
      vertex -87.0751 48.1841 0.799999
      vertex -87.6568 47.6568 0.799999
    endloop
  endfacet
  facet normal -0.740902 0.671613 -2.35483e-18
    outer loop
      vertex -88.1841 47.0751 0.799999
      vertex -87.6568 47.6568 3.2
      vertex -87.6568 47.6568 0.799999
    endloop
  endfacet
  facet normal -0.740902 0.671613 -2.35483e-18
    outer loop
      vertex -87.6568 47.6568 3.2
      vertex -88.1841 47.0751 0.799999
      vertex -88.1841 47.0751 3.2
    endloop
  endfacet
  facet normal 0.568323 -0.42151 0.706639
    outer loop
      vertex 87.9866 -46.0001 4
      vertex 87.5657 -46.5676 4
      vertex 88.6517 -46.4445 3.2
    endloop
  endfacet
  facet normal -0.0346976 0.706659 0.706703
    outer loop
      vertex -82 50 3.2
      vertex -82.7841 49.9615 3.2
      vertex -82.7057 49.1653 4
    endloop
  endfacet
  facet normal -0.568339 0.421432 0.706672
    outer loop
      vertex -88.1841 47.0751 3.2
      vertex -88.6517 46.4445 3.2
      vertex -87.5657 46.5676 4
    endloop
  endfacet
  facet normal -0.606781 0.363816 -0.706721
    outer loop
      vertex -88.3498 45.394 0
      vertex -89.0554 45.7712 0.799999
      vertex -88.6517 46.4445 0.799999
    endloop
  endfacet
  facet normal -0.639558 0.302506 -0.706722
    outer loop
      vertex -88.6519 44.7553 0
      vertex -89.0554 45.7712 0.799999
      vertex -88.3498 45.394 0
    endloop
  endfacet
  facet normal -0.68629 0.171933 -0.706714
    outer loop
      vertex -89.0616 43.4046 0
      vertex -89.8463 43.5607 0.799999
      vertex -89.6555 44.3223 0.799999
    endloop
  endfacet
  facet normal -0.699841 0.103814 -0.706714
    outer loop
      vertex -89.0616 43.4046 0
      vertex -89.9615 42.7841 0.799999
      vertex -89.8463 43.5607 0.799999
    endloop
  endfacet
  facet normal 0.568339 0.421432 0.706672
    outer loop
      vertex 88.1841 47.0751 3.2
      vertex 87.5657 46.5676 4
      vertex 88.6517 46.4445 3.2
    endloop
  endfacet
  facet normal 0.686291 0.171933 0.706714
    outer loop
      vertex 89.6555 44.3223 3.2
      vertex 89.0616 43.4046 4
      vertex 89.8463 43.5607 3.2
    endloop
  endfacet
  facet normal 0.568339 -0.421432 0.706672
    outer loop
      vertex 88.6517 -46.4445 3.2
      vertex 87.5657 -46.5676 4
      vertex 88.1841 -47.0751 3.2
    endloop
  endfacet
  facet normal 0.989176 0.146733 3.66525e-18
    outer loop
      vertex 89.9615 42.7841 3.2
      vertex 89.8463 43.5607 0.799999
      vertex 89.8463 43.5607 3.2
    endloop
  endfacet
  facet normal 0.989176 0.146733 3.66525e-18
    outer loop
      vertex 89.8463 43.5607 0.799999
      vertex 89.9615 42.7841 3.2
      vertex 89.9615 42.7841 0.799999
    endloop
  endfacet
  facet normal 0.666168 0.238411 0.706668
    outer loop
      vertex 89.6555 44.3223 3.2
      vertex 88.6519 44.7553 4
      vertex 88.89 44.09 4
    endloop
  endfacet
  facet normal 0.568339 -0.421432 -0.706673
    outer loop
      vertex 88.1841 -47.0751 0.799999
      vertex 87.5657 -46.5676 0
      vertex 88.6517 -46.4445 0.799999
    endloop
  endfacet
  facet normal -0.686291 -0.171933 0.706714
    outer loop
      vertex -89.0616 -43.4046 4
      vertex -89.8463 -43.5607 3.2
      vertex -89.6555 -44.3223 3.2
    endloop
  endfacet
  facet normal -0.475152 -0.524319 0.706626
    outer loop
      vertex -87.0912 -47.0912 4
      vertex -87.6568 -47.6568 3.2
      vertex -86.5676 -47.5657 4
    endloop
  endfacet
  facet normal 0.421432 0.568339 0.706672
    outer loop
      vertex 87.0751 48.1841 3.2
      vertex 86.4445 48.6517 3.2
      vertex 86.5676 47.5657 4
    endloop
  endfacet
  facet normal 0.0347482 0.706679 -0.70668
    outer loop
      vertex 82.7057 49.1653 0
      vertex 82 49.2 0
      vertex 82 50 0.799999
    endloop
  endfacet
  facet normal 0.671613 0.740902 -0
    outer loop
      vertex 87.6568 47.6568 0.799999
      vertex 87.0751 48.1841 3.2
      vertex 87.6568 47.6568 3.2
    endloop
  endfacet
  facet normal 0.671613 0.740902 0
    outer loop
      vertex 87.0751 48.1841 3.2
      vertex 87.6568 47.6568 0.799999
      vertex 87.0751 48.1841 0.799999
    endloop
  endfacet
  facet normal 0.606781 0.363816 0.706721
    outer loop
      vertex 88.6517 46.4445 3.2
      vertex 88.3498 45.394 4
      vertex 89.0554 45.7712 3.2
    endloop
  endfacet
  facet normal 0.639558 0.302506 0.706722
    outer loop
      vertex 89.0554 45.7712 3.2
      vertex 88.3498 45.394 4
      vertex 88.6519 44.7553 4
    endloop
  endfacet
  facet normal 0.146733 0.989176 -0
    outer loop
      vertex 83.5607 49.8463 0.799999
      vertex 82.7841 49.9615 3.2
      vertex 83.5607 49.8463 3.2
    endloop
  endfacet
  facet normal 0.146733 0.989176 0
    outer loop
      vertex 82.7841 49.9615 3.2
      vertex 83.5607 49.8463 0.799999
      vertex 82.7841 49.9615 0.799999
    endloop
  endfacet
  facet normal -0.475151 -0.524319 -0.706626
    outer loop
      vertex -86.5676 -47.5657 0
      vertex -87.6568 -47.6568 0.799999
      vertex -87.0912 -47.0912 0
    endloop
  endfacet
  facet normal -0.363706 -0.606944 -0.706638
    outer loop
      vertex -85.394 -48.3498 0
      vertex -86.4445 -48.6517 0.799999
      vertex -86.0001 -47.9866 0
    endloop
  endfacet
  facet normal -0.0347482 -0.706679 -0.70668
    outer loop
      vertex -82 -50 0.799999
      vertex -82.7057 -49.1653 0
      vertex -82 -49.2 0
    endloop
  endfacet
  facet normal -0.243015 0.970023 0
    outer loop
      vertex -83.5607 49.8463 0.799999
      vertex -84.3223 49.6555 3.2
      vertex -83.5607 49.8463 3.2
    endloop
  endfacet
  facet normal -0.243015 0.970023 0
    outer loop
      vertex -84.3223 49.6555 3.2
      vertex -83.5607 49.8463 0.799999
      vertex -84.3223 49.6555 0.799999
    endloop
  endfacet
  facet normal -0.238366 0.666164 -0.706688
    outer loop
      vertex -84.7553 48.6519 0
      vertex -85.0615 49.391 0.799999
      vertex -84.3223 49.6555 0.799999
    endloop
  endfacet
  facet normal -0.336901 0.94154 0
    outer loop
      vertex -84.3223 49.6555 0.799999
      vertex -85.0615 49.391 3.2
      vertex -84.3223 49.6555 3.2
    endloop
  endfacet
  facet normal -0.336901 0.94154 0
    outer loop
      vertex -85.0615 49.391 3.2
      vertex -84.3223 49.6555 0.799999
      vertex -85.0615 49.391 0.799999
    endloop
  endfacet
  facet normal 0.989176 -0.146733 -3.66525e-18
    outer loop
      vertex 89.8463 -43.5607 3.2
      vertex 89.9615 -42.7841 0.799999
      vertex 89.9615 -42.7841 3.2
    endloop
  endfacet
  facet normal 0.989176 -0.146733 -3.66525e-18
    outer loop
      vertex 89.9615 -42.7841 0.799999
      vertex 89.8463 -43.5607 3.2
      vertex 89.8463 -43.5607 0.799999
    endloop
  endfacet
  facet normal 0.671613 -0.740902 0
    outer loop
      vertex 87.0751 -48.1841 0.799999
      vertex 87.6568 -47.6568 3.2
      vertex 87.0751 -48.1841 3.2
    endloop
  endfacet
  facet normal 0.671613 -0.740902 0
    outer loop
      vertex 87.6568 -47.6568 3.2
      vertex 87.0751 -48.1841 0.799999
      vertex 87.6568 -47.6568 0.799999
    endloop
  endfacet
  facet normal 0.606944 -0.363706 -0.706638
    outer loop
      vertex 88.6517 -46.4445 0.799999
      vertex 87.9866 -46.0001 0
      vertex 88.3498 -45.394 0
    endloop
  endfacet
  facet normal 0.336901 -0.94154 0
    outer loop
      vertex 84.3223 -49.6555 0.799999
      vertex 85.0615 -49.391 3.2
      vertex 84.3223 -49.6555 3.2
    endloop
  endfacet
  facet normal 0.336901 -0.94154 0
    outer loop
      vertex 85.0615 -49.391 3.2
      vertex 84.3223 -49.6555 0.799999
      vertex 85.0615 -49.391 0.799999
    endloop
  endfacet
  facet normal -0.336901 -0.94154 0
    outer loop
      vertex -85.0615 -49.391 0.799999
      vertex -84.3223 -49.6555 3.2
      vertex -85.0615 -49.391 3.2
    endloop
  endfacet
  facet normal -0.336901 -0.94154 -0
    outer loop
      vertex -84.3223 -49.6555 3.2
      vertex -85.0615 -49.391 0.799999
      vertex -84.3223 -49.6555 0.799999
    endloop
  endfacet
  facet normal -0.666164 -0.238366 -0.706688
    outer loop
      vertex -89.391 -45.0615 0.799999
      vertex -89.6555 -44.3223 0.799999
      vertex -88.6519 -44.7553 0
    endloop
  endfacet
  facet normal -0.639615 -0.302458 -0.706691
    outer loop
      vertex -89.0554 -45.7712 0.799999
      vertex -89.391 -45.0615 0.799999
      vertex -88.6519 -44.7553 0
    endloop
  endfacet
  facet normal -0.524319 0.475152 0.706626
    outer loop
      vertex -87.0912 47.0912 4
      vertex -87.6568 47.6568 3.2
      vertex -87.5657 46.5676 4
    endloop
  endfacet
  facet normal -0.85765 -0.514233 -8.76097e-18
    outer loop
      vertex -88.6517 -46.4445 0.799999
      vertex -89.0554 -45.7712 3.2
      vertex -89.0554 -45.7712 0.799999
    endloop
  endfacet
  facet normal -0.85765 -0.514233 -8.76097e-18
    outer loop
      vertex -89.0554 -45.7712 3.2
      vertex -88.6517 -46.4445 0.799999
      vertex -88.6517 -46.4445 3.2
    endloop
  endfacet
  facet normal -0.475152 0.524319 0.706626
    outer loop
      vertex -86.5676 47.5657 4
      vertex -87.6568 47.6568 3.2
      vertex -87.0912 47.0912 4
    endloop
  endfacet
  facet normal -0.699841 -0.103814 -0.706714
    outer loop
      vertex -89.8463 -43.5607 0.799999
      vertex -89.9615 -42.7841 0.799999
      vertex -89.0616 -43.4046 0
    endloop
  endfacet
  facet normal -0.699849 -0.103841 -0.706702
    outer loop
      vertex -89.0616 -43.4046 0
      vertex -89.9615 -42.7841 0.799999
      vertex -89.1653 -42.7057 0
    endloop
  endfacet
  facet normal -0.606945 -0.363706 0.706637
    outer loop
      vertex -88.3498 -45.394 4
      vertex -88.6517 -46.4445 3.2
      vertex -87.9866 -46.0001 4
    endloop
  endfacet
  facet normal -0.103814 0.699842 0.706714
    outer loop
      vertex -82.7841 49.9615 3.2
      vertex -83.5607 49.8463 3.2
      vertex -83.4046 49.0616 4
    endloop
  endfacet
  facet normal -0.238366 -0.666164 -0.706688
    outer loop
      vertex -84.3223 -49.6555 0.799999
      vertex -85.0615 -49.391 0.799999
      vertex -84.7553 -48.6519 0
    endloop
  endfacet
  facet normal -0.171933 0.686291 0.706714
    outer loop
      vertex -83.5607 49.8463 3.2
      vertex -84.3223 49.6555 3.2
      vertex -83.4046 49.0616 4
    endloop
  endfacet
  facet normal 0.85765 -0.514233 8.76097e-18
    outer loop
      vertex 88.6517 -46.4445 3.2
      vertex 89.0554 -45.7712 0.799999
      vertex 89.0554 -45.7712 3.2
    endloop
  endfacet
  facet normal 0.85765 -0.514233 8.76097e-18
    outer loop
      vertex 89.0554 -45.7712 0.799999
      vertex 88.6517 -46.4445 3.2
      vertex 88.6517 -46.4445 0.799999
    endloop
  endfacet
  facet normal 0.639615 -0.302459 0.70669
    outer loop
      vertex 89.391 -45.0615 3.2
      vertex 88.6519 -44.7553 4
      vertex 89.0554 -45.7712 3.2
    endloop
  endfacet
  facet normal 0.238366 0.666164 0.706687
    outer loop
      vertex 85.0615 49.391 3.2
      vertex 84.3223 49.6555 3.2
      vertex 84.7553 48.6519 4
    endloop
  endfacet
  facet normal -0.568323 -0.42151 0.706639
    outer loop
      vertex -87.9866 -46.0001 4
      vertex -88.6517 -46.4445 3.2
      vertex -87.5657 -46.5676 4
    endloop
  endfacet
  facet normal 0.90402 0.427489 -4.86488e-21
    outer loop
      vertex 89.391 45.0615 3.2
      vertex 89.0554 45.7712 0.799999
      vertex 89.0554 45.7712 3.2
    endloop
  endfacet
  facet normal 0.90402 0.427489 -4.86488e-21
    outer loop
      vertex 89.0554 45.7712 0.799999
      vertex 89.391 45.0615 3.2
      vertex 89.391 45.0615 0.799999
    endloop
  endfacet
  facet normal 0.568323 -0.42151 -0.706639
    outer loop
      vertex 88.6517 -46.4445 0.799999
      vertex 87.5657 -46.5676 0
      vertex 87.9866 -46.0001 0
    endloop
  endfacet
  facet normal -0.103841 0.69985 0.706702
    outer loop
      vertex -82.7841 49.9615 3.2
      vertex -83.4046 49.0616 4
      vertex -82.7057 49.1653 4
    endloop
  endfacet
  facet normal 0.85765 0.514233 -8.76097e-18
    outer loop
      vertex 89.0554 45.7712 3.2
      vertex 88.6517 46.4445 0.799999
      vertex 88.6517 46.4445 3.2
    endloop
  endfacet
  facet normal 0.85765 0.514233 -8.76097e-18
    outer loop
      vertex 88.6517 46.4445 0.799999
      vertex 89.0554 45.7712 3.2
      vertex 89.0554 45.7712 0.799999
    endloop
  endfacet
  facet normal 0.666168 -0.238411 -0.706669
    outer loop
      vertex 89.6555 -44.3223 0.799999
      vertex 88.6519 -44.7553 0
      vertex 88.89 -44.09 0
    endloop
  endfacet
  facet normal -0.0490418 0.998797 0
    outer loop
      vertex -82 50 0.799999
      vertex -82.7841 49.9615 3.2
      vertex -82 50 3.2
    endloop
  endfacet
  facet normal -0.0490418 0.998797 0
    outer loop
      vertex -82.7841 49.9615 3.2
      vertex -82 50 0.799999
      vertex -82.7841 49.9615 0.799999
    endloop
  endfacet
  facet normal 0.42151 -0.568323 -0.706639
    outer loop
      vertex 86.4445 -48.6517 0.799999
      vertex 86.0001 -47.9866 0
      vertex 86.5676 -47.5657 0
    endloop
  endfacet
  facet normal 0.238411 -0.666168 -0.706669
    outer loop
      vertex 84.3223 -49.6555 0.799999
      vertex 84.09 -48.89 0
      vertex 84.7553 -48.6519 0
    endloop
  endfacet
  facet normal 0.363816 -0.606781 -0.706721
    outer loop
      vertex 85.7712 -49.0554 0.799999
      vertex 85.394 -48.3498 0
      vertex 86.4445 -48.6517 0.799999
    endloop
  endfacet
  facet normal 0.427489 -0.90402 0
    outer loop
      vertex 85.0615 -49.391 0.799999
      vertex 85.7712 -49.0554 3.2
      vertex 85.0615 -49.391 3.2
    endloop
  endfacet
  facet normal 0.427489 -0.90402 0
    outer loop
      vertex 85.7712 -49.0554 3.2
      vertex 85.0615 -49.391 0.799999
      vertex 85.7712 -49.0554 0.799999
    endloop
  endfacet
  facet normal 0.302506 -0.639558 -0.706722
    outer loop
      vertex 85.7712 -49.0554 0.799999
      vertex 84.7553 -48.6519 0
      vertex 85.394 -48.3498 0
    endloop
  endfacet
  facet normal 0.302458 -0.639615 -0.706691
    outer loop
      vertex 85.0615 -49.391 0.799999
      vertex 84.7553 -48.6519 0
      vertex 85.7712 -49.0554 0.799999
    endloop
  endfacet
  facet normal 0 0 1
    outer loop
      vertex -16 6.5 6.3
      vertex -18.3 0 6.3
      vertex -16 -6.5 6.3
    endloop
  endfacet
  facet normal 0 0 1
    outer loop
      vertex -16 6.5 6.3
      vertex -18.3082 0.166629 6.3
      vertex -18.3 0 6.3
    endloop
  endfacet
  facet normal 0 0 1
    outer loop
      vertex -16 6.5 6.3
      vertex -18.3327 0.331653 6.3
      vertex -18.3082 0.166629 6.3
    endloop
  endfacet
  facet normal 0 0 1
    outer loop
      vertex -16 6.5 6.3
      vertex -18.3732 0.493484 6.3
      vertex -18.3327 0.331653 6.3
    endloop
  endfacet
  facet normal 0 0 1
    outer loop
      vertex -16 6.5 6.3
      vertex -18.4294 0.650561 6.3
      vertex -18.3732 0.493484 6.3
    endloop
  endfacet
  facet normal 0 0 1
    outer loop
      vertex -16 6.5 6.3
      vertex -18.5007 0.801374 6.3
      vertex -18.4294 0.650561 6.3
    endloop
  endfacet
  facet normal 0 0 1
    outer loop
      vertex -16 6.5 6.3
      vertex -18.5865 0.944468 6.3
      vertex -18.5007 0.801374 6.3
    endloop
  endfacet
  facet normal 0 0 1
    outer loop
      vertex -16 6.5 6.3
      vertex -18.6859 1.07847 6.3
      vertex -18.5865 0.944468 6.3
    endloop
  endfacet
  facet normal 0 0 1
    outer loop
      vertex -16 6.5 6.3
      vertex -18.7979 1.20208 6.3
      vertex -18.6859 1.07847 6.3
    endloop
  endfacet
  facet normal 0 0 1
    outer loop
      vertex -16 6.5 6.3
      vertex -18.9215 1.31412 6.3
      vertex -18.7979 1.20208 6.3
    endloop
  endfacet
  facet normal 0 0 1
    outer loop
      vertex -16 6.5 6.3
      vertex -19.0555 1.4135 6.3
      vertex -18.9215 1.31412 6.3
    endloop
  endfacet
  facet normal 0 0 1
    outer loop
      vertex -16 6.5 6.3
      vertex -19.1986 1.49927 6.3
      vertex -19.0555 1.4135 6.3
    endloop
  endfacet
  facet normal 0 0 1
    outer loop
      vertex -16 6.5 6.3
      vertex -19.3494 1.57059 6.3
      vertex -19.1986 1.49927 6.3
    endloop
  endfacet
  facet normal 0 0 1
    outer loop
      vertex -16 6.5 6.3
      vertex -19.5065 1.6268 6.3
      vertex -19.3494 1.57059 6.3
    endloop
  endfacet
  facet normal 0 0 1
    outer loop
      vertex -16 6.5 6.3
      vertex -19.6683 1.66733 6.3
      vertex -19.5065 1.6268 6.3
    endloop
  endfacet
  facet normal 0 0 1
    outer loop
      vertex -16 6.5 6.3
      vertex -19.8334 1.69181 6.3
      vertex -19.6683 1.66733 6.3
    endloop
  endfacet
  facet normal 0 0 1
    outer loop
      vertex -16 6.5 6.3
      vertex -20 1.7 6.3
      vertex -19.8334 1.69181 6.3
    endloop
  endfacet
  facet normal 0 0 1
    outer loop
      vertex -16 6.5 6.3
      vertex -20.1666 1.69181 6.3
      vertex -20 1.7 6.3
    endloop
  endfacet
  facet normal 0 0 1
    outer loop
      vertex -16 6.5 6.3
      vertex -20.3317 1.66733 6.3
      vertex -20.1666 1.69181 6.3
    endloop
  endfacet
  facet normal 0 0 1
    outer loop
      vertex -16 6.5 6.3
      vertex -20.4935 1.6268 6.3
      vertex -20.3317 1.66733 6.3
    endloop
  endfacet
  facet normal 0 0 1
    outer loop
      vertex -16 6.5 6.3
      vertex -20.6506 1.57059 6.3
      vertex -20.4935 1.6268 6.3
    endloop
  endfacet
  facet normal 0 0 1
    outer loop
      vertex -16 6.5 6.3
      vertex -20.8014 1.49927 6.3
      vertex -20.6506 1.57059 6.3
    endloop
  endfacet
  facet normal 0 0 1
    outer loop
      vertex -16 6.5 6.3
      vertex -20.9445 1.4135 6.3
      vertex -20.8014 1.49927 6.3
    endloop
  endfacet
  facet normal 0 0 1
    outer loop
      vertex -34.0555 1.4135 6.3
      vertex -20.9445 1.4135 6.3
      vertex -16 6.5 6.3
    endloop
  endfacet
  facet normal 0 0 1
    outer loop
      vertex -20.9445 1.4135 6.3
      vertex -34.0555 1.4135 6.3
      vertex -21.0785 1.31412 6.3
    endloop
  endfacet
  facet normal 0 0 1
    outer loop
      vertex -21.6918 0.166629 6.3
      vertex -33.3 0 6.3
      vertex -21.7 0 6.3
    endloop
  endfacet
  facet normal 0 0 1
    outer loop
      vertex -33.3082 0.166629 6.3
      vertex -21.6918 0.166629 6.3
      vertex -21.6673 0.331653 6.3
    endloop
  endfacet
  facet normal 0 0 1
    outer loop
      vertex -33.3327 0.331653 6.3
      vertex -21.6673 0.331653 6.3
      vertex -21.6268 0.493484 6.3
    endloop
  endfacet
  facet normal 0 0 1
    outer loop
      vertex -33.3732 0.493484 6.3
      vertex -21.6268 0.493484 6.3
      vertex -21.5706 0.650561 6.3
    endloop
  endfacet
  facet normal 0 0 1
    outer loop
      vertex -33.4294 0.650561 6.3
      vertex -21.5706 0.650561 6.3
      vertex -21.4993 0.801374 6.3
    endloop
  endfacet
  facet normal 0 0 1
    outer loop
      vertex -33.5007 0.801374 6.3
      vertex -21.4993 0.801374 6.3
      vertex -21.4135 0.944468 6.3
    endloop
  endfacet
  facet normal 0 0 1
    outer loop
      vertex -33.5865 0.944468 6.3
      vertex -21.4135 0.944468 6.3
      vertex -21.3141 1.07847 6.3
    endloop
  endfacet
  facet normal 0 0 1
    outer loop
      vertex -33.6859 1.07847 6.3
      vertex -21.3141 1.07847 6.3
      vertex -21.2021 1.20208 6.3
    endloop
  endfacet
  facet normal 0 -0 1
    outer loop
      vertex -33.9215 1.31412 6.3
      vertex -21.0785 1.31412 6.3
      vertex -34.0555 1.4135 6.3
    endloop
  endfacet
  facet normal 0 0 1
    outer loop
      vertex -21.6918 0.166629 6.3
      vertex -33.3082 0.166629 6.3
      vertex -33.3 0 6.3
    endloop
  endfacet
  facet normal 0 0 1
    outer loop
      vertex -21.6673 0.331653 6.3
      vertex -33.3327 0.331653 6.3
      vertex -33.3082 0.166629 6.3
    endloop
  endfacet
  facet normal 0 0 1
    outer loop
      vertex -21.6268 0.493484 6.3
      vertex -33.3732 0.493484 6.3
      vertex -33.3327 0.331653 6.3
    endloop
  endfacet
  facet normal 0 0 1
    outer loop
      vertex -21.5706 0.650561 6.3
      vertex -33.4294 0.650561 6.3
      vertex -33.3732 0.493484 6.3
    endloop
  endfacet
  facet normal 0 0 1
    outer loop
      vertex -21.4993 0.801374 6.3
      vertex -33.5007 0.801374 6.3
      vertex -33.4294 0.650561 6.3
    endloop
  endfacet
  facet normal 0 0 1
    outer loop
      vertex -21.4135 0.944468 6.3
      vertex -33.5865 0.944468 6.3
      vertex -33.5007 0.801374 6.3
    endloop
  endfacet
  facet normal 0 0 1
    outer loop
      vertex -21.3141 1.07847 6.3
      vertex -33.6859 1.07847 6.3
      vertex -33.5865 0.944468 6.3
    endloop
  endfacet
  facet normal 0 0 1
    outer loop
      vertex -21.2021 1.20208 6.3
      vertex -33.7979 1.20208 6.3
      vertex -33.6859 1.07847 6.3
    endloop
  endfacet
  facet normal 0 0 1
    outer loop
      vertex -21.2021 1.20208 6.3
      vertex -33.9215 1.31412 6.3
      vertex -33.7979 1.20208 6.3
    endloop
  endfacet
  facet normal 0 0 1
    outer loop
      vertex -21.0785 1.31412 6.3
      vertex -33.9215 1.31412 6.3
      vertex -21.2021 1.20208 6.3
    endloop
  endfacet
  facet normal 0 0 1
    outer loop
      vertex -16 6.5 6.3
      vertex -34.1986 1.49927 6.3
      vertex -34.0555 1.4135 6.3
    endloop
  endfacet
  facet normal 0 0 1
    outer loop
      vertex -16 6.5 6.3
      vertex -34.3494 1.57059 6.3
      vertex -34.1986 1.49927 6.3
    endloop
  endfacet
  facet normal -0 0 1
    outer loop
      vertex -40 6.5 6.3
      vertex -34.3494 1.57059 6.3
      vertex -16 6.5 6.3
    endloop
  endfacet
  facet normal 0 0 1
    outer loop
      vertex -34.3494 1.57059 6.3
      vertex -40 6.5 6.3
      vertex -34.5065 1.6268 6.3
    endloop
  endfacet
  facet normal 0 0 1
    outer loop
      vertex -34.5065 1.6268 6.3
      vertex -40 6.5 6.3
      vertex -34.6683 1.66733 6.3
    endloop
  endfacet
  facet normal 0 0 1
    outer loop
      vertex -34.6683 1.66733 6.3
      vertex -40 6.5 6.3
      vertex -34.8334 1.69181 6.3
    endloop
  endfacet
  facet normal 0 0 1
    outer loop
      vertex -34.8334 1.69181 6.3
      vertex -40 6.5 6.3
      vertex -35 1.7 6.3
    endloop
  endfacet
  facet normal 0 0 1
    outer loop
      vertex -35 1.7 6.3
      vertex -40 6.5 6.3
      vertex -35.1666 1.69181 6.3
    endloop
  endfacet
  facet normal 0 0 1
    outer loop
      vertex -36.6918 0.166629 6.3
      vertex -40 6.5 6.3
      vertex -36.7 0 6.3
    endloop
  endfacet
  facet normal 0 0 1
    outer loop
      vertex -36.6673 0.331653 6.3
      vertex -40 6.5 6.3
      vertex -36.6918 0.166629 6.3
    endloop
  endfacet
  facet normal 0 0 1
    outer loop
      vertex -36.6268 0.493484 6.3
      vertex -40 6.5 6.3
      vertex -36.6673 0.331653 6.3
    endloop
  endfacet
  facet normal 0 0 1
    outer loop
      vertex -36.5706 0.650561 6.3
      vertex -40 6.5 6.3
      vertex -36.6268 0.493484 6.3
    endloop
  endfacet
  facet normal 0 0 1
    outer loop
      vertex -36.4993 0.801374 6.3
      vertex -40 6.5 6.3
      vertex -36.5706 0.650561 6.3
    endloop
  endfacet
  facet normal 0 0 1
    outer loop
      vertex -36.4135 0.944468 6.3
      vertex -40 6.5 6.3
      vertex -36.4993 0.801374 6.3
    endloop
  endfacet
  facet normal 0 0 1
    outer loop
      vertex -36.3141 1.07847 6.3
      vertex -40 6.5 6.3
      vertex -36.4135 0.944468 6.3
    endloop
  endfacet
  facet normal 0 0 1
    outer loop
      vertex -36.2021 1.20208 6.3
      vertex -40 6.5 6.3
      vertex -36.3141 1.07847 6.3
    endloop
  endfacet
  facet normal 0 0 1
    outer loop
      vertex -36.0785 1.31412 6.3
      vertex -40 6.5 6.3
      vertex -36.2021 1.20208 6.3
    endloop
  endfacet
  facet normal 0 0 1
    outer loop
      vertex -35.9445 1.4135 6.3
      vertex -40 6.5 6.3
      vertex -36.0785 1.31412 6.3
    endloop
  endfacet
  facet normal 0 0 1
    outer loop
      vertex -35.8014 1.49927 6.3
      vertex -40 6.5 6.3
      vertex -35.9445 1.4135 6.3
    endloop
  endfacet
  facet normal 0 0 1
    outer loop
      vertex -35.6506 1.57059 6.3
      vertex -40 6.5 6.3
      vertex -35.8014 1.49927 6.3
    endloop
  endfacet
  facet normal 0 0 1
    outer loop
      vertex -35.4935 1.6268 6.3
      vertex -40 6.5 6.3
      vertex -35.6506 1.57059 6.3
    endloop
  endfacet
  facet normal 0 0 1
    outer loop
      vertex -35.3317 1.66733 6.3
      vertex -40 6.5 6.3
      vertex -35.4935 1.6268 6.3
    endloop
  endfacet
  facet normal 0 0 1
    outer loop
      vertex -35.1666 1.69181 6.3
      vertex -40 6.5 6.3
      vertex -35.3317 1.66733 6.3
    endloop
  endfacet
  facet normal -0 0 1
    outer loop
      vertex -18.3082 -0.166629 6.3
      vertex -16 -6.5 6.3
      vertex -18.3 0 6.3
    endloop
  endfacet
  facet normal -0 0 1
    outer loop
      vertex -18.3327 -0.331653 6.3
      vertex -16 -6.5 6.3
      vertex -18.3082 -0.166629 6.3
    endloop
  endfacet
  facet normal -0 0 1
    outer loop
      vertex -18.3732 -0.493484 6.3
      vertex -16 -6.5 6.3
      vertex -18.3327 -0.331653 6.3
    endloop
  endfacet
  facet normal -0 0 1
    outer loop
      vertex -18.4294 -0.650561 6.3
      vertex -16 -6.5 6.3
      vertex -18.3732 -0.493484 6.3
    endloop
  endfacet
  facet normal -0 0 1
    outer loop
      vertex -18.5007 -0.801374 6.3
      vertex -16 -6.5 6.3
      vertex -18.4294 -0.650561 6.3
    endloop
  endfacet
  facet normal -0 0 1
    outer loop
      vertex -18.5865 -0.944468 6.3
      vertex -16 -6.5 6.3
      vertex -18.5007 -0.801374 6.3
    endloop
  endfacet
  facet normal -0 0 1
    outer loop
      vertex -18.6859 -1.07847 6.3
      vertex -16 -6.5 6.3
      vertex -18.5865 -0.944468 6.3
    endloop
  endfacet
  facet normal -0 0 1
    outer loop
      vertex -18.7979 -1.20208 6.3
      vertex -16 -6.5 6.3
      vertex -18.6859 -1.07847 6.3
    endloop
  endfacet
  facet normal -0 0 1
    outer loop
      vertex -18.9215 -1.31412 6.3
      vertex -16 -6.5 6.3
      vertex -18.7979 -1.20208 6.3
    endloop
  endfacet
  facet normal -0 0 1
    outer loop
      vertex -19.0555 -1.4135 6.3
      vertex -16 -6.5 6.3
      vertex -18.9215 -1.31412 6.3
    endloop
  endfacet
  facet normal -0 0 1
    outer loop
      vertex -19.1986 -1.49927 6.3
      vertex -16 -6.5 6.3
      vertex -19.0555 -1.4135 6.3
    endloop
  endfacet
  facet normal -0 0 1
    outer loop
      vertex -19.3494 -1.57059 6.3
      vertex -16 -6.5 6.3
      vertex -19.1986 -1.49927 6.3
    endloop
  endfacet
  facet normal -0 0 1
    outer loop
      vertex -19.5065 -1.6268 6.3
      vertex -16 -6.5 6.3
      vertex -19.3494 -1.57059 6.3
    endloop
  endfacet
  facet normal -0 0 1
    outer loop
      vertex -19.6683 -1.66733 6.3
      vertex -16 -6.5 6.3
      vertex -19.5065 -1.6268 6.3
    endloop
  endfacet
  facet normal -0 0 1
    outer loop
      vertex -19.8334 -1.69181 6.3
      vertex -16 -6.5 6.3
      vertex -19.6683 -1.66733 6.3
    endloop
  endfacet
  facet normal -0 0 1
    outer loop
      vertex -20 -1.7 6.3
      vertex -16 -6.5 6.3
      vertex -19.8334 -1.69181 6.3
    endloop
  endfacet
  facet normal 0 0 1
    outer loop
      vertex -20.1666 -1.69181 6.3
      vertex -16 -6.5 6.3
      vertex -20 -1.7 6.3
    endloop
  endfacet
  facet normal 0 0 1
    outer loop
      vertex -20.3317 -1.66733 6.3
      vertex -16 -6.5 6.3
      vertex -20.1666 -1.69181 6.3
    endloop
  endfacet
  facet normal 0 0 1
    outer loop
      vertex -20.4935 -1.6268 6.3
      vertex -16 -6.5 6.3
      vertex -20.3317 -1.66733 6.3
    endloop
  endfacet
  facet normal 0 0 1
    outer loop
      vertex -20.6506 -1.57059 6.3
      vertex -16 -6.5 6.3
      vertex -20.4935 -1.6268 6.3
    endloop
  endfacet
  facet normal 0 0 1
    outer loop
      vertex -20.8014 -1.49927 6.3
      vertex -16 -6.5 6.3
      vertex -20.6506 -1.57059 6.3
    endloop
  endfacet
  facet normal 0 0 1
    outer loop
      vertex -20.9445 -1.4135 6.3
      vertex -16 -6.5 6.3
      vertex -20.8014 -1.49927 6.3
    endloop
  endfacet
  facet normal 0 0 1
    outer loop
      vertex -34.0555 -1.4135 6.3
      vertex -20.9445 -1.4135 6.3
      vertex -21.0785 -1.31412 6.3
    endloop
  endfacet
  facet normal 0 0 1
    outer loop
      vertex -33.9215 -1.31412 6.3
      vertex -21.0785 -1.31412 6.3
      vertex -21.2021 -1.20208 6.3
    endloop
  endfacet
  facet normal -0 0 1
    outer loop
      vertex -33.3 0 6.3
      vertex -21.6918 -0.166629 6.3
      vertex -21.7 0 6.3
    endloop
  endfacet
  facet normal 0 0 1
    outer loop
      vertex -33.3082 -0.166629 6.3
      vertex -21.6918 -0.166629 6.3
      vertex -33.3 0 6.3
    endloop
  endfacet
  facet normal 0 0 1
    outer loop
      vertex -21.6918 -0.166629 6.3
      vertex -33.3082 -0.166629 6.3
      vertex -21.6673 -0.331653 6.3
    endloop
  endfacet
  facet normal 0 0 1
    outer loop
      vertex -33.3327 -0.331653 6.3
      vertex -21.6673 -0.331653 6.3
      vertex -33.3082 -0.166629 6.3
    endloop
  endfacet
  facet normal 0 0 1
    outer loop
      vertex -21.6673 -0.331653 6.3
      vertex -33.3327 -0.331653 6.3
      vertex -21.6268 -0.493484 6.3
    endloop
  endfacet
  facet normal 0 0 1
    outer loop
      vertex -33.3732 -0.493484 6.3
      vertex -21.6268 -0.493484 6.3
      vertex -33.3327 -0.331653 6.3
    endloop
  endfacet
  facet normal 0 0 1
    outer loop
      vertex -21.6268 -0.493484 6.3
      vertex -33.3732 -0.493484 6.3
      vertex -21.5706 -0.650561 6.3
    endloop
  endfacet
  facet normal 0 0 1
    outer loop
      vertex -33.4294 -0.650561 6.3
      vertex -21.5706 -0.650561 6.3
      vertex -33.3732 -0.493484 6.3
    endloop
  endfacet
  facet normal 0 0 1
    outer loop
      vertex -21.5706 -0.650561 6.3
      vertex -33.4294 -0.650561 6.3
      vertex -21.4993 -0.801374 6.3
    endloop
  endfacet
  facet normal 0 0 1
    outer loop
      vertex -33.5007 -0.801374 6.3
      vertex -21.4993 -0.801374 6.3
      vertex -33.4294 -0.650561 6.3
    endloop
  endfacet
  facet normal 0 0 1
    outer loop
      vertex -21.4993 -0.801374 6.3
      vertex -33.5007 -0.801374 6.3
      vertex -21.4135 -0.944468 6.3
    endloop
  endfacet
  facet normal 0 0 1
    outer loop
      vertex -33.5865 -0.944468 6.3
      vertex -21.4135 -0.944468 6.3
      vertex -33.5007 -0.801374 6.3
    endloop
  endfacet
  facet normal 0 0 1
    outer loop
      vertex -21.4135 -0.944468 6.3
      vertex -33.5865 -0.944468 6.3
      vertex -21.3141 -1.07847 6.3
    endloop
  endfacet
  facet normal 0 0 1
    outer loop
      vertex -33.6859 -1.07847 6.3
      vertex -21.3141 -1.07847 6.3
      vertex -33.5865 -0.944468 6.3
    endloop
  endfacet
  facet normal 0 0 1
    outer loop
      vertex -21.3141 -1.07847 6.3
      vertex -33.6859 -1.07847 6.3
      vertex -21.2021 -1.20208 6.3
    endloop
  endfacet
  facet normal 0 0 1
    outer loop
      vertex -33.7979 -1.20208 6.3
      vertex -21.2021 -1.20208 6.3
      vertex -33.6859 -1.07847 6.3
    endloop
  endfacet
  facet normal 0 0 1
    outer loop
      vertex -33.9215 -1.31412 6.3
      vertex -21.2021 -1.20208 6.3
      vertex -33.7979 -1.20208 6.3
    endloop
  endfacet
  facet normal 0 0 1
    outer loop
      vertex -21.0785 -1.31412 6.3
      vertex -33.9215 -1.31412 6.3
      vertex -34.0555 -1.4135 6.3
    endloop
  endfacet
  facet normal 0 0 1
    outer loop
      vertex -20.9445 -1.4135 6.3
      vertex -34.0555 -1.4135 6.3
      vertex -16 -6.5 6.3
    endloop
  endfacet
  facet normal -0 0 1
    outer loop
      vertex -34.1986 -1.49927 6.3
      vertex -16 -6.5 6.3
      vertex -34.0555 -1.4135 6.3
    endloop
  endfacet
  facet normal -0 0 1
    outer loop
      vertex -34.3494 -1.57059 6.3
      vertex -16 -6.5 6.3
      vertex -34.1986 -1.49927 6.3
    endloop
  endfacet
  facet normal 0 0 1
    outer loop
      vertex -40 -6.5 6.3
      vertex -34.3494 -1.57059 6.3
      vertex -34.5065 -1.6268 6.3
    endloop
  endfacet
  facet normal 0 0 1
    outer loop
      vertex -40 -6.5 6.3
      vertex -34.5065 -1.6268 6.3
      vertex -34.6683 -1.66733 6.3
    endloop
  endfacet
  facet normal 0 0 1
    outer loop
      vertex -40 -6.5 6.3
      vertex -34.6683 -1.66733 6.3
      vertex -34.8334 -1.69181 6.3
    endloop
  endfacet
  facet normal 0 0 1
    outer loop
      vertex -40 -6.5 6.3
      vertex -34.8334 -1.69181 6.3
      vertex -35 -1.7 6.3
    endloop
  endfacet
  facet normal 0 0 1
    outer loop
      vertex -40 -6.5 6.3
      vertex -35 -1.7 6.3
      vertex -35.1666 -1.69181 6.3
    endloop
  endfacet
  facet normal 0 0 1
    outer loop
      vertex -40 -6.5 6.3
      vertex -35.1666 -1.69181 6.3
      vertex -35.3317 -1.66733 6.3
    endloop
  endfacet
  facet normal 0 0 1
    outer loop
      vertex -40 -6.5 6.3
      vertex -36.7 0 6.3
      vertex -40 6.5 6.3
    endloop
  endfacet
  facet normal 0 0 1
    outer loop
      vertex -36.7 0 6.3
      vertex -40 -6.5 6.3
      vertex -36.6918 -0.166629 6.3
    endloop
  endfacet
  facet normal 0 0 1
    outer loop
      vertex -36.6918 -0.166629 6.3
      vertex -40 -6.5 6.3
      vertex -36.6673 -0.331653 6.3
    endloop
  endfacet
  facet normal 0 0 1
    outer loop
      vertex -36.6673 -0.331653 6.3
      vertex -40 -6.5 6.3
      vertex -36.6268 -0.493484 6.3
    endloop
  endfacet
  facet normal 0 0 1
    outer loop
      vertex -36.6268 -0.493484 6.3
      vertex -40 -6.5 6.3
      vertex -36.5706 -0.650561 6.3
    endloop
  endfacet
  facet normal 0 0 1
    outer loop
      vertex -34.3494 -1.57059 6.3
      vertex -40 -6.5 6.3
      vertex -16 -6.5 6.3
    endloop
  endfacet
  facet normal 0 0 1
    outer loop
      vertex -35.4935 -1.6268 6.3
      vertex -40 -6.5 6.3
      vertex -35.3317 -1.66733 6.3
    endloop
  endfacet
  facet normal 0 0 1
    outer loop
      vertex -35.6506 -1.57059 6.3
      vertex -40 -6.5 6.3
      vertex -35.4935 -1.6268 6.3
    endloop
  endfacet
  facet normal 0 0 1
    outer loop
      vertex -35.8014 -1.49927 6.3
      vertex -40 -6.5 6.3
      vertex -35.6506 -1.57059 6.3
    endloop
  endfacet
  facet normal 0 0 1
    outer loop
      vertex -35.9445 -1.4135 6.3
      vertex -40 -6.5 6.3
      vertex -35.8014 -1.49927 6.3
    endloop
  endfacet
  facet normal 0 0 1
    outer loop
      vertex -36.0785 -1.31412 6.3
      vertex -40 -6.5 6.3
      vertex -35.9445 -1.4135 6.3
    endloop
  endfacet
  facet normal 0 0 1
    outer loop
      vertex -36.2021 -1.20208 6.3
      vertex -40 -6.5 6.3
      vertex -36.0785 -1.31412 6.3
    endloop
  endfacet
  facet normal 0 0 1
    outer loop
      vertex -36.3141 -1.07847 6.3
      vertex -40 -6.5 6.3
      vertex -36.2021 -1.20208 6.3
    endloop
  endfacet
  facet normal 0 0 1
    outer loop
      vertex -36.4135 -0.944468 6.3
      vertex -40 -6.5 6.3
      vertex -36.3141 -1.07847 6.3
    endloop
  endfacet
  facet normal 0 0 1
    outer loop
      vertex -36.4993 -0.801374 6.3
      vertex -40 -6.5 6.3
      vertex -36.4135 -0.944468 6.3
    endloop
  endfacet
  facet normal 0 0 1
    outer loop
      vertex -36.5706 -0.650561 6.3
      vertex -40 -6.5 6.3
      vertex -36.4993 -0.801374 6.3
    endloop
  endfacet
  facet normal -0.67161 0.740905 0
    outer loop
      vertex -33.7979 -1.20208 2.6
      vertex -33.9215 -1.31412 6.3
      vertex -33.7979 -1.20208 6.3
    endloop
  endfacet
  facet normal -0.67161 0.740905 0
    outer loop
      vertex -33.9215 -1.31412 6.3
      vertex -33.7979 -1.20208 2.6
      vertex -33.9215 -1.31412 2.6
    endloop
  endfacet
  facet normal -0.989158 -0.146854 -4.59121e-19
    outer loop
      vertex -33.3082 0.166629 2.6
      vertex -33.3327 0.331653 6.3
      vertex -33.3327 0.331653 2.6
    endloop
  endfacet
  facet normal -0.989158 -0.146854 -4.59121e-19
    outer loop
      vertex -33.3327 0.331653 6.3
      vertex -33.3082 0.166629 2.6
      vertex -33.3082 0.166629 6.3
    endloop
  endfacet
  facet normal -0.998791 -0.0491516 4.93491e-21
    outer loop
      vertex -33.3 0 2.6
      vertex -33.3082 0.166629 6.3
      vertex -33.3082 0.166629 2.6
    endloop
  endfacet
  facet normal -0.998791 -0.0491516 4.93491e-21
    outer loop
      vertex -33.3082 0.166629 6.3
      vertex -33.3 0 2.6
      vertex -33.3 0 6.3
    endloop
  endfacet
  facet normal -0.970083 -0.242774 -2.86485e-19
    outer loop
      vertex -33.3327 0.331653 2.6
      vertex -33.3732 0.493484 6.3
      vertex -33.3732 0.493484 2.6
    endloop
  endfacet
  facet normal -0.970083 -0.242774 -2.86485e-19
    outer loop
      vertex -33.3732 0.493484 6.3
      vertex -33.3327 0.331653 2.6
      vertex -33.3327 0.331653 6.3
    endloop
  endfacet
  facet normal -0.42754 0.903996 0
    outer loop
      vertex -34.1986 -1.49927 2.6
      vertex -34.3494 -1.57059 6.3
      vertex -34.1986 -1.49927 6.3
    endloop
  endfacet
  facet normal -0.42754 0.903996 0
    outer loop
      vertex -34.3494 -1.57059 6.3
      vertex -34.1986 -1.49927 2.6
      vertex -34.3494 -1.57059 2.6
    endloop
  endfacet
  facet normal 0.0491004 -0.998794 0
    outer loop
      vertex -35.1666 1.69181 2.6
      vertex -35 1.7 6.3
      vertex -35.1666 1.69181 6.3
    endloop
  endfacet
  facet normal 0.0491004 -0.998794 0
    outer loop
      vertex -35 1.7 6.3
      vertex -35.1666 1.69181 2.6
      vertex -35 1.7 2.6
    endloop
  endfacet
  facet normal 0.42754 -0.903996 0
    outer loop
      vertex -35.8014 1.49927 2.6
      vertex -35.6506 1.57059 6.3
      vertex -35.8014 1.49927 6.3
    endloop
  endfacet
  facet normal 0.42754 -0.903996 0
    outer loop
      vertex -35.6506 1.57059 6.3
      vertex -35.8014 1.49927 2.6
      vertex -35.6506 1.57059 2.6
    endloop
  endfacet
  facet normal -0.741051 -0.671448 -1.05946e-18
    outer loop
      vertex -33.6859 1.07847 2.6
      vertex -33.7979 1.20208 6.3
      vertex -33.7979 1.20208 2.6
    endloop
  endfacet
  facet normal -0.741051 -0.671448 -1.05946e-18
    outer loop
      vertex -33.7979 1.20208 6.3
      vertex -33.6859 1.07847 2.6
      vertex -33.6859 1.07847 6.3
    endloop
  endfacet
  facet normal 0.14667 0.989185 -0
    outer loop
      vertex -35.1666 -1.69181 2.6
      vertex -35.3317 -1.66733 6.3
      vertex -35.1666 -1.69181 6.3
    endloop
  endfacet
  facet normal 0.14667 0.989185 0
    outer loop
      vertex -35.3317 -1.66733 6.3
      vertex -35.1666 -1.69181 2.6
      vertex -35.3317 -1.66733 2.6
    endloop
  endfacet
  facet normal -0.42754 -0.903996 0
    outer loop
      vertex -34.3494 1.57059 2.6
      vertex -34.1986 1.49927 6.3
      vertex -34.3494 1.57059 6.3
    endloop
  endfacet
  facet normal -0.42754 -0.903996 -0
    outer loop
      vertex -34.1986 1.49927 6.3
      vertex -34.3494 1.57059 2.6
      vertex -34.1986 1.49927 2.6
    endloop
  endfacet
  facet normal 0.14667 -0.989185 0
    outer loop
      vertex -35.3317 1.66733 2.6
      vertex -35.1666 1.69181 6.3
      vertex -35.3317 1.66733 6.3
    endloop
  endfacet
  facet normal 0.14667 -0.989185 0
    outer loop
      vertex -35.1666 1.69181 6.3
      vertex -35.3317 1.66733 2.6
      vertex -35.1666 1.69181 2.6
    endloop
  endfacet
  facet normal -0.242987 0.97003 0
    outer loop
      vertex -34.5065 -1.6268 2.6
      vertex -34.6683 -1.66733 6.3
      vertex -34.5065 -1.6268 6.3
    endloop
  endfacet
  facet normal -0.242987 0.97003 0
    outer loop
      vertex -34.6683 -1.66733 6.3
      vertex -34.5065 -1.6268 2.6
      vertex -34.6683 -1.66733 2.6
    endloop
  endfacet
  facet normal 0.595695 -0.803211 0
    outer loop
      vertex -36.0785 1.31412 2.6
      vertex -35.9445 1.4135 6.3
      vertex -36.0785 1.31412 6.3
    endloop
  endfacet
  facet normal 0.595695 -0.803211 0
    outer loop
      vertex -35.9445 1.4135 6.3
      vertex -36.0785 1.31412 2.6
      vertex -35.9445 1.4135 2.6
    endloop
  endfacet
  facet normal 0.904057 -0.427412 6.37799e-19
    outer loop
      vertex -36.5706 0.650561 6.3
      vertex -36.4993 0.801374 2.6
      vertex -36.4993 0.801374 6.3
    endloop
  endfacet
  facet normal 0.904057 -0.427412 6.37799e-19
    outer loop
      vertex -36.4993 0.801374 2.6
      vertex -36.5706 0.650561 6.3
      vertex -36.5706 0.650561 2.6
    endloop
  endfacet
  facet normal 0.42754 0.903996 -0
    outer loop
      vertex -35.6506 -1.57059 2.6
      vertex -35.8014 -1.49927 6.3
      vertex -35.6506 -1.57059 6.3
    endloop
  endfacet
  facet normal 0.42754 0.903996 0
    outer loop
      vertex -35.8014 -1.49927 6.3
      vertex -35.6506 -1.57059 2.6
      vertex -35.8014 -1.49927 2.6
    endloop
  endfacet
  facet normal 0.595695 0.803211 -0
    outer loop
      vertex -35.9445 -1.4135 2.6
      vertex -36.0785 -1.31412 6.3
      vertex -35.9445 -1.4135 6.3
    endloop
  endfacet
  facet normal 0.595695 0.803211 0
    outer loop
      vertex -36.0785 -1.31412 6.3
      vertex -35.9445 -1.4135 2.6
      vertex -36.0785 -1.31412 2.6
    endloop
  endfacet
  facet normal 0.904057 0.427412 -6.37799e-19
    outer loop
      vertex -36.4993 -0.801374 6.3
      vertex -36.5706 -0.650561 2.6
      vertex -36.5706 -0.650561 6.3
    endloop
  endfacet
  facet normal 0.904057 0.427412 -6.37799e-19
    outer loop
      vertex -36.5706 -0.650561 2.6
      vertex -36.4993 -0.801374 6.3
      vertex -36.4993 -0.801374 2.6
    endloop
  endfacet
  facet normal -0.514099 -0.857731 0
    outer loop
      vertex -34.1986 1.49927 2.6
      vertex -34.0555 1.4135 6.3
      vertex -34.1986 1.49927 6.3
    endloop
  endfacet
  facet normal -0.514099 -0.857731 -0
    outer loop
      vertex -34.0555 1.4135 6.3
      vertex -34.1986 1.49927 2.6
      vertex -34.0555 1.4135 2.6
    endloop
  endfacet
  facet normal 0.998791 0.0491516 4.93491e-21
    outer loop
      vertex -36.6918 -0.166629 6.3
      vertex -36.7 0 2.6
      vertex -36.7 0 6.3
    endloop
  endfacet
  facet normal 0.998791 0.0491516 4.93491e-21
    outer loop
      vertex -36.7 0 2.6
      vertex -36.6918 -0.166629 6.3
      vertex -36.6918 -0.166629 2.6
    endloop
  endfacet
  facet normal 0.336883 0.941546 -0
    outer loop
      vertex -35.4935 -1.6268 2.6
      vertex -35.6506 -1.57059 6.3
      vertex -35.4935 -1.6268 6.3
    endloop
  endfacet
  facet normal 0.336883 0.941546 0
    outer loop
      vertex -35.6506 -1.57059 6.3
      vertex -35.4935 -1.6268 2.6
      vertex -35.6506 -1.57059 2.6
    endloop
  endfacet
  facet normal -0.595695 -0.803211 0
    outer loop
      vertex -34.0555 1.4135 2.6
      vertex -33.9215 1.31412 6.3
      vertex -34.0555 1.4135 6.3
    endloop
  endfacet
  facet normal -0.595695 -0.803211 -0
    outer loop
      vertex -33.9215 1.31412 6.3
      vertex -34.0555 1.4135 2.6
      vertex -33.9215 1.31412 2.6
    endloop
  endfacet
  facet normal -0.970083 0.242774 2.86485e-19
    outer loop
      vertex -33.3732 -0.493484 2.6
      vertex -33.3327 -0.331653 6.3
      vertex -33.3327 -0.331653 2.6
    endloop
  endfacet
  facet normal -0.970083 0.242774 2.86485e-19
    outer loop
      vertex -33.3327 -0.331653 6.3
      vertex -33.3732 -0.493484 2.6
      vertex -33.3732 -0.493484 6.3
    endloop
  endfacet
  facet normal 0.514099 -0.857731 0
    outer loop
      vertex -35.9445 1.4135 2.6
      vertex -35.8014 1.49927 6.3
      vertex -35.9445 1.4135 6.3
    endloop
  endfacet
  facet normal 0.514099 -0.857731 0
    outer loop
      vertex -35.8014 1.49927 6.3
      vertex -35.9445 1.4135 2.6
      vertex -35.8014 1.49927 2.6
    endloop
  endfacet
  facet normal 0.94155 0.336874 7.58263e-20
    outer loop
      vertex -36.5706 -0.650561 6.3
      vertex -36.6268 -0.493484 2.6
      vertex -36.6268 -0.493484 6.3
    endloop
  endfacet
  facet normal 0.94155 0.336874 7.58263e-20
    outer loop
      vertex -36.6268 -0.493484 2.6
      vertex -36.5706 -0.650561 6.3
      vertex -36.5706 -0.650561 2.6
    endloop
  endfacet
  facet normal -0.242987 -0.97003 0
    outer loop
      vertex -34.6683 1.66733 2.6
      vertex -34.5065 1.6268 6.3
      vertex -34.6683 1.66733 6.3
    endloop
  endfacet
  facet normal -0.242987 -0.97003 -0
    outer loop
      vertex -34.5065 1.6268 6.3
      vertex -34.6683 1.66733 2.6
      vertex -34.5065 1.6268 2.6
    endloop
  endfacet
  facet normal 0.741051 -0.671448 1.05946e-18
    outer loop
      vertex -36.3141 1.07847 6.3
      vertex -36.2021 1.20208 2.6
      vertex -36.2021 1.20208 6.3
    endloop
  endfacet
  facet normal 0.741051 -0.671448 1.05946e-18
    outer loop
      vertex -36.2021 1.20208 2.6
      vertex -36.3141 1.07847 6.3
      vertex -36.3141 1.07847 2.6
    endloop
  endfacet
  facet normal -0.0491004 0.998794 0
    outer loop
      vertex -34.8334 -1.69181 2.6
      vertex -35 -1.7 6.3
      vertex -34.8334 -1.69181 6.3
    endloop
  endfacet
  facet normal -0.0491004 0.998794 0
    outer loop
      vertex -35 -1.7 6.3
      vertex -34.8334 -1.69181 2.6
      vertex -35 -1.7 2.6
    endloop
  endfacet
  facet normal -0.803158 -0.595766 -2.3912e-19
    outer loop
      vertex -33.5865 0.944468 2.6
      vertex -33.6859 1.07847 6.3
      vertex -33.6859 1.07847 2.6
    endloop
  endfacet
  facet normal -0.803158 -0.595766 -2.3912e-19
    outer loop
      vertex -33.6859 1.07847 6.3
      vertex -33.5865 0.944468 2.6
      vertex -33.5865 0.944468 6.3
    endloop
  endfacet
  facet normal 0.970083 0.242774 -2.86485e-19
    outer loop
      vertex -36.6268 -0.493484 6.3
      vertex -36.6673 -0.331653 2.6
      vertex -36.6673 -0.331653 6.3
    endloop
  endfacet
  facet normal 0.970083 0.242774 -2.86485e-19
    outer loop
      vertex -36.6673 -0.331653 2.6
      vertex -36.6268 -0.493484 6.3
      vertex -36.6268 -0.493484 2.6
    endloop
  endfacet
  facet normal -0.989158 0.146854 4.59121e-19
    outer loop
      vertex -33.3327 -0.331653 2.6
      vertex -33.3082 -0.166629 6.3
      vertex -33.3082 -0.166629 2.6
    endloop
  endfacet
  facet normal -0.989158 0.146854 4.59121e-19
    outer loop
      vertex -33.3082 -0.166629 6.3
      vertex -33.3327 -0.331653 2.6
      vertex -33.3327 -0.331653 6.3
    endloop
  endfacet
  facet normal -0.514099 0.857731 0
    outer loop
      vertex -34.0555 -1.4135 2.6
      vertex -34.1986 -1.49927 6.3
      vertex -34.0555 -1.4135 6.3
    endloop
  endfacet
  facet normal -0.514099 0.857731 0
    outer loop
      vertex -34.1986 -1.49927 6.3
      vertex -34.0555 -1.4135 2.6
      vertex -34.1986 -1.49927 2.6
    endloop
  endfacet
  facet normal 0.94155 -0.336874 -7.58263e-20
    outer loop
      vertex -36.6268 0.493484 6.3
      vertex -36.5706 0.650561 2.6
      vertex -36.5706 0.650561 6.3
    endloop
  endfacet
  facet normal 0.94155 -0.336874 -7.58263e-20
    outer loop
      vertex -36.5706 0.650561 2.6
      vertex -36.6268 0.493484 6.3
      vertex -36.6268 0.493484 2.6
    endloop
  endfacet
  facet normal 0.989158 -0.146854 4.59121e-19
    outer loop
      vertex -36.6918 0.166629 6.3
      vertex -36.6673 0.331653 2.6
      vertex -36.6673 0.331653 6.3
    endloop
  endfacet
  facet normal 0.989158 -0.146854 4.59121e-19
    outer loop
      vertex -36.6673 0.331653 2.6
      vertex -36.6918 0.166629 6.3
      vertex -36.6918 0.166629 2.6
    endloop
  endfacet
  facet normal -0.904057 0.427412 6.37799e-19
    outer loop
      vertex -33.5007 -0.801374 2.6
      vertex -33.4294 -0.650561 6.3
      vertex -33.4294 -0.650561 2.6
    endloop
  endfacet
  facet normal -0.904057 0.427412 6.37799e-19
    outer loop
      vertex -33.4294 -0.650561 6.3
      vertex -33.5007 -0.801374 2.6
      vertex -33.5007 -0.801374 6.3
    endloop
  endfacet
  facet normal -0.336883 -0.941546 0
    outer loop
      vertex -34.5065 1.6268 2.6
      vertex -34.3494 1.57059 6.3
      vertex -34.5065 1.6268 6.3
    endloop
  endfacet
  facet normal -0.336883 -0.941546 -0
    outer loop
      vertex -34.3494 1.57059 6.3
      vertex -34.5065 1.6268 2.6
      vertex -34.3494 1.57059 2.6
    endloop
  endfacet
  facet normal -0.998791 0.0491516 -4.93491e-21
    outer loop
      vertex -33.3082 -0.166629 2.6
      vertex -33.3 0 6.3
      vertex -33.3 0 2.6
    endloop
  endfacet
  facet normal -0.998791 0.0491516 -4.93491e-21
    outer loop
      vertex -33.3 0 6.3
      vertex -33.3082 -0.166629 2.6
      vertex -33.3082 -0.166629 6.3
    endloop
  endfacet
  facet normal -0.14667 0.989185 0
    outer loop
      vertex -34.6683 -1.66733 2.6
      vertex -34.8334 -1.69181 6.3
      vertex -34.6683 -1.66733 6.3
    endloop
  endfacet
  facet normal -0.14667 0.989185 0
    outer loop
      vertex -34.8334 -1.69181 6.3
      vertex -34.6683 -1.66733 2.6
      vertex -34.8334 -1.69181 2.6
    endloop
  endfacet
  facet normal -0.94155 -0.336874 7.58263e-20
    outer loop
      vertex -33.3732 0.493484 2.6
      vertex -33.4294 0.650561 6.3
      vertex -33.4294 0.650561 2.6
    endloop
  endfacet
  facet normal -0.94155 -0.336874 7.58263e-20
    outer loop
      vertex -33.4294 0.650561 6.3
      vertex -33.3732 0.493484 2.6
      vertex -33.3732 0.493484 6.3
    endloop
  endfacet
  facet normal -0.803158 0.595766 2.3912e-19
    outer loop
      vertex -33.6859 -1.07847 2.6
      vertex -33.5865 -0.944468 6.3
      vertex -33.5865 -0.944468 2.6
    endloop
  endfacet
  facet normal -0.803158 0.595766 2.3912e-19
    outer loop
      vertex -33.5865 -0.944468 6.3
      vertex -33.6859 -1.07847 2.6
      vertex -33.6859 -1.07847 6.3
    endloop
  endfacet
  facet normal -0.857642 0.514247 1.28111e-18
    outer loop
      vertex -33.5865 -0.944468 2.6
      vertex -33.5007 -0.801374 6.3
      vertex -33.5007 -0.801374 2.6
    endloop
  endfacet
  facet normal -0.857642 0.514247 1.28111e-18
    outer loop
      vertex -33.5007 -0.801374 6.3
      vertex -33.5865 -0.944468 2.6
      vertex -33.5865 -0.944468 6.3
    endloop
  endfacet
  facet normal 0.242987 -0.97003 0
    outer loop
      vertex -35.4935 1.6268 2.6
      vertex -35.3317 1.66733 6.3
      vertex -35.4935 1.6268 6.3
    endloop
  endfacet
  facet normal 0.242987 -0.97003 0
    outer loop
      vertex -35.3317 1.66733 6.3
      vertex -35.4935 1.6268 2.6
      vertex -35.3317 1.66733 2.6
    endloop
  endfacet
  facet normal -0.94155 0.336874 -7.58263e-20
    outer loop
      vertex -33.4294 -0.650561 2.6
      vertex -33.3732 -0.493484 6.3
      vertex -33.3732 -0.493484 2.6
    endloop
  endfacet
  facet normal -0.94155 0.336874 -7.58263e-20
    outer loop
      vertex -33.3732 -0.493484 6.3
      vertex -33.4294 -0.650561 2.6
      vertex -33.4294 -0.650561 6.3
    endloop
  endfacet
  facet normal -0.0491004 -0.998794 0
    outer loop
      vertex -35 1.7 2.6
      vertex -34.8334 1.69181 6.3
      vertex -35 1.7 6.3
    endloop
  endfacet
  facet normal -0.0491004 -0.998794 -0
    outer loop
      vertex -34.8334 1.69181 6.3
      vertex -35 1.7 2.6
      vertex -34.8334 1.69181 2.6
    endloop
  endfacet
  facet normal -0.904057 -0.427412 -6.37799e-19
    outer loop
      vertex -33.4294 0.650561 2.6
      vertex -33.5007 0.801374 6.3
      vertex -33.5007 0.801374 2.6
    endloop
  endfacet
  facet normal -0.904057 -0.427412 -6.37799e-19
    outer loop
      vertex -33.5007 0.801374 6.3
      vertex -33.4294 0.650561 2.6
      vertex -33.4294 0.650561 6.3
    endloop
  endfacet
  facet normal -0.14667 -0.989185 0
    outer loop
      vertex -34.8334 1.69181 2.6
      vertex -34.6683 1.66733 6.3
      vertex -34.8334 1.69181 6.3
    endloop
  endfacet
  facet normal -0.14667 -0.989185 -0
    outer loop
      vertex -34.6683 1.66733 6.3
      vertex -34.8334 1.69181 2.6
      vertex -34.6683 1.66733 2.6
    endloop
  endfacet
  facet normal 0.242987 0.97003 -0
    outer loop
      vertex -35.3317 -1.66733 2.6
      vertex -35.4935 -1.6268 6.3
      vertex -35.3317 -1.66733 6.3
    endloop
  endfacet
  facet normal 0.242987 0.97003 0
    outer loop
      vertex -35.4935 -1.6268 6.3
      vertex -35.3317 -1.66733 2.6
      vertex -35.4935 -1.6268 2.6
    endloop
  endfacet
  facet normal 0.857642 0.514247 -1.28111e-18
    outer loop
      vertex -36.4135 -0.944468 6.3
      vertex -36.4993 -0.801374 2.6
      vertex -36.4993 -0.801374 6.3
    endloop
  endfacet
  facet normal 0.857642 0.514247 -1.28111e-18
    outer loop
      vertex -36.4993 -0.801374 2.6
      vertex -36.4135 -0.944468 6.3
      vertex -36.4135 -0.944468 2.6
    endloop
  endfacet
  facet normal -0.857642 -0.514247 -1.28111e-18
    outer loop
      vertex -33.5007 0.801374 2.6
      vertex -33.5865 0.944468 6.3
      vertex -33.5865 0.944468 2.6
    endloop
  endfacet
  facet normal -0.857642 -0.514247 -1.28111e-18
    outer loop
      vertex -33.5865 0.944468 6.3
      vertex -33.5007 0.801374 2.6
      vertex -33.5007 0.801374 6.3
    endloop
  endfacet
  facet normal 0.336883 -0.941546 0
    outer loop
      vertex -35.6506 1.57059 2.6
      vertex -35.4935 1.6268 6.3
      vertex -35.6506 1.57059 6.3
    endloop
  endfacet
  facet normal 0.336883 -0.941546 0
    outer loop
      vertex -35.4935 1.6268 6.3
      vertex -35.6506 1.57059 2.6
      vertex -35.4935 1.6268 2.6
    endloop
  endfacet
  facet normal 0.741051 0.671448 -1.05946e-18
    outer loop
      vertex -36.2021 -1.20208 6.3
      vertex -36.3141 -1.07847 2.6
      vertex -36.3141 -1.07847 6.3
    endloop
  endfacet
  facet normal 0.741051 0.671448 -1.05946e-18
    outer loop
      vertex -36.3141 -1.07847 2.6
      vertex -36.2021 -1.20208 6.3
      vertex -36.2021 -1.20208 2.6
    endloop
  endfacet
  facet normal 0.67161 -0.740905 0
    outer loop
      vertex -36.2021 1.20208 2.6
      vertex -36.0785 1.31412 6.3
      vertex -36.2021 1.20208 6.3
    endloop
  endfacet
  facet normal 0.67161 -0.740905 0
    outer loop
      vertex -36.0785 1.31412 6.3
      vertex -36.2021 1.20208 2.6
      vertex -36.0785 1.31412 2.6
    endloop
  endfacet
  facet normal 0.514099 0.857731 -0
    outer loop
      vertex -35.8014 -1.49927 2.6
      vertex -35.9445 -1.4135 6.3
      vertex -35.8014 -1.49927 6.3
    endloop
  endfacet
  facet normal 0.514099 0.857731 0
    outer loop
      vertex -35.9445 -1.4135 6.3
      vertex -35.8014 -1.49927 2.6
      vertex -35.9445 -1.4135 2.6
    endloop
  endfacet
  facet normal 0.970083 -0.242774 2.86485e-19
    outer loop
      vertex -36.6673 0.331653 6.3
      vertex -36.6268 0.493484 2.6
      vertex -36.6268 0.493484 6.3
    endloop
  endfacet
  facet normal 0.970083 -0.242774 2.86485e-19
    outer loop
      vertex -36.6268 0.493484 2.6
      vertex -36.6673 0.331653 6.3
      vertex -36.6673 0.331653 2.6
    endloop
  endfacet
  facet normal -0.67161 -0.740905 0
    outer loop
      vertex -33.9215 1.31412 2.6
      vertex -33.7979 1.20208 6.3
      vertex -33.9215 1.31412 6.3
    endloop
  endfacet
  facet normal -0.67161 -0.740905 -0
    outer loop
      vertex -33.7979 1.20208 6.3
      vertex -33.9215 1.31412 2.6
      vertex -33.7979 1.20208 2.6
    endloop
  endfacet
  facet normal -0.336883 0.941546 0
    outer loop
      vertex -34.3494 -1.57059 2.6
      vertex -34.5065 -1.6268 6.3
      vertex -34.3494 -1.57059 6.3
    endloop
  endfacet
  facet normal -0.336883 0.941546 0
    outer loop
      vertex -34.5065 -1.6268 6.3
      vertex -34.3494 -1.57059 2.6
      vertex -34.5065 -1.6268 2.6
    endloop
  endfacet
  facet normal 0.803158 0.595766 -2.3912e-19
    outer loop
      vertex -36.3141 -1.07847 6.3
      vertex -36.4135 -0.944468 2.6
      vertex -36.4135 -0.944468 6.3
    endloop
  endfacet
  facet normal 0.803158 0.595766 -2.3912e-19
    outer loop
      vertex -36.4135 -0.944468 2.6
      vertex -36.3141 -1.07847 6.3
      vertex -36.3141 -1.07847 2.6
    endloop
  endfacet
  facet normal 0.989158 0.146854 -4.59121e-19
    outer loop
      vertex -36.6673 -0.331653 6.3
      vertex -36.6918 -0.166629 2.6
      vertex -36.6918 -0.166629 6.3
    endloop
  endfacet
  facet normal 0.989158 0.146854 -4.59121e-19
    outer loop
      vertex -36.6918 -0.166629 2.6
      vertex -36.6673 -0.331653 6.3
      vertex -36.6673 -0.331653 2.6
    endloop
  endfacet
  facet normal -0.595695 0.803211 0
    outer loop
      vertex -33.9215 -1.31412 2.6
      vertex -34.0555 -1.4135 6.3
      vertex -33.9215 -1.31412 6.3
    endloop
  endfacet
  facet normal -0.595695 0.803211 0
    outer loop
      vertex -34.0555 -1.4135 6.3
      vertex -33.9215 -1.31412 2.6
      vertex -34.0555 -1.4135 2.6
    endloop
  endfacet
  facet normal 0.67161 0.740905 -0
    outer loop
      vertex -36.0785 -1.31412 2.6
      vertex -36.2021 -1.20208 6.3
      vertex -36.0785 -1.31412 6.3
    endloop
  endfacet
  facet normal 0.67161 0.740905 0
    outer loop
      vertex -36.2021 -1.20208 6.3
      vertex -36.0785 -1.31412 2.6
      vertex -36.2021 -1.20208 2.6
    endloop
  endfacet
  facet normal 0.803158 -0.595766 2.3912e-19
    outer loop
      vertex -36.4135 0.944468 6.3
      vertex -36.3141 1.07847 2.6
      vertex -36.3141 1.07847 6.3
    endloop
  endfacet
  facet normal 0.803158 -0.595766 2.3912e-19
    outer loop
      vertex -36.3141 1.07847 2.6
      vertex -36.4135 0.944468 6.3
      vertex -36.4135 0.944468 2.6
    endloop
  endfacet
  facet normal 0.857642 -0.514247 1.28111e-18
    outer loop
      vertex -36.4993 0.801374 6.3
      vertex -36.4135 0.944468 2.6
      vertex -36.4135 0.944468 6.3
    endloop
  endfacet
  facet normal 0.857642 -0.514247 1.28111e-18
    outer loop
      vertex -36.4135 0.944468 2.6
      vertex -36.4993 0.801374 6.3
      vertex -36.4993 0.801374 2.6
    endloop
  endfacet
  facet normal 0.0491004 0.998794 -0
    outer loop
      vertex -35 -1.7 2.6
      vertex -35.1666 -1.69181 6.3
      vertex -35 -1.7 6.3
    endloop
  endfacet
  facet normal 0.0491004 0.998794 0
    outer loop
      vertex -35.1666 -1.69181 6.3
      vertex -35 -1.7 2.6
      vertex -35.1666 -1.69181 2.6
    endloop
  endfacet
  facet normal 0.998791 -0.0491516 -4.93491e-21
    outer loop
      vertex -36.7 0 6.3
      vertex -36.6918 0.166629 2.6
      vertex -36.6918 0.166629 6.3
    endloop
  endfacet
  facet normal 0.998791 -0.0491516 -4.93491e-21
    outer loop
      vertex -36.6918 0.166629 2.6
      vertex -36.7 0 6.3
      vertex -36.7 0 2.6
    endloop
  endfacet
  facet normal -0.741051 0.671448 1.05946e-18
    outer loop
      vertex -33.7979 -1.20208 2.6
      vertex -33.6859 -1.07847 6.3
      vertex -33.6859 -1.07847 2.6
    endloop
  endfacet
  facet normal -0.741051 0.671448 1.05946e-18
    outer loop
      vertex -33.6859 -1.07847 6.3
      vertex -33.7979 -1.20208 2.6
      vertex -33.7979 -1.20208 6.3
    endloop
  endfacet
  facet normal -0.989147 -0.146929 4.10136e-19
    outer loop
      vertex -31.9149 0.303853 0
      vertex -31.9596 0.604779 2.6
      vertex -31.9596 0.604779 0
    endloop
  endfacet
  facet normal -0.989147 -0.146929 4.10136e-19
    outer loop
      vertex -31.9596 0.604779 2.6
      vertex -31.9149 0.303853 0
      vertex -31.9149 0.303853 2.6
    endloop
  endfacet
  facet normal -0.9988 -0.048978 -2.10625e-19
    outer loop
      vertex -31.9 0 0
      vertex -31.9149 0.303853 2.6
      vertex -31.9149 0.303853 0
    endloop
  endfacet
  facet normal -0.9988 -0.048978 -2.10625e-19
    outer loop
      vertex -31.9149 0.303853 2.6
      vertex -31.9 0 0
      vertex -31.9 0 2.6
    endloop
  endfacet
  facet normal -0.970046 -0.24292 -1.68117e-18
    outer loop
      vertex -31.9596 0.604779 0
      vertex -32.0335 0.899882 2.6
      vertex -32.0335 0.899882 0
    endloop
  endfacet
  facet normal -0.970046 -0.24292 -1.68117e-18
    outer loop
      vertex -32.0335 0.899882 2.6
      vertex -31.9596 0.604779 0
      vertex -31.9596 0.604779 2.6
    endloop
  endfacet
  facet normal -0.803085 0.595864 -2.03462e-19
    outer loop
      vertex -32.6037 -1.96662 0
      vertex -32.4224 -1.72227 2.6
      vertex -32.4224 -1.72227 0
    endloop
  endfacet
  facet normal -0.803085 0.595864 -2.03462e-19
    outer loop
      vertex -32.4224 -1.72227 2.6
      vertex -32.6037 -1.96662 0
      vertex -32.6037 -1.96662 2.6
    endloop
  endfacet
  facet normal -0.0490688 0.998795 0
    outer loop
      vertex -34.6961 -3.08507 0
      vertex -35 -3.1 2.6
      vertex -34.6961 -3.08507 2.6
    endloop
  endfacet
  facet normal -0.0490688 0.998795 0
    outer loop
      vertex -35 -3.1 2.6
      vertex -34.6961 -3.08507 0
      vertex -35 -3.1 0
    endloop
  endfacet
  facet normal -0.514012 0.857783 0
    outer loop
      vertex -33.2777 -2.57756 0
      vertex -33.5387 -2.73396 2.6
      vertex -33.2777 -2.57756 2.6
    endloop
  endfacet
  facet normal -0.514012 0.857783 0
    outer loop
      vertex -33.5387 -2.73396 2.6
      vertex -33.2777 -2.57756 0
      vertex -33.5387 -2.73396 0
    endloop
  endfacet
  facet normal 0.427568 -0.903983 0
    outer loop
      vertex -36.4613 2.73396 0
      vertex -36.1863 2.86403 2.6
      vertex -36.4613 2.73396 2.6
    endloop
  endfacet
  facet normal 0.427568 -0.903983 0
    outer loop
      vertex -36.1863 2.86403 2.6
      vertex -36.4613 2.73396 0
      vertex -36.1863 2.86403 0
    endloop
  endfacet
  facet normal -0.514012 -0.857783 0
    outer loop
      vertex -33.5387 2.73396 0
      vertex -33.2777 2.57756 2.6
      vertex -33.5387 2.73396 2.6
    endloop
  endfacet
  facet normal -0.514012 -0.857783 -0
    outer loop
      vertex -33.2777 2.57756 2.6
      vertex -33.5387 2.73396 0
      vertex -33.2777 2.57756 0
    endloop
  endfacet
  facet normal 0.0490688 -0.998795 0
    outer loop
      vertex -35.3039 3.08507 0
      vertex -35 3.1 2.6
      vertex -35.3039 3.08507 2.6
    endloop
  endfacet
  facet normal 0.0490688 -0.998795 0
    outer loop
      vertex -35 3.1 2.6
      vertex -35.3039 3.08507 0
      vertex -35 3.1 0
    endloop
  endfacet
  facet normal 0.803085 0.595864 2.03462e-19
    outer loop
      vertex -37.3963 -1.96662 2.6
      vertex -37.5776 -1.72227 0
      vertex -37.5776 -1.72227 2.6
    endloop
  endfacet
  facet normal 0.803085 0.595864 2.03462e-19
    outer loop
      vertex -37.5776 -1.72227 0
      vertex -37.3963 -1.96662 2.6
      vertex -37.3963 -1.96662 0
    endloop
  endfacet
  facet normal -0.941533 -0.336921 2.14916e-18
    outer loop
      vertex -32.0335 0.899882 0
      vertex -32.136 1.18632 2.6
      vertex -32.136 1.18632 0
    endloop
  endfacet
  facet normal -0.941533 -0.336921 2.14916e-18
    outer loop
      vertex -32.136 1.18632 2.6
      vertex -32.0335 0.899882 0
      vertex -32.0335 0.899882 2.6
    endloop
  endfacet
  facet normal -0.941533 0.336921 -2.14916e-18
    outer loop
      vertex -32.136 -1.18632 0
      vertex -32.0335 -0.899882 2.6
      vertex -32.0335 -0.899882 0
    endloop
  endfacet
  facet normal -0.941533 0.336921 -2.14916e-18
    outer loop
      vertex -32.0335 -0.899882 2.6
      vertex -32.136 -1.18632 0
      vertex -32.136 -1.18632 2.6
    endloop
  endfacet
  facet normal 0.857731 0.514099 -2.88753e-18
    outer loop
      vertex -37.5776 -1.72227 2.6
      vertex -37.734 -1.46133 0
      vertex -37.734 -1.46133 2.6
    endloop
  endfacet
  facet normal 0.857731 0.514099 -2.88753e-18
    outer loop
      vertex -37.734 -1.46133 0
      vertex -37.5776 -1.72227 2.6
      vertex -37.5776 -1.72227 0
    endloop
  endfacet
  facet normal -0.9988 0.048978 2.10625e-19
    outer loop
      vertex -31.9149 -0.303853 0
      vertex -31.9 0 2.6
      vertex -31.9 0 0
    endloop
  endfacet
  facet normal -0.9988 0.048978 2.10625e-19
    outer loop
      vertex -31.9 0 2.6
      vertex -31.9149 -0.303853 0
      vertex -31.9149 -0.303853 2.6
    endloop
  endfacet
  facet normal 0.595794 0.803137 -0
    outer loop
      vertex -36.7223 -2.57756 0
      vertex -36.9666 -2.39633 2.6
      vertex -36.7223 -2.57756 2.6
    endloop
  endfacet
  facet normal 0.595794 0.803137 0
    outer loop
      vertex -36.9666 -2.39633 2.6
      vertex -36.7223 -2.57756 0
      vertex -36.9666 -2.39633 0
    endloop
  endfacet
  facet normal 0.989147 0.146929 4.10136e-19
    outer loop
      vertex -38.0404 -0.604779 2.6
      vertex -38.0851 -0.303853 0
      vertex -38.0851 -0.303853 2.6
    endloop
  endfacet
  facet normal 0.989147 0.146929 4.10136e-19
    outer loop
      vertex -38.0851 -0.303853 0
      vertex -38.0404 -0.604779 2.6
      vertex -38.0404 -0.604779 0
    endloop
  endfacet
  facet normal 0.595794 -0.803137 0
    outer loop
      vertex -36.9666 2.39633 0
      vertex -36.7223 2.57756 2.6
      vertex -36.9666 2.39633 2.6
    endloop
  endfacet
  facet normal 0.595794 -0.803137 0
    outer loop
      vertex -36.7223 2.57756 2.6
      vertex -36.9666 2.39633 0
      vertex -36.7223 2.57756 0
    endloop
  endfacet
  facet normal -0.595794 -0.803137 0
    outer loop
      vertex -33.2777 2.57756 0
      vertex -33.0334 2.39633 2.6
      vertex -33.2777 2.57756 2.6
    endloop
  endfacet
  facet normal -0.595794 -0.803137 -0
    outer loop
      vertex -33.0334 2.39633 2.6
      vertex -33.2777 2.57756 0
      vertex -33.0334 2.39633 0
    endloop
  endfacet
  facet normal -0.740951 0.671559 -3.41825e-18
    outer loop
      vertex -32.808 -2.19203 0
      vertex -32.6037 -1.96662 2.6
      vertex -32.6037 -1.96662 0
    endloop
  endfacet
  facet normal -0.740951 0.671559 -3.41825e-18
    outer loop
      vertex -32.6037 -1.96662 2.6
      vertex -32.808 -2.19203 0
      vertex -32.808 -2.19203 2.6
    endloop
  endfacet
  facet normal 0.941533 0.336921 2.14916e-18
    outer loop
      vertex -37.864 -1.18632 2.6
      vertex -37.9665 -0.899882 0
      vertex -37.9665 -0.899882 2.6
    endloop
  endfacet
  facet normal 0.941533 0.336921 2.14916e-18
    outer loop
      vertex -37.9665 -0.899882 0
      vertex -37.864 -1.18632 2.6
      vertex -37.864 -1.18632 0
    endloop
  endfacet
  facet normal -0.989147 0.146929 -4.10136e-19
    outer loop
      vertex -31.9596 -0.604779 0
      vertex -31.9149 -0.303853 2.6
      vertex -31.9149 -0.303853 0
    endloop
  endfacet
  facet normal -0.989147 0.146929 -4.10136e-19
    outer loop
      vertex -31.9149 -0.303853 2.6
      vertex -31.9596 -0.604779 0
      vertex -31.9596 -0.604779 2.6
    endloop
  endfacet
  facet normal 0.857731 -0.514099 2.88753e-18
    outer loop
      vertex -37.734 1.46133 2.6
      vertex -37.5776 1.72227 0
      vertex -37.5776 1.72227 2.6
    endloop
  endfacet
  facet normal 0.857731 -0.514099 2.88753e-18
    outer loop
      vertex -37.5776 1.72227 0
      vertex -37.734 1.46133 2.6
      vertex -37.734 1.46133 0
    endloop
  endfacet
  facet normal -0.970046 0.24292 1.68117e-18
    outer loop
      vertex -32.0335 -0.899882 0
      vertex -31.9596 -0.604779 2.6
      vertex -31.9596 -0.604779 0
    endloop
  endfacet
  facet normal -0.970046 0.24292 1.68117e-18
    outer loop
      vertex -31.9596 -0.604779 2.6
      vertex -32.0335 -0.899882 0
      vertex -32.0335 -0.899882 2.6
    endloop
  endfacet
  facet normal -0.427568 0.903983 0
    outer loop
      vertex -33.5387 -2.73396 0
      vertex -33.8137 -2.86403 2.6
      vertex -33.5387 -2.73396 2.6
    endloop
  endfacet
  facet normal -0.427568 0.903983 0
    outer loop
      vertex -33.8137 -2.86403 2.6
      vertex -33.5387 -2.73396 0
      vertex -33.8137 -2.86403 0
    endloop
  endfacet
  facet normal 0 0 -1
    outer loop
      vertex -33.3 0 2.6
      vertex -31.9 0 2.6
      vertex -31.9149 -0.303853 2.6
    endloop
  endfacet
  facet normal 0 0 -1
    outer loop
      vertex -33.3082 -0.166629 2.6
      vertex -31.9149 -0.303853 2.6
      vertex -31.9596 -0.604779 2.6
    endloop
  endfacet
  facet normal 0 0 -1
    outer loop
      vertex -31.9 0 2.6
      vertex -33.3 0 2.6
      vertex -31.9149 0.303853 2.6
    endloop
  endfacet
  facet normal 0 0 -1
    outer loop
      vertex -33.3327 -0.331653 2.6
      vertex -31.9596 -0.604779 2.6
      vertex -32.0335 -0.899882 2.6
    endloop
  endfacet
  facet normal 0 0 -1
    outer loop
      vertex -33.3082 0.166629 2.6
      vertex -31.9149 0.303853 2.6
      vertex -33.3 0 2.6
    endloop
  endfacet
  facet normal 0 0 -1
    outer loop
      vertex -33.3732 -0.493484 2.6
      vertex -32.0335 -0.899882 2.6
      vertex -32.136 -1.18632 2.6
    endloop
  endfacet
  facet normal -0 0 -1
    outer loop
      vertex -31.9149 0.303853 2.6
      vertex -33.3082 0.166629 2.6
      vertex -31.9596 0.604779 2.6
    endloop
  endfacet
  facet normal 0 0 -1
    outer loop
      vertex -33.4294 -0.650561 2.6
      vertex -32.136 -1.18632 2.6
      vertex -32.266 -1.46133 2.6
    endloop
  endfacet
  facet normal 0 0 -1
    outer loop
      vertex -33.3327 0.331653 2.6
      vertex -31.9596 0.604779 2.6
      vertex -33.3082 0.166629 2.6
    endloop
  endfacet
  facet normal 0 0 -1
    outer loop
      vertex -33.5007 -0.801374 2.6
      vertex -32.266 -1.46133 2.6
      vertex -32.4224 -1.72227 2.6
    endloop
  endfacet
  facet normal -0 0 -1
    outer loop
      vertex -31.9596 0.604779 2.6
      vertex -33.3327 0.331653 2.6
      vertex -32.0335 0.899882 2.6
    endloop
  endfacet
  facet normal 0 0 -1
    outer loop
      vertex -33.5865 -0.944468 2.6
      vertex -32.4224 -1.72227 2.6
      vertex -32.6037 -1.96662 2.6
    endloop
  endfacet
  facet normal 0 0 -1
    outer loop
      vertex -33.3732 0.493484 2.6
      vertex -32.0335 0.899882 2.6
      vertex -33.3327 0.331653 2.6
    endloop
  endfacet
  facet normal 0 0 -1
    outer loop
      vertex -33.6859 -1.07847 2.6
      vertex -32.6037 -1.96662 2.6
      vertex -32.808 -2.19203 2.6
    endloop
  endfacet
  facet normal -0 0 -1
    outer loop
      vertex -32.0335 0.899882 2.6
      vertex -33.3732 0.493484 2.6
      vertex -32.136 1.18632 2.6
    endloop
  endfacet
  facet normal 0 0 -1
    outer loop
      vertex -33.7979 -1.20208 2.6
      vertex -32.808 -2.19203 2.6
      vertex -33.0334 -2.39633 2.6
    endloop
  endfacet
  facet normal 0 0 -1
    outer loop
      vertex -33.4294 0.650561 2.6
      vertex -32.136 1.18632 2.6
      vertex -33.3732 0.493484 2.6
    endloop
  endfacet
  facet normal 0 0 -1
    outer loop
      vertex -33.9215 -1.31412 2.6
      vertex -33.0334 -2.39633 2.6
      vertex -33.2777 -2.57756 2.6
    endloop
  endfacet
  facet normal -0 0 -1
    outer loop
      vertex -32.136 1.18632 2.6
      vertex -33.4294 0.650561 2.6
      vertex -32.266 1.46133 2.6
    endloop
  endfacet
  facet normal 0 0 -1
    outer loop
      vertex -33.5007 0.801374 2.6
      vertex -32.266 1.46133 2.6
      vertex -33.4294 0.650561 2.6
    endloop
  endfacet
  facet normal 0 0 -1
    outer loop
      vertex -31.9149 -0.303853 2.6
      vertex -33.3082 -0.166629 2.6
      vertex -33.3 0 2.6
    endloop
  endfacet
  facet normal 0 0 -1
    outer loop
      vertex -31.9596 -0.604779 2.6
      vertex -33.3327 -0.331653 2.6
      vertex -33.3082 -0.166629 2.6
    endloop
  endfacet
  facet normal 0 0 -1
    outer loop
      vertex -32.0335 -0.899882 2.6
      vertex -33.3732 -0.493484 2.6
      vertex -33.3327 -0.331653 2.6
    endloop
  endfacet
  facet normal 0 0 -1
    outer loop
      vertex -32.136 -1.18632 2.6
      vertex -33.4294 -0.650561 2.6
      vertex -33.3732 -0.493484 2.6
    endloop
  endfacet
  facet normal 0 0 -1
    outer loop
      vertex -32.266 -1.46133 2.6
      vertex -33.5007 -0.801374 2.6
      vertex -33.4294 -0.650561 2.6
    endloop
  endfacet
  facet normal 0 0 -1
    outer loop
      vertex -34.0555 -1.4135 2.6
      vertex -33.2777 -2.57756 2.6
      vertex -33.5387 -2.73396 2.6
    endloop
  endfacet
  facet normal 0 0 -1
    outer loop
      vertex -32.4224 -1.72227 2.6
      vertex -33.5865 -0.944468 2.6
      vertex -33.5007 -0.801374 2.6
    endloop
  endfacet
  facet normal 0 0 -1
    outer loop
      vertex -32.6037 -1.96662 2.6
      vertex -33.6859 -1.07847 2.6
      vertex -33.5865 -0.944468 2.6
    endloop
  endfacet
  facet normal 0 0 -1
    outer loop
      vertex -32.808 -2.19203 2.6
      vertex -33.7979 -1.20208 2.6
      vertex -33.6859 -1.07847 2.6
    endloop
  endfacet
  facet normal 0 0 -1
    outer loop
      vertex -34.1986 -1.49927 2.6
      vertex -33.5387 -2.73396 2.6
      vertex -33.8137 -2.86403 2.6
    endloop
  endfacet
  facet normal 0 0 -1
    outer loop
      vertex -33.0334 -2.39633 2.6
      vertex -33.9215 -1.31412 2.6
      vertex -33.7979 -1.20208 2.6
    endloop
  endfacet
  facet normal 0 0 -1
    outer loop
      vertex -33.2777 -2.57756 2.6
      vertex -34.0555 -1.4135 2.6
      vertex -33.9215 -1.31412 2.6
    endloop
  endfacet
  facet normal 0 0 -1
    outer loop
      vertex -34.3494 -1.57059 2.6
      vertex -33.8137 -2.86403 2.6
      vertex -34.1001 -2.96651 2.6
    endloop
  endfacet
  facet normal 0 0 -1
    outer loop
      vertex -33.5387 -2.73396 2.6
      vertex -34.1986 -1.49927 2.6
      vertex -34.0555 -1.4135 2.6
    endloop
  endfacet
  facet normal 0 0 -1
    outer loop
      vertex -33.8137 -2.86403 2.6
      vertex -34.3494 -1.57059 2.6
      vertex -34.1986 -1.49927 2.6
    endloop
  endfacet
  facet normal 0 0 -1
    outer loop
      vertex -34.5065 -1.6268 2.6
      vertex -34.1001 -2.96651 2.6
      vertex -34.3952 -3.04043 2.6
    endloop
  endfacet
  facet normal 0 0 -1
    outer loop
      vertex -34.1001 -2.96651 2.6
      vertex -34.5065 -1.6268 2.6
      vertex -34.3494 -1.57059 2.6
    endloop
  endfacet
  facet normal 0 0 -1
    outer loop
      vertex -34.3952 -3.04043 2.6
      vertex -34.6683 -1.66733 2.6
      vertex -34.5065 -1.6268 2.6
    endloop
  endfacet
  facet normal 0 0 -1
    outer loop
      vertex -34.6961 -3.08507 2.6
      vertex -34.6683 -1.66733 2.6
      vertex -34.3952 -3.04043 2.6
    endloop
  endfacet
  facet normal 0 0 -1
    outer loop
      vertex -34.6961 -3.08507 2.6
      vertex -34.8334 -1.69181 2.6
      vertex -34.6683 -1.66733 2.6
    endloop
  endfacet
  facet normal 0 0 -1
    outer loop
      vertex -35 -3.1 2.6
      vertex -34.8334 -1.69181 2.6
      vertex -34.6961 -3.08507 2.6
    endloop
  endfacet
  facet normal 0 0 -1
    outer loop
      vertex -35 -3.1 2.6
      vertex -35 -1.7 2.6
      vertex -34.8334 -1.69181 2.6
    endloop
  endfacet
  facet normal 0 0 -1
    outer loop
      vertex -35 -3.1 2.6
      vertex -35.1666 -1.69181 2.6
      vertex -35 -1.7 2.6
    endloop
  endfacet
  facet normal 0 0 -1
    outer loop
      vertex -35.3039 -3.08507 2.6
      vertex -35.1666 -1.69181 2.6
      vertex -35 -3.1 2.6
    endloop
  endfacet
  facet normal 0 0 -1
    outer loop
      vertex -35.3039 -3.08507 2.6
      vertex -35.3317 -1.66733 2.6
      vertex -35.1666 -1.69181 2.6
    endloop
  endfacet
  facet normal 0 0 -1
    outer loop
      vertex -35.6048 -3.04043 2.6
      vertex -35.3317 -1.66733 2.6
      vertex -35.3039 -3.08507 2.6
    endloop
  endfacet
  facet normal -0 0 -1
    outer loop
      vertex -35.3317 -1.66733 2.6
      vertex -35.6048 -3.04043 2.6
      vertex -35.4935 -1.6268 2.6
    endloop
  endfacet
  facet normal 0 0 -1
    outer loop
      vertex -35.8999 -2.96651 2.6
      vertex -35.4935 -1.6268 2.6
      vertex -35.6048 -3.04043 2.6
    endloop
  endfacet
  facet normal -0 0 -1
    outer loop
      vertex -35.4935 -1.6268 2.6
      vertex -35.8999 -2.96651 2.6
      vertex -35.6506 -1.57059 2.6
    endloop
  endfacet
  facet normal 0 0 -1
    outer loop
      vertex -36.1863 -2.86403 2.6
      vertex -35.6506 -1.57059 2.6
      vertex -35.8999 -2.96651 2.6
    endloop
  endfacet
  facet normal -0 0 -1
    outer loop
      vertex -35.6506 -1.57059 2.6
      vertex -36.1863 -2.86403 2.6
      vertex -35.8014 -1.49927 2.6
    endloop
  endfacet
  facet normal 0 0 -1
    outer loop
      vertex -36.4613 -2.73396 2.6
      vertex -35.8014 -1.49927 2.6
      vertex -36.1863 -2.86403 2.6
    endloop
  endfacet
  facet normal -0 0 -1
    outer loop
      vertex -35.8014 -1.49927 2.6
      vertex -36.4613 -2.73396 2.6
      vertex -35.9445 -1.4135 2.6
    endloop
  endfacet
  facet normal 0 0 -1
    outer loop
      vertex -36.7223 -2.57756 2.6
      vertex -35.9445 -1.4135 2.6
      vertex -36.4613 -2.73396 2.6
    endloop
  endfacet
  facet normal -0 0 -1
    outer loop
      vertex -35.9445 -1.4135 2.6
      vertex -36.7223 -2.57756 2.6
      vertex -36.0785 -1.31412 2.6
    endloop
  endfacet
  facet normal 0 0 -1
    outer loop
      vertex -36.9666 -2.39633 2.6
      vertex -36.0785 -1.31412 2.6
      vertex -36.7223 -2.57756 2.6
    endloop
  endfacet
  facet normal -0 0 -1
    outer loop
      vertex -36.0785 -1.31412 2.6
      vertex -36.9666 -2.39633 2.6
      vertex -36.2021 -1.20208 2.6
    endloop
  endfacet
  facet normal 0 0 -1
    outer loop
      vertex -37.192 -2.19203 2.6
      vertex -36.2021 -1.20208 2.6
      vertex -36.9666 -2.39633 2.6
    endloop
  endfacet
  facet normal -0 0 -1
    outer loop
      vertex -36.2021 -1.20208 2.6
      vertex -37.192 -2.19203 2.6
      vertex -36.3141 -1.07847 2.6
    endloop
  endfacet
  facet normal 0 0 -1
    outer loop
      vertex -37.3963 -1.96662 2.6
      vertex -36.3141 -1.07847 2.6
      vertex -37.192 -2.19203 2.6
    endloop
  endfacet
  facet normal -0 0 -1
    outer loop
      vertex -36.3141 -1.07847 2.6
      vertex -37.3963 -1.96662 2.6
      vertex -36.4135 -0.944468 2.6
    endloop
  endfacet
  facet normal 0 0 -1
    outer loop
      vertex -37.5776 -1.72227 2.6
      vertex -36.4135 -0.944468 2.6
      vertex -37.3963 -1.96662 2.6
    endloop
  endfacet
  facet normal 0 0 -1
    outer loop
      vertex -37.734 -1.46133 2.6
      vertex -36.4993 -0.801374 2.6
      vertex -37.5776 -1.72227 2.6
    endloop
  endfacet
  facet normal -0 0 -1
    outer loop
      vertex -36.4135 -0.944468 2.6
      vertex -37.5776 -1.72227 2.6
      vertex -36.4993 -0.801374 2.6
    endloop
  endfacet
  facet normal -0 0 -1
    outer loop
      vertex -32.266 1.46133 2.6
      vertex -33.5007 0.801374 2.6
      vertex -32.4224 1.72227 2.6
    endloop
  endfacet
  facet normal 0 0 -1
    outer loop
      vertex -33.5865 0.944468 2.6
      vertex -32.4224 1.72227 2.6
      vertex -33.5007 0.801374 2.6
    endloop
  endfacet
  facet normal -0 0 -1
    outer loop
      vertex -32.4224 1.72227 2.6
      vertex -33.5865 0.944468 2.6
      vertex -32.6037 1.96662 2.6
    endloop
  endfacet
  facet normal 0 0 -1
    outer loop
      vertex -33.6859 1.07847 2.6
      vertex -32.6037 1.96662 2.6
      vertex -33.5865 0.944468 2.6
    endloop
  endfacet
  facet normal -0 0 -1
    outer loop
      vertex -32.6037 1.96662 2.6
      vertex -33.6859 1.07847 2.6
      vertex -32.808 2.19203 2.6
    endloop
  endfacet
  facet normal 0 0 -1
    outer loop
      vertex -33.7979 1.20208 2.6
      vertex -32.808 2.19203 2.6
      vertex -33.6859 1.07847 2.6
    endloop
  endfacet
  facet normal -0 0 -1
    outer loop
      vertex -32.808 2.19203 2.6
      vertex -33.7979 1.20208 2.6
      vertex -33.0334 2.39633 2.6
    endloop
  endfacet
  facet normal 0 0 -1
    outer loop
      vertex -33.9215 1.31412 2.6
      vertex -33.0334 2.39633 2.6
      vertex -33.7979 1.20208 2.6
    endloop
  endfacet
  facet normal -0 0 -1
    outer loop
      vertex -33.0334 2.39633 2.6
      vertex -33.9215 1.31412 2.6
      vertex -33.2777 2.57756 2.6
    endloop
  endfacet
  facet normal 0 0 -1
    outer loop
      vertex -34.0555 1.4135 2.6
      vertex -33.2777 2.57756 2.6
      vertex -33.9215 1.31412 2.6
    endloop
  endfacet
  facet normal -0 0 -1
    outer loop
      vertex -33.2777 2.57756 2.6
      vertex -34.0555 1.4135 2.6
      vertex -33.5387 2.73396 2.6
    endloop
  endfacet
  facet normal 0 0 -1
    outer loop
      vertex -34.1986 1.49927 2.6
      vertex -33.5387 2.73396 2.6
      vertex -34.0555 1.4135 2.6
    endloop
  endfacet
  facet normal -0 0 -1
    outer loop
      vertex -33.5387 2.73396 2.6
      vertex -34.1986 1.49927 2.6
      vertex -33.8137 2.86403 2.6
    endloop
  endfacet
  facet normal 0 0 -1
    outer loop
      vertex -34.3494 1.57059 2.6
      vertex -33.8137 2.86403 2.6
      vertex -34.1986 1.49927 2.6
    endloop
  endfacet
  facet normal -0 0 -1
    outer loop
      vertex -33.8137 2.86403 2.6
      vertex -34.3494 1.57059 2.6
      vertex -34.1001 2.96651 2.6
    endloop
  endfacet
  facet normal 0 0 -1
    outer loop
      vertex -34.5065 1.6268 2.6
      vertex -34.1001 2.96651 2.6
      vertex -34.3494 1.57059 2.6
    endloop
  endfacet
  facet normal -0 0 -1
    outer loop
      vertex -34.1001 2.96651 2.6
      vertex -34.5065 1.6268 2.6
      vertex -34.3952 3.04043 2.6
    endloop
  endfacet
  facet normal 0 0 -1
    outer loop
      vertex -34.6683 1.66733 2.6
      vertex -34.3952 3.04043 2.6
      vertex -34.5065 1.6268 2.6
    endloop
  endfacet
  facet normal 0 0 -1
    outer loop
      vertex -34.6683 1.66733 2.6
      vertex -34.6961 3.08507 2.6
      vertex -34.3952 3.04043 2.6
    endloop
  endfacet
  facet normal 0 0 -1
    outer loop
      vertex -34.8334 1.69181 2.6
      vertex -34.6961 3.08507 2.6
      vertex -34.6683 1.66733 2.6
    endloop
  endfacet
  facet normal 0 0 -1
    outer loop
      vertex -35 1.7 2.6
      vertex -34.6961 3.08507 2.6
      vertex -34.8334 1.69181 2.6
    endloop
  endfacet
  facet normal 0 0 -1
    outer loop
      vertex -35 1.7 2.6
      vertex -35 3.1 2.6
      vertex -34.6961 3.08507 2.6
    endloop
  endfacet
  facet normal 0 0 -1
    outer loop
      vertex -35.1666 1.69181 2.6
      vertex -35 3.1 2.6
      vertex -35 1.7 2.6
    endloop
  endfacet
  facet normal 0 0 -1
    outer loop
      vertex -35.1666 1.69181 2.6
      vertex -35.3039 3.08507 2.6
      vertex -35 3.1 2.6
    endloop
  endfacet
  facet normal 0 0 -1
    outer loop
      vertex -35.3317 1.66733 2.6
      vertex -35.3039 3.08507 2.6
      vertex -35.1666 1.69181 2.6
    endloop
  endfacet
  facet normal 0 0 -1
    outer loop
      vertex -35.6048 3.04043 2.6
      vertex -35.3317 1.66733 2.6
      vertex -35.4935 1.6268 2.6
    endloop
  endfacet
  facet normal 0 0 -1
    outer loop
      vertex -35.3317 1.66733 2.6
      vertex -35.6048 3.04043 2.6
      vertex -35.3039 3.08507 2.6
    endloop
  endfacet
  facet normal 0 0 -1
    outer loop
      vertex -35.8999 2.96651 2.6
      vertex -35.4935 1.6268 2.6
      vertex -35.6506 1.57059 2.6
    endloop
  endfacet
  facet normal 0 0 -1
    outer loop
      vertex -36.1863 2.86403 2.6
      vertex -35.6506 1.57059 2.6
      vertex -35.8014 1.49927 2.6
    endloop
  endfacet
  facet normal 0 0 -1
    outer loop
      vertex -35.4935 1.6268 2.6
      vertex -35.8999 2.96651 2.6
      vertex -35.6048 3.04043 2.6
    endloop
  endfacet
  facet normal 0 0 -1
    outer loop
      vertex -36.4613 2.73396 2.6
      vertex -35.8014 1.49927 2.6
      vertex -35.9445 1.4135 2.6
    endloop
  endfacet
  facet normal 0 0 -1
    outer loop
      vertex -36.7223 2.57756 2.6
      vertex -35.9445 1.4135 2.6
      vertex -36.0785 1.31412 2.6
    endloop
  endfacet
  facet normal 0 0 -1
    outer loop
      vertex -35.6506 1.57059 2.6
      vertex -36.1863 2.86403 2.6
      vertex -35.8999 2.96651 2.6
    endloop
  endfacet
  facet normal 0 0 -1
    outer loop
      vertex -36.9666 2.39633 2.6
      vertex -36.0785 1.31412 2.6
      vertex -36.2021 1.20208 2.6
    endloop
  endfacet
  facet normal 0 0 -1
    outer loop
      vertex -37.192 2.19203 2.6
      vertex -36.2021 1.20208 2.6
      vertex -36.3141 1.07847 2.6
    endloop
  endfacet
  facet normal 0 0 -1
    outer loop
      vertex -37.3963 1.96662 2.6
      vertex -36.3141 1.07847 2.6
      vertex -36.4135 0.944468 2.6
    endloop
  endfacet
  facet normal 0 0 -1
    outer loop
      vertex -35.8014 1.49927 2.6
      vertex -36.4613 2.73396 2.6
      vertex -36.1863 2.86403 2.6
    endloop
  endfacet
  facet normal 0 0 -1
    outer loop
      vertex -37.5776 1.72227 2.6
      vertex -36.4135 0.944468 2.6
      vertex -36.4993 0.801374 2.6
    endloop
  endfacet
  facet normal 0 0 -1
    outer loop
      vertex -37.734 1.46133 2.6
      vertex -36.4993 0.801374 2.6
      vertex -36.5706 0.650561 2.6
    endloop
  endfacet
  facet normal 0 0 -1
    outer loop
      vertex -37.864 1.18632 2.6
      vertex -36.5706 0.650561 2.6
      vertex -36.6268 0.493484 2.6
    endloop
  endfacet
  facet normal 0 0 -1
    outer loop
      vertex -37.9665 0.899882 2.6
      vertex -36.6268 0.493484 2.6
      vertex -36.6673 0.331653 2.6
    endloop
  endfacet
  facet normal 0 0 -1
    outer loop
      vertex -38.0404 0.604779 2.6
      vertex -36.6673 0.331653 2.6
      vertex -36.6918 0.166629 2.6
    endloop
  endfacet
  facet normal 0 0 -1
    outer loop
      vertex -35.9445 1.4135 2.6
      vertex -36.7223 2.57756 2.6
      vertex -36.4613 2.73396 2.6
    endloop
  endfacet
  facet normal 0 0 -1
    outer loop
      vertex -38.0851 0.303853 2.6
      vertex -36.6918 0.166629 2.6
      vertex -36.7 0 2.6
    endloop
  endfacet
  facet normal -0 0 -1
    outer loop
      vertex -36.4993 -0.801374 2.6
      vertex -37.734 -1.46133 2.6
      vertex -36.5706 -0.650561 2.6
    endloop
  endfacet
  facet normal 0 0 -1
    outer loop
      vertex -37.864 -1.18632 2.6
      vertex -36.5706 -0.650561 2.6
      vertex -37.734 -1.46133 2.6
    endloop
  endfacet
  facet normal 0 0 -1
    outer loop
      vertex -36.0785 1.31412 2.6
      vertex -36.9666 2.39633 2.6
      vertex -36.7223 2.57756 2.6
    endloop
  endfacet
  facet normal -0 0 -1
    outer loop
      vertex -36.5706 -0.650561 2.6
      vertex -37.864 -1.18632 2.6
      vertex -36.6268 -0.493484 2.6
    endloop
  endfacet
  facet normal 0 0 -1
    outer loop
      vertex -36.2021 1.20208 2.6
      vertex -37.192 2.19203 2.6
      vertex -36.9666 2.39633 2.6
    endloop
  endfacet
  facet normal 0 0 -1
    outer loop
      vertex -37.9665 -0.899882 2.6
      vertex -36.6268 -0.493484 2.6
      vertex -37.864 -1.18632 2.6
    endloop
  endfacet
  facet normal 0 0 -1
    outer loop
      vertex -36.3141 1.07847 2.6
      vertex -37.3963 1.96662 2.6
      vertex -37.192 2.19203 2.6
    endloop
  endfacet
  facet normal -0 0 -1
    outer loop
      vertex -36.6268 -0.493484 2.6
      vertex -37.9665 -0.899882 2.6
      vertex -36.6673 -0.331653 2.6
    endloop
  endfacet
  facet normal 0 0 -1
    outer loop
      vertex -36.4135 0.944468 2.6
      vertex -37.5776 1.72227 2.6
      vertex -37.3963 1.96662 2.6
    endloop
  endfacet
  facet normal 0 0 -1
    outer loop
      vertex -38.0404 -0.604779 2.6
      vertex -36.6673 -0.331653 2.6
      vertex -37.9665 -0.899882 2.6
    endloop
  endfacet
  facet normal 0 0 -1
    outer loop
      vertex -36.4993 0.801374 2.6
      vertex -37.734 1.46133 2.6
      vertex -37.5776 1.72227 2.6
    endloop
  endfacet
  facet normal -0 0 -1
    outer loop
      vertex -36.6673 -0.331653 2.6
      vertex -38.0404 -0.604779 2.6
      vertex -36.6918 -0.166629 2.6
    endloop
  endfacet
  facet normal 0 0 -1
    outer loop
      vertex -36.5706 0.650561 2.6
      vertex -37.864 1.18632 2.6
      vertex -37.734 1.46133 2.6
    endloop
  endfacet
  facet normal 0 0 -1
    outer loop
      vertex -38.0851 -0.303853 2.6
      vertex -36.6918 -0.166629 2.6
      vertex -38.0404 -0.604779 2.6
    endloop
  endfacet
  facet normal 0 0 -1
    outer loop
      vertex -36.6268 0.493484 2.6
      vertex -37.9665 0.899882 2.6
      vertex -37.864 1.18632 2.6
    endloop
  endfacet
  facet normal -0 0 -1
    outer loop
      vertex -36.6918 -0.166629 2.6
      vertex -38.0851 -0.303853 2.6
      vertex -36.7 0 2.6
    endloop
  endfacet
  facet normal 0 0 -1
    outer loop
      vertex -36.6673 0.331653 2.6
      vertex -38.0404 0.604779 2.6
      vertex -37.9665 0.899882 2.6
    endloop
  endfacet
  facet normal 0 0 -1
    outer loop
      vertex -38.1 0 2.6
      vertex -36.7 0 2.6
      vertex -38.0851 -0.303853 2.6
    endloop
  endfacet
  facet normal 0 0 -1
    outer loop
      vertex -36.6918 0.166629 2.6
      vertex -38.0851 0.303853 2.6
      vertex -38.0404 0.604779 2.6
    endloop
  endfacet
  facet normal 0 0 -1
    outer loop
      vertex -36.7 0 2.6
      vertex -38.1 0 2.6
      vertex -38.0851 0.303853 2.6
    endloop
  endfacet
  facet normal -0.671576 -0.740936 0
    outer loop
      vertex -33.0334 2.39633 0
      vertex -32.808 2.19203 2.6
      vertex -33.0334 2.39633 2.6
    endloop
  endfacet
  facet normal -0.671576 -0.740936 -0
    outer loop
      vertex -32.808 2.19203 2.6
      vertex -33.0334 2.39633 0
      vertex -32.808 2.19203 0
    endloop
  endfacet
  facet normal 0.336903 -0.941539 0
    outer loop
      vertex -36.1863 2.86403 0
      vertex -35.8999 2.96651 2.6
      vertex -36.1863 2.86403 2.6
    endloop
  endfacet
  facet normal 0.336903 -0.941539 0
    outer loop
      vertex -35.8999 2.96651 2.6
      vertex -36.1863 2.86403 0
      vertex -35.8999 2.96651 0
    endloop
  endfacet
  facet normal -0.427568 -0.903983 0
    outer loop
      vertex -33.8137 2.86403 0
      vertex -33.5387 2.73396 2.6
      vertex -33.8137 2.86403 2.6
    endloop
  endfacet
  facet normal -0.427568 -0.903983 -0
    outer loop
      vertex -33.5387 2.73396 2.6
      vertex -33.8137 2.86403 0
      vertex -33.5387 2.73396 0
    endloop
  endfacet
  facet normal 0.9988 -0.048978 -2.4787e-19
    outer loop
      vertex -38.1 0 2.6
      vertex -38.0851 0.303853 0
      vertex -38.0851 0.303853 2.6
    endloop
  endfacet
  facet normal 0.9988 -0.048978 -2.4787e-19
    outer loop
      vertex -38.0851 0.303853 0
      vertex -38.1 0 2.6
      vertex -38.1 0 0
    endloop
  endfacet
  facet normal -0.803085 -0.595864 2.03462e-19
    outer loop
      vertex -32.4224 1.72227 0
      vertex -32.6037 1.96662 2.6
      vertex -32.6037 1.96662 0
    endloop
  endfacet
  facet normal -0.803085 -0.595864 2.03462e-19
    outer loop
      vertex -32.6037 1.96662 2.6
      vertex -32.4224 1.72227 0
      vertex -32.4224 1.72227 2.6
    endloop
  endfacet
  facet normal -0.0490688 -0.998795 0
    outer loop
      vertex -35 3.1 0
      vertex -34.6961 3.08507 2.6
      vertex -35 3.1 2.6
    endloop
  endfacet
  facet normal -0.0490688 -0.998795 -0
    outer loop
      vertex -34.6961 3.08507 2.6
      vertex -35 3.1 0
      vertex -34.6961 3.08507 0
    endloop
  endfacet
  facet normal 0.671576 -0.740936 0
    outer loop
      vertex -37.192 2.19203 0
      vertex -36.9666 2.39633 2.6
      vertex -37.192 2.19203 2.6
    endloop
  endfacet
  facet normal 0.671576 -0.740936 0
    outer loop
      vertex -36.9666 2.39633 2.6
      vertex -37.192 2.19203 0
      vertex -36.9666 2.39633 0
    endloop
  endfacet
  facet normal -0.740951 -0.671559 3.41825e-18
    outer loop
      vertex -32.6037 1.96662 0
      vertex -32.808 2.19203 2.6
      vertex -32.808 2.19203 0
    endloop
  endfacet
  facet normal -0.740951 -0.671559 3.41825e-18
    outer loop
      vertex -32.808 2.19203 2.6
      vertex -32.6037 1.96662 0
      vertex -32.6037 1.96662 2.6
    endloop
  endfacet
  facet normal 0.242984 0.97003 -0
    outer loop
      vertex -35.6048 -3.04043 0
      vertex -35.8999 -2.96651 2.6
      vertex -35.6048 -3.04043 2.6
    endloop
  endfacet
  facet normal 0.242984 0.97003 0
    outer loop
      vertex -35.8999 -2.96651 2.6
      vertex -35.6048 -3.04043 0
      vertex -35.8999 -2.96651 0
    endloop
  endfacet
  facet normal -0.904078 -0.427367 -3.24135e-18
    outer loop
      vertex -32.136 1.18632 0
      vertex -32.266 1.46133 2.6
      vertex -32.266 1.46133 0
    endloop
  endfacet
  facet normal -0.904078 -0.427367 -3.24135e-18
    outer loop
      vertex -32.266 1.46133 2.6
      vertex -32.136 1.18632 0
      vertex -32.136 1.18632 2.6
    endloop
  endfacet
  facet normal -0.857731 0.514099 2.88753e-18
    outer loop
      vertex -32.4224 -1.72227 0
      vertex -32.266 -1.46133 2.6
      vertex -32.266 -1.46133 0
    endloop
  endfacet
  facet normal -0.857731 0.514099 2.88753e-18
    outer loop
      vertex -32.266 -1.46133 2.6
      vertex -32.4224 -1.72227 0
      vertex -32.4224 -1.72227 2.6
    endloop
  endfacet
  facet normal -0.336903 -0.941539 0
    outer loop
      vertex -34.1001 2.96651 0
      vertex -33.8137 2.86403 2.6
      vertex -34.1001 2.96651 2.6
    endloop
  endfacet
  facet normal -0.336903 -0.941539 -0
    outer loop
      vertex -33.8137 2.86403 2.6
      vertex -34.1001 2.96651 0
      vertex -33.8137 2.86403 0
    endloop
  endfacet
  facet normal 0.242984 -0.97003 0
    outer loop
      vertex -35.8999 2.96651 0
      vertex -35.6048 3.04043 2.6
      vertex -35.8999 2.96651 2.6
    endloop
  endfacet
  facet normal 0.242984 -0.97003 0
    outer loop
      vertex -35.6048 3.04043 2.6
      vertex -35.8999 2.96651 0
      vertex -35.6048 3.04043 0
    endloop
  endfacet
  facet normal -0.336903 0.941539 0
    outer loop
      vertex -33.8137 -2.86403 0
      vertex -34.1001 -2.96651 2.6
      vertex -33.8137 -2.86403 2.6
    endloop
  endfacet
  facet normal -0.336903 0.941539 0
    outer loop
      vertex -34.1001 -2.96651 2.6
      vertex -33.8137 -2.86403 0
      vertex -34.1001 -2.96651 0
    endloop
  endfacet
  facet normal 0.514012 -0.857783 0
    outer loop
      vertex -36.7223 2.57756 0
      vertex -36.4613 2.73396 2.6
      vertex -36.7223 2.57756 2.6
    endloop
  endfacet
  facet normal 0.514012 -0.857783 0
    outer loop
      vertex -36.4613 2.73396 2.6
      vertex -36.7223 2.57756 0
      vertex -36.4613 2.73396 0
    endloop
  endfacet
  facet normal 0.740951 -0.671559 -3.41825e-18
    outer loop
      vertex -37.3963 1.96662 2.6
      vertex -37.192 2.19203 0
      vertex -37.192 2.19203 2.6
    endloop
  endfacet
  facet normal 0.740951 -0.671559 -3.41825e-18
    outer loop
      vertex -37.192 2.19203 0
      vertex -37.3963 1.96662 2.6
      vertex -37.3963 1.96662 0
    endloop
  endfacet
  facet normal -0.857731 -0.514099 -2.88753e-18
    outer loop
      vertex -32.266 1.46133 0
      vertex -32.4224 1.72227 2.6
      vertex -32.4224 1.72227 0
    endloop
  endfacet
  facet normal -0.857731 -0.514099 -2.88753e-18
    outer loop
      vertex -32.4224 1.72227 2.6
      vertex -32.266 1.46133 0
      vertex -32.266 1.46133 2.6
    endloop
  endfacet
  facet normal 0.970046 -0.24292 8.67617e-19
    outer loop
      vertex -38.0404 0.604779 2.6
      vertex -37.9665 0.899882 0
      vertex -37.9665 0.899882 2.6
    endloop
  endfacet
  facet normal 0.970046 -0.24292 8.67617e-19
    outer loop
      vertex -37.9665 0.899882 0
      vertex -38.0404 0.604779 2.6
      vertex -38.0404 0.604779 0
    endloop
  endfacet
  facet normal 0.146749 -0.989174 0
    outer loop
      vertex -35.6048 3.04043 0
      vertex -35.3039 3.08507 2.6
      vertex -35.6048 3.04043 2.6
    endloop
  endfacet
  facet normal 0.146749 -0.989174 0
    outer loop
      vertex -35.3039 3.08507 2.6
      vertex -35.6048 3.04043 0
      vertex -35.3039 3.08507 0
    endloop
  endfacet
  facet normal 0.904078 0.427367 -3.24135e-18
    outer loop
      vertex -37.734 -1.46133 2.6
      vertex -37.864 -1.18632 0
      vertex -37.864 -1.18632 2.6
    endloop
  endfacet
  facet normal 0.904078 0.427367 -3.24135e-18
    outer loop
      vertex -37.864 -1.18632 0
      vertex -37.734 -1.46133 2.6
      vertex -37.734 -1.46133 0
    endloop
  endfacet
  facet normal -0.146749 0.989174 0
    outer loop
      vertex -34.3952 -3.04043 0
      vertex -34.6961 -3.08507 2.6
      vertex -34.3952 -3.04043 2.6
    endloop
  endfacet
  facet normal -0.146749 0.989174 0
    outer loop
      vertex -34.6961 -3.08507 2.6
      vertex -34.3952 -3.04043 0
      vertex -34.6961 -3.08507 0
    endloop
  endfacet
  facet normal 0.336903 0.941539 -0
    outer loop
      vertex -35.8999 -2.96651 0
      vertex -36.1863 -2.86403 2.6
      vertex -35.8999 -2.96651 2.6
    endloop
  endfacet
  facet normal 0.336903 0.941539 0
    outer loop
      vertex -36.1863 -2.86403 2.6
      vertex -35.8999 -2.96651 0
      vertex -36.1863 -2.86403 0
    endloop
  endfacet
  facet normal 0.671576 0.740936 -0
    outer loop
      vertex -36.9666 -2.39633 0
      vertex -37.192 -2.19203 2.6
      vertex -36.9666 -2.39633 2.6
    endloop
  endfacet
  facet normal 0.671576 0.740936 0
    outer loop
      vertex -37.192 -2.19203 2.6
      vertex -36.9666 -2.39633 0
      vertex -37.192 -2.19203 0
    endloop
  endfacet
  facet normal -0.671576 0.740936 0
    outer loop
      vertex -32.808 -2.19203 0
      vertex -33.0334 -2.39633 2.6
      vertex -32.808 -2.19203 2.6
    endloop
  endfacet
  facet normal -0.671576 0.740936 0
    outer loop
      vertex -33.0334 -2.39633 2.6
      vertex -32.808 -2.19203 0
      vertex -33.0334 -2.39633 0
    endloop
  endfacet
  facet normal 0.970046 0.24292 -8.67617e-19
    outer loop
      vertex -37.9665 -0.899882 2.6
      vertex -38.0404 -0.604779 0
      vertex -38.0404 -0.604779 2.6
    endloop
  endfacet
  facet normal 0.970046 0.24292 -8.67617e-19
    outer loop
      vertex -38.0404 -0.604779 0
      vertex -37.9665 -0.899882 2.6
      vertex -37.9665 -0.899882 0
    endloop
  endfacet
  facet normal -0.242984 0.97003 0
    outer loop
      vertex -34.1001 -2.96651 0
      vertex -34.3952 -3.04043 2.6
      vertex -34.1001 -2.96651 2.6
    endloop
  endfacet
  facet normal -0.242984 0.97003 0
    outer loop
      vertex -34.3952 -3.04043 2.6
      vertex -34.1001 -2.96651 0
      vertex -34.3952 -3.04043 0
    endloop
  endfacet
  facet normal 0.740951 0.671559 3.41825e-18
    outer loop
      vertex -37.192 -2.19203 2.6
      vertex -37.3963 -1.96662 0
      vertex -37.3963 -1.96662 2.6
    endloop
  endfacet
  facet normal 0.740951 0.671559 3.41825e-18
    outer loop
      vertex -37.3963 -1.96662 0
      vertex -37.192 -2.19203 2.6
      vertex -37.192 -2.19203 0
    endloop
  endfacet
  facet normal 0.989147 -0.146929 -4.10136e-19
    outer loop
      vertex -38.0851 0.303853 2.6
      vertex -38.0404 0.604779 0
      vertex -38.0404 0.604779 2.6
    endloop
  endfacet
  facet normal 0.989147 -0.146929 -4.10136e-19
    outer loop
      vertex -38.0404 0.604779 0
      vertex -38.0851 0.303853 2.6
      vertex -38.0851 0.303853 0
    endloop
  endfacet
  facet normal -0.242984 -0.97003 0
    outer loop
      vertex -34.3952 3.04043 0
      vertex -34.1001 2.96651 2.6
      vertex -34.3952 3.04043 2.6
    endloop
  endfacet
  facet normal -0.242984 -0.97003 -0
    outer loop
      vertex -34.1001 2.96651 2.6
      vertex -34.3952 3.04043 0
      vertex -34.1001 2.96651 0
    endloop
  endfacet
  facet normal 0.9988 0.048978 2.4787e-19
    outer loop
      vertex -38.0851 -0.303853 2.6
      vertex -38.1 0 0
      vertex -38.1 0 2.6
    endloop
  endfacet
  facet normal 0.9988 0.048978 2.4787e-19
    outer loop
      vertex -38.1 0 0
      vertex -38.0851 -0.303853 2.6
      vertex -38.0851 -0.303853 0
    endloop
  endfacet
  facet normal 0.941533 -0.336921 -2.14916e-18
    outer loop
      vertex -37.9665 0.899882 2.6
      vertex -37.864 1.18632 0
      vertex -37.864 1.18632 2.6
    endloop
  endfacet
  facet normal 0.941533 -0.336921 -2.14916e-18
    outer loop
      vertex -37.864 1.18632 0
      vertex -37.9665 0.899882 2.6
      vertex -37.9665 0.899882 0
    endloop
  endfacet
  facet normal -0.595794 0.803137 0
    outer loop
      vertex -33.0334 -2.39633 0
      vertex -33.2777 -2.57756 2.6
      vertex -33.0334 -2.39633 2.6
    endloop
  endfacet
  facet normal -0.595794 0.803137 0
    outer loop
      vertex -33.2777 -2.57756 2.6
      vertex -33.0334 -2.39633 0
      vertex -33.2777 -2.57756 0
    endloop
  endfacet
  facet normal 0.803085 -0.595864 -2.03462e-19
    outer loop
      vertex -37.5776 1.72227 2.6
      vertex -37.3963 1.96662 0
      vertex -37.3963 1.96662 2.6
    endloop
  endfacet
  facet normal 0.803085 -0.595864 -2.03462e-19
    outer loop
      vertex -37.3963 1.96662 0
      vertex -37.5776 1.72227 2.6
      vertex -37.5776 1.72227 0
    endloop
  endfacet
  facet normal 0.514012 0.857783 -0
    outer loop
      vertex -36.4613 -2.73396 0
      vertex -36.7223 -2.57756 2.6
      vertex -36.4613 -2.73396 2.6
    endloop
  endfacet
  facet normal 0.514012 0.857783 0
    outer loop
      vertex -36.7223 -2.57756 2.6
      vertex -36.4613 -2.73396 0
      vertex -36.7223 -2.57756 0
    endloop
  endfacet
  facet normal 0.904078 -0.427367 3.24135e-18
    outer loop
      vertex -37.864 1.18632 2.6
      vertex -37.734 1.46133 0
      vertex -37.734 1.46133 2.6
    endloop
  endfacet
  facet normal 0.904078 -0.427367 3.24135e-18
    outer loop
      vertex -37.734 1.46133 0
      vertex -37.864 1.18632 2.6
      vertex -37.864 1.18632 0
    endloop
  endfacet
  facet normal -0.904078 0.427367 3.24135e-18
    outer loop
      vertex -32.266 -1.46133 0
      vertex -32.136 -1.18632 2.6
      vertex -32.136 -1.18632 0
    endloop
  endfacet
  facet normal -0.904078 0.427367 3.24135e-18
    outer loop
      vertex -32.136 -1.18632 2.6
      vertex -32.266 -1.46133 0
      vertex -32.266 -1.46133 2.6
    endloop
  endfacet
  facet normal 0.0490688 0.998795 -0
    outer loop
      vertex -35 -3.1 0
      vertex -35.3039 -3.08507 2.6
      vertex -35 -3.1 2.6
    endloop
  endfacet
  facet normal 0.0490688 0.998795 0
    outer loop
      vertex -35.3039 -3.08507 2.6
      vertex -35 -3.1 0
      vertex -35.3039 -3.08507 0
    endloop
  endfacet
  facet normal 0.146749 0.989174 -0
    outer loop
      vertex -35.3039 -3.08507 0
      vertex -35.6048 -3.04043 2.6
      vertex -35.3039 -3.08507 2.6
    endloop
  endfacet
  facet normal 0.146749 0.989174 0
    outer loop
      vertex -35.6048 -3.04043 2.6
      vertex -35.3039 -3.08507 0
      vertex -35.6048 -3.04043 0
    endloop
  endfacet
  facet normal -0.146749 -0.989174 0
    outer loop
      vertex -34.6961 3.08507 0
      vertex -34.3952 3.04043 2.6
      vertex -34.6961 3.08507 2.6
    endloop
  endfacet
  facet normal -0.146749 -0.989174 -0
    outer loop
      vertex -34.3952 3.04043 2.6
      vertex -34.6961 3.08507 0
      vertex -34.3952 3.04043 0
    endloop
  endfacet
  facet normal 0.427568 0.903983 -0
    outer loop
      vertex -36.1863 -2.86403 0
      vertex -36.4613 -2.73396 2.6
      vertex -36.1863 -2.86403 2.6
    endloop
  endfacet
  facet normal 0.427568 0.903983 0
    outer loop
      vertex -36.4613 -2.73396 2.6
      vertex -36.1863 -2.86403 0
      vertex -36.4613 -2.73396 0
    endloop
  endfacet
  facet normal -0.67161 0.740905 0
    outer loop
      vertex -18.7979 -1.20208 2.6
      vertex -18.9215 -1.31412 6.3
      vertex -18.7979 -1.20208 6.3
    endloop
  endfacet
  facet normal -0.67161 0.740905 0
    outer loop
      vertex -18.9215 -1.31412 6.3
      vertex -18.7979 -1.20208 2.6
      vertex -18.9215 -1.31412 2.6
    endloop
  endfacet
  facet normal -0.989158 -0.146854 -5.45813e-19
    outer loop
      vertex -18.3082 0.166629 2.6
      vertex -18.3327 0.331653 6.3
      vertex -18.3327 0.331653 2.6
    endloop
  endfacet
  facet normal -0.989158 -0.146854 -5.45813e-19
    outer loop
      vertex -18.3327 0.331653 6.3
      vertex -18.3082 0.166629 2.6
      vertex -18.3082 0.166629 6.3
    endloop
  endfacet
  facet normal -0.998791 -0.0491516 2.23363e-20
    outer loop
      vertex -18.3 0 2.6
      vertex -18.3082 0.166629 6.3
      vertex -18.3082 0.166629 2.6
    endloop
  endfacet
  facet normal -0.998791 -0.0491516 2.23363e-20
    outer loop
      vertex -18.3082 0.166629 6.3
      vertex -18.3 0 2.6
      vertex -18.3 0 6.3
    endloop
  endfacet
  facet normal -0.970083 -0.242774 1.07608e-19
    outer loop
      vertex -18.3327 0.331653 2.6
      vertex -18.3732 0.493484 6.3
      vertex -18.3732 0.493484 2.6
    endloop
  endfacet
  facet normal -0.970083 -0.242774 1.07608e-19
    outer loop
      vertex -18.3732 0.493484 6.3
      vertex -18.3327 0.331653 2.6
      vertex -18.3327 0.331653 6.3
    endloop
  endfacet
  facet normal -0.42754 0.903996 0
    outer loop
      vertex -19.1986 -1.49927 2.6
      vertex -19.3494 -1.57059 6.3
      vertex -19.1986 -1.49927 6.3
    endloop
  endfacet
  facet normal -0.42754 0.903996 0
    outer loop
      vertex -19.3494 -1.57059 6.3
      vertex -19.1986 -1.49927 2.6
      vertex -19.3494 -1.57059 2.6
    endloop
  endfacet
  facet normal 0.0491004 -0.998794 0
    outer loop
      vertex -20.1666 1.69181 2.6
      vertex -20 1.7 6.3
      vertex -20.1666 1.69181 6.3
    endloop
  endfacet
  facet normal 0.0491004 -0.998794 0
    outer loop
      vertex -20 1.7 6.3
      vertex -20.1666 1.69181 2.6
      vertex -20 1.7 2.6
    endloop
  endfacet
  facet normal 0.42754 -0.903996 0
    outer loop
      vertex -20.8014 1.49927 2.6
      vertex -20.6506 1.57059 6.3
      vertex -20.8014 1.49927 6.3
    endloop
  endfacet
  facet normal 0.42754 -0.903996 0
    outer loop
      vertex -20.6506 1.57059 6.3
      vertex -20.8014 1.49927 2.6
      vertex -20.6506 1.57059 2.6
    endloop
  endfacet
  facet normal -0.741051 -0.671448 -6.28631e-19
    outer loop
      vertex -18.6859 1.07847 2.6
      vertex -18.7979 1.20208 6.3
      vertex -18.7979 1.20208 2.6
    endloop
  endfacet
  facet normal -0.741051 -0.671448 -6.28631e-19
    outer loop
      vertex -18.7979 1.20208 6.3
      vertex -18.6859 1.07847 2.6
      vertex -18.6859 1.07847 6.3
    endloop
  endfacet
  facet normal 0.14667 0.989185 -0
    outer loop
      vertex -20.1666 -1.69181 2.6
      vertex -20.3317 -1.66733 6.3
      vertex -20.1666 -1.69181 6.3
    endloop
  endfacet
  facet normal 0.14667 0.989185 0
    outer loop
      vertex -20.3317 -1.66733 6.3
      vertex -20.1666 -1.69181 2.6
      vertex -20.3317 -1.66733 2.6
    endloop
  endfacet
  facet normal -0.42754 -0.903996 0
    outer loop
      vertex -19.3494 1.57059 2.6
      vertex -19.1986 1.49927 6.3
      vertex -19.3494 1.57059 6.3
    endloop
  endfacet
  facet normal -0.42754 -0.903996 -0
    outer loop
      vertex -19.1986 1.49927 6.3
      vertex -19.3494 1.57059 2.6
      vertex -19.1986 1.49927 2.6
    endloop
  endfacet
  facet normal 0.14667 -0.989185 0
    outer loop
      vertex -20.3317 1.66733 2.6
      vertex -20.1666 1.69181 6.3
      vertex -20.3317 1.66733 6.3
    endloop
  endfacet
  facet normal 0.14667 -0.989185 0
    outer loop
      vertex -20.1666 1.69181 6.3
      vertex -20.3317 1.66733 2.6
      vertex -20.1666 1.69181 2.6
    endloop
  endfacet
  facet normal -0.242987 0.97003 0
    outer loop
      vertex -19.5065 -1.6268 2.6
      vertex -19.6683 -1.66733 6.3
      vertex -19.5065 -1.6268 6.3
    endloop
  endfacet
  facet normal -0.242987 0.97003 0
    outer loop
      vertex -19.6683 -1.66733 6.3
      vertex -19.5065 -1.6268 2.6
      vertex -19.6683 -1.66733 2.6
    endloop
  endfacet
  facet normal 0.595695 -0.803211 0
    outer loop
      vertex -21.0785 1.31412 2.6
      vertex -20.9445 1.4135 6.3
      vertex -21.0785 1.31412 6.3
    endloop
  endfacet
  facet normal 0.595695 -0.803211 0
    outer loop
      vertex -20.9445 1.4135 6.3
      vertex -21.0785 1.31412 2.6
      vertex -20.9445 1.4135 2.6
    endloop
  endfacet
  facet normal 0.904057 -0.427412 1.01715e-18
    outer loop
      vertex -21.5706 0.650561 6.3
      vertex -21.4993 0.801374 2.6
      vertex -21.4993 0.801374 6.3
    endloop
  endfacet
  facet normal 0.904057 -0.427412 1.01715e-18
    outer loop
      vertex -21.4993 0.801374 2.6
      vertex -21.5706 0.650561 6.3
      vertex -21.5706 0.650561 2.6
    endloop
  endfacet
  facet normal 0.42754 0.903996 -0
    outer loop
      vertex -20.6506 -1.57059 2.6
      vertex -20.8014 -1.49927 6.3
      vertex -20.6506 -1.57059 6.3
    endloop
  endfacet
  facet normal 0.42754 0.903996 0
    outer loop
      vertex -20.8014 -1.49927 6.3
      vertex -20.6506 -1.57059 2.6
      vertex -20.8014 -1.49927 2.6
    endloop
  endfacet
  facet normal 0.595695 0.803211 -0
    outer loop
      vertex -20.9445 -1.4135 2.6
      vertex -21.0785 -1.31412 6.3
      vertex -20.9445 -1.4135 6.3
    endloop
  endfacet
  facet normal 0.595695 0.803211 0
    outer loop
      vertex -21.0785 -1.31412 6.3
      vertex -20.9445 -1.4135 2.6
      vertex -21.0785 -1.31412 2.6
    endloop
  endfacet
  facet normal 0.904057 0.427412 -1.01715e-18
    outer loop
      vertex -21.4993 -0.801374 6.3
      vertex -21.5706 -0.650561 2.6
      vertex -21.5706 -0.650561 6.3
    endloop
  endfacet
  facet normal 0.904057 0.427412 -1.01715e-18
    outer loop
      vertex -21.5706 -0.650561 2.6
      vertex -21.4993 -0.801374 6.3
      vertex -21.4993 -0.801374 2.6
    endloop
  endfacet
  facet normal -0.514099 -0.857731 0
    outer loop
      vertex -19.1986 1.49927 2.6
      vertex -19.0555 1.4135 6.3
      vertex -19.1986 1.49927 6.3
    endloop
  endfacet
  facet normal -0.514099 -0.857731 -0
    outer loop
      vertex -19.0555 1.4135 6.3
      vertex -19.1986 1.49927 2.6
      vertex -19.0555 1.4135 2.6
    endloop
  endfacet
  facet normal 0.998791 0.0491516 2.23363e-20
    outer loop
      vertex -21.6918 -0.166629 6.3
      vertex -21.7 0 2.6
      vertex -21.7 0 6.3
    endloop
  endfacet
  facet normal 0.998791 0.0491516 2.23363e-20
    outer loop
      vertex -21.7 0 2.6
      vertex -21.6918 -0.166629 6.3
      vertex -21.6918 -0.166629 2.6
    endloop
  endfacet
  facet normal 0.336883 0.941546 -0
    outer loop
      vertex -20.4935 -1.6268 2.6
      vertex -20.6506 -1.57059 6.3
      vertex -20.4935 -1.6268 6.3
    endloop
  endfacet
  facet normal 0.336883 0.941546 0
    outer loop
      vertex -20.6506 -1.57059 6.3
      vertex -20.4935 -1.6268 2.6
      vertex -20.6506 -1.57059 2.6
    endloop
  endfacet
  facet normal -0.595695 -0.803211 0
    outer loop
      vertex -19.0555 1.4135 2.6
      vertex -18.9215 1.31412 6.3
      vertex -19.0555 1.4135 6.3
    endloop
  endfacet
  facet normal -0.595695 -0.803211 -0
    outer loop
      vertex -18.9215 1.31412 6.3
      vertex -19.0555 1.4135 2.6
      vertex -18.9215 1.31412 2.6
    endloop
  endfacet
  facet normal -0.970083 0.242774 -1.07608e-19
    outer loop
      vertex -18.3732 -0.493484 2.6
      vertex -18.3327 -0.331653 6.3
      vertex -18.3327 -0.331653 2.6
    endloop
  endfacet
  facet normal -0.970083 0.242774 -1.07608e-19
    outer loop
      vertex -18.3327 -0.331653 6.3
      vertex -18.3732 -0.493484 2.6
      vertex -18.3732 -0.493484 6.3
    endloop
  endfacet
  facet normal 0.514099 -0.857731 0
    outer loop
      vertex -20.9445 1.4135 2.6
      vertex -20.8014 1.49927 6.3
      vertex -20.9445 1.4135 6.3
    endloop
  endfacet
  facet normal 0.514099 -0.857731 0
    outer loop
      vertex -20.8014 1.49927 6.3
      vertex -20.9445 1.4135 2.6
      vertex -20.8014 1.49927 2.6
    endloop
  endfacet
  facet normal 0.94155 0.336874 -7.84993e-19
    outer loop
      vertex -21.5706 -0.650561 6.3
      vertex -21.6268 -0.493484 2.6
      vertex -21.6268 -0.493484 6.3
    endloop
  endfacet
  facet normal 0.94155 0.336874 -7.84993e-19
    outer loop
      vertex -21.6268 -0.493484 2.6
      vertex -21.5706 -0.650561 6.3
      vertex -21.5706 -0.650561 2.6
    endloop
  endfacet
  facet normal -0.242987 -0.97003 0
    outer loop
      vertex -19.6683 1.66733 2.6
      vertex -19.5065 1.6268 6.3
      vertex -19.6683 1.66733 6.3
    endloop
  endfacet
  facet normal -0.242987 -0.97003 -0
    outer loop
      vertex -19.5065 1.6268 6.3
      vertex -19.6683 1.66733 2.6
      vertex -19.5065 1.6268 2.6
    endloop
  endfacet
  facet normal 0.741051 -0.671448 6.28631e-19
    outer loop
      vertex -21.3141 1.07847 6.3
      vertex -21.2021 1.20208 2.6
      vertex -21.2021 1.20208 6.3
    endloop
  endfacet
  facet normal 0.741051 -0.671448 6.28631e-19
    outer loop
      vertex -21.2021 1.20208 2.6
      vertex -21.3141 1.07847 6.3
      vertex -21.3141 1.07847 2.6
    endloop
  endfacet
  facet normal -0.0491004 0.998794 0
    outer loop
      vertex -19.8334 -1.69181 2.6
      vertex -20 -1.7 6.3
      vertex -19.8334 -1.69181 6.3
    endloop
  endfacet
  facet normal -0.0491004 0.998794 0
    outer loop
      vertex -20 -1.7 6.3
      vertex -19.8334 -1.69181 2.6
      vertex -20 -1.7 2.6
    endloop
  endfacet
  facet normal -0.803158 -0.595766 1.34549e-18
    outer loop
      vertex -18.5865 0.944468 2.6
      vertex -18.6859 1.07847 6.3
      vertex -18.6859 1.07847 2.6
    endloop
  endfacet
  facet normal -0.803158 -0.595766 1.34549e-18
    outer loop
      vertex -18.6859 1.07847 6.3
      vertex -18.5865 0.944468 2.6
      vertex -18.5865 0.944468 6.3
    endloop
  endfacet
  facet normal 0.970083 0.242774 1.07608e-19
    outer loop
      vertex -21.6268 -0.493484 6.3
      vertex -21.6673 -0.331653 2.6
      vertex -21.6673 -0.331653 6.3
    endloop
  endfacet
  facet normal 0.970083 0.242774 1.07608e-19
    outer loop
      vertex -21.6673 -0.331653 2.6
      vertex -21.6268 -0.493484 6.3
      vertex -21.6268 -0.493484 2.6
    endloop
  endfacet
  facet normal -0.989158 0.146854 5.45813e-19
    outer loop
      vertex -18.3327 -0.331653 2.6
      vertex -18.3082 -0.166629 6.3
      vertex -18.3082 -0.166629 2.6
    endloop
  endfacet
  facet normal -0.989158 0.146854 5.45813e-19
    outer loop
      vertex -18.3082 -0.166629 6.3
      vertex -18.3327 -0.331653 2.6
      vertex -18.3327 -0.331653 6.3
    endloop
  endfacet
  facet normal -0.514099 0.857731 0
    outer loop
      vertex -19.0555 -1.4135 2.6
      vertex -19.1986 -1.49927 6.3
      vertex -19.0555 -1.4135 6.3
    endloop
  endfacet
  facet normal -0.514099 0.857731 0
    outer loop
      vertex -19.1986 -1.49927 6.3
      vertex -19.0555 -1.4135 2.6
      vertex -19.1986 -1.49927 2.6
    endloop
  endfacet
  facet normal 0.94155 -0.336874 7.84993e-19
    outer loop
      vertex -21.6268 0.493484 6.3
      vertex -21.5706 0.650561 2.6
      vertex -21.5706 0.650561 6.3
    endloop
  endfacet
  facet normal 0.94155 -0.336874 7.84993e-19
    outer loop
      vertex -21.5706 0.650561 2.6
      vertex -21.6268 0.493484 6.3
      vertex -21.6268 0.493484 2.6
    endloop
  endfacet
  facet normal 0.989158 -0.146854 5.45813e-19
    outer loop
      vertex -21.6918 0.166629 6.3
      vertex -21.6673 0.331653 2.6
      vertex -21.6673 0.331653 6.3
    endloop
  endfacet
  facet normal 0.989158 -0.146854 5.45813e-19
    outer loop
      vertex -21.6673 0.331653 2.6
      vertex -21.6918 0.166629 6.3
      vertex -21.6918 0.166629 2.6
    endloop
  endfacet
  facet normal -0.904057 0.427412 1.01715e-18
    outer loop
      vertex -18.5007 -0.801374 2.6
      vertex -18.4294 -0.650561 6.3
      vertex -18.4294 -0.650561 2.6
    endloop
  endfacet
  facet normal -0.904057 0.427412 1.01715e-18
    outer loop
      vertex -18.4294 -0.650561 6.3
      vertex -18.5007 -0.801374 2.6
      vertex -18.5007 -0.801374 6.3
    endloop
  endfacet
  facet normal -0.336883 -0.941546 0
    outer loop
      vertex -19.5065 1.6268 2.6
      vertex -19.3494 1.57059 6.3
      vertex -19.5065 1.6268 6.3
    endloop
  endfacet
  facet normal -0.336883 -0.941546 -0
    outer loop
      vertex -19.3494 1.57059 6.3
      vertex -19.5065 1.6268 2.6
      vertex -19.3494 1.57059 2.6
    endloop
  endfacet
  facet normal -0.998791 0.0491516 -2.23363e-20
    outer loop
      vertex -18.3082 -0.166629 2.6
      vertex -18.3 0 6.3
      vertex -18.3 0 2.6
    endloop
  endfacet
  facet normal -0.998791 0.0491516 -2.23363e-20
    outer loop
      vertex -18.3 0 6.3
      vertex -18.3082 -0.166629 2.6
      vertex -18.3082 -0.166629 6.3
    endloop
  endfacet
  facet normal -0.14667 0.989185 0
    outer loop
      vertex -19.6683 -1.66733 2.6
      vertex -19.8334 -1.69181 6.3
      vertex -19.6683 -1.66733 6.3
    endloop
  endfacet
  facet normal -0.14667 0.989185 0
    outer loop
      vertex -19.8334 -1.69181 6.3
      vertex -19.6683 -1.66733 2.6
      vertex -19.8334 -1.69181 2.6
    endloop
  endfacet
  facet normal -0.94155 -0.336874 -7.84993e-19
    outer loop
      vertex -18.3732 0.493484 2.6
      vertex -18.4294 0.650561 6.3
      vertex -18.4294 0.650561 2.6
    endloop
  endfacet
  facet normal -0.94155 -0.336874 -7.84993e-19
    outer loop
      vertex -18.4294 0.650561 6.3
      vertex -18.3732 0.493484 2.6
      vertex -18.3732 0.493484 6.3
    endloop
  endfacet
  facet normal -0.803158 0.595766 -1.34549e-18
    outer loop
      vertex -18.6859 -1.07847 2.6
      vertex -18.5865 -0.944468 6.3
      vertex -18.5865 -0.944468 2.6
    endloop
  endfacet
  facet normal -0.803158 0.595766 -1.34549e-18
    outer loop
      vertex -18.5865 -0.944468 6.3
      vertex -18.6859 -1.07847 2.6
      vertex -18.6859 -1.07847 6.3
    endloop
  endfacet
  facet normal -0.857642 0.514247 -1.37013e-18
    outer loop
      vertex -18.5865 -0.944468 2.6
      vertex -18.5007 -0.801374 6.3
      vertex -18.5007 -0.801374 2.6
    endloop
  endfacet
  facet normal -0.857642 0.514247 -1.37013e-18
    outer loop
      vertex -18.5007 -0.801374 6.3
      vertex -18.5865 -0.944468 2.6
      vertex -18.5865 -0.944468 6.3
    endloop
  endfacet
  facet normal 0.242987 -0.97003 0
    outer loop
      vertex -20.4935 1.6268 2.6
      vertex -20.3317 1.66733 6.3
      vertex -20.4935 1.6268 6.3
    endloop
  endfacet
  facet normal 0.242987 -0.97003 0
    outer loop
      vertex -20.3317 1.66733 6.3
      vertex -20.4935 1.6268 2.6
      vertex -20.3317 1.66733 2.6
    endloop
  endfacet
  facet normal -0.94155 0.336874 7.84993e-19
    outer loop
      vertex -18.4294 -0.650561 2.6
      vertex -18.3732 -0.493484 6.3
      vertex -18.3732 -0.493484 2.6
    endloop
  endfacet
  facet normal -0.94155 0.336874 7.84993e-19
    outer loop
      vertex -18.3732 -0.493484 6.3
      vertex -18.4294 -0.650561 2.6
      vertex -18.4294 -0.650561 6.3
    endloop
  endfacet
  facet normal -0.0491004 -0.998794 0
    outer loop
      vertex -20 1.7 2.6
      vertex -19.8334 1.69181 6.3
      vertex -20 1.7 6.3
    endloop
  endfacet
  facet normal -0.0491004 -0.998794 -0
    outer loop
      vertex -19.8334 1.69181 6.3
      vertex -20 1.7 2.6
      vertex -19.8334 1.69181 2.6
    endloop
  endfacet
  facet normal -0.904057 -0.427412 -1.01715e-18
    outer loop
      vertex -18.4294 0.650561 2.6
      vertex -18.5007 0.801374 6.3
      vertex -18.5007 0.801374 2.6
    endloop
  endfacet
  facet normal -0.904057 -0.427412 -1.01715e-18
    outer loop
      vertex -18.5007 0.801374 6.3
      vertex -18.4294 0.650561 2.6
      vertex -18.4294 0.650561 6.3
    endloop
  endfacet
  facet normal -0.14667 -0.989185 0
    outer loop
      vertex -19.8334 1.69181 2.6
      vertex -19.6683 1.66733 6.3
      vertex -19.8334 1.69181 6.3
    endloop
  endfacet
  facet normal -0.14667 -0.989185 -0
    outer loop
      vertex -19.6683 1.66733 6.3
      vertex -19.8334 1.69181 2.6
      vertex -19.6683 1.66733 2.6
    endloop
  endfacet
  facet normal 0.242987 0.97003 -0
    outer loop
      vertex -20.3317 -1.66733 2.6
      vertex -20.4935 -1.6268 6.3
      vertex -20.3317 -1.66733 6.3
    endloop
  endfacet
  facet normal 0.242987 0.97003 0
    outer loop
      vertex -20.4935 -1.6268 6.3
      vertex -20.3317 -1.66733 2.6
      vertex -20.4935 -1.6268 2.6
    endloop
  endfacet
  facet normal 0.857642 0.514247 1.37013e-18
    outer loop
      vertex -21.4135 -0.944468 6.3
      vertex -21.4993 -0.801374 2.6
      vertex -21.4993 -0.801374 6.3
    endloop
  endfacet
  facet normal 0.857642 0.514247 1.37013e-18
    outer loop
      vertex -21.4993 -0.801374 2.6
      vertex -21.4135 -0.944468 6.3
      vertex -21.4135 -0.944468 2.6
    endloop
  endfacet
  facet normal -0.857642 -0.514247 1.37013e-18
    outer loop
      vertex -18.5007 0.801374 2.6
      vertex -18.5865 0.944468 6.3
      vertex -18.5865 0.944468 2.6
    endloop
  endfacet
  facet normal -0.857642 -0.514247 1.37013e-18
    outer loop
      vertex -18.5865 0.944468 6.3
      vertex -18.5007 0.801374 2.6
      vertex -18.5007 0.801374 6.3
    endloop
  endfacet
  facet normal 0.336883 -0.941546 0
    outer loop
      vertex -20.6506 1.57059 2.6
      vertex -20.4935 1.6268 6.3
      vertex -20.6506 1.57059 6.3
    endloop
  endfacet
  facet normal 0.336883 -0.941546 0
    outer loop
      vertex -20.4935 1.6268 6.3
      vertex -20.6506 1.57059 2.6
      vertex -20.4935 1.6268 2.6
    endloop
  endfacet
  facet normal 0.741051 0.671448 -6.28631e-19
    outer loop
      vertex -21.2021 -1.20208 6.3
      vertex -21.3141 -1.07847 2.6
      vertex -21.3141 -1.07847 6.3
    endloop
  endfacet
  facet normal 0.741051 0.671448 -6.28631e-19
    outer loop
      vertex -21.3141 -1.07847 2.6
      vertex -21.2021 -1.20208 6.3
      vertex -21.2021 -1.20208 2.6
    endloop
  endfacet
  facet normal 0.67161 -0.740905 0
    outer loop
      vertex -21.2021 1.20208 2.6
      vertex -21.0785 1.31412 6.3
      vertex -21.2021 1.20208 6.3
    endloop
  endfacet
  facet normal 0.67161 -0.740905 0
    outer loop
      vertex -21.0785 1.31412 6.3
      vertex -21.2021 1.20208 2.6
      vertex -21.0785 1.31412 2.6
    endloop
  endfacet
  facet normal 0.514099 0.857731 -0
    outer loop
      vertex -20.8014 -1.49927 2.6
      vertex -20.9445 -1.4135 6.3
      vertex -20.8014 -1.49927 6.3
    endloop
  endfacet
  facet normal 0.514099 0.857731 0
    outer loop
      vertex -20.9445 -1.4135 6.3
      vertex -20.8014 -1.49927 2.6
      vertex -20.9445 -1.4135 2.6
    endloop
  endfacet
  facet normal 0.970083 -0.242774 -1.07608e-19
    outer loop
      vertex -21.6673 0.331653 6.3
      vertex -21.6268 0.493484 2.6
      vertex -21.6268 0.493484 6.3
    endloop
  endfacet
  facet normal 0.970083 -0.242774 -1.07608e-19
    outer loop
      vertex -21.6268 0.493484 2.6
      vertex -21.6673 0.331653 6.3
      vertex -21.6673 0.331653 2.6
    endloop
  endfacet
  facet normal -0.67161 -0.740905 0
    outer loop
      vertex -18.9215 1.31412 2.6
      vertex -18.7979 1.20208 6.3
      vertex -18.9215 1.31412 6.3
    endloop
  endfacet
  facet normal -0.67161 -0.740905 -0
    outer loop
      vertex -18.7979 1.20208 6.3
      vertex -18.9215 1.31412 2.6
      vertex -18.7979 1.20208 2.6
    endloop
  endfacet
  facet normal -0.336883 0.941546 0
    outer loop
      vertex -19.3494 -1.57059 2.6
      vertex -19.5065 -1.6268 6.3
      vertex -19.3494 -1.57059 6.3
    endloop
  endfacet
  facet normal -0.336883 0.941546 0
    outer loop
      vertex -19.5065 -1.6268 6.3
      vertex -19.3494 -1.57059 2.6
      vertex -19.5065 -1.6268 2.6
    endloop
  endfacet
  facet normal 0.803158 0.595766 1.34549e-18
    outer loop
      vertex -21.3141 -1.07847 6.3
      vertex -21.4135 -0.944468 2.6
      vertex -21.4135 -0.944468 6.3
    endloop
  endfacet
  facet normal 0.803158 0.595766 1.34549e-18
    outer loop
      vertex -21.4135 -0.944468 2.6
      vertex -21.3141 -1.07847 6.3
      vertex -21.3141 -1.07847 2.6
    endloop
  endfacet
  facet normal 0.989158 0.146854 -5.45813e-19
    outer loop
      vertex -21.6673 -0.331653 6.3
      vertex -21.6918 -0.166629 2.6
      vertex -21.6918 -0.166629 6.3
    endloop
  endfacet
  facet normal 0.989158 0.146854 -5.45813e-19
    outer loop
      vertex -21.6918 -0.166629 2.6
      vertex -21.6673 -0.331653 6.3
      vertex -21.6673 -0.331653 2.6
    endloop
  endfacet
  facet normal -0.595695 0.803211 0
    outer loop
      vertex -18.9215 -1.31412 2.6
      vertex -19.0555 -1.4135 6.3
      vertex -18.9215 -1.31412 6.3
    endloop
  endfacet
  facet normal -0.595695 0.803211 0
    outer loop
      vertex -19.0555 -1.4135 6.3
      vertex -18.9215 -1.31412 2.6
      vertex -19.0555 -1.4135 2.6
    endloop
  endfacet
  facet normal 0.67161 0.740905 -0
    outer loop
      vertex -21.0785 -1.31412 2.6
      vertex -21.2021 -1.20208 6.3
      vertex -21.0785 -1.31412 6.3
    endloop
  endfacet
  facet normal 0.67161 0.740905 0
    outer loop
      vertex -21.2021 -1.20208 6.3
      vertex -21.0785 -1.31412 2.6
      vertex -21.2021 -1.20208 2.6
    endloop
  endfacet
  facet normal 0.803158 -0.595766 -1.34549e-18
    outer loop
      vertex -21.4135 0.944468 6.3
      vertex -21.3141 1.07847 2.6
      vertex -21.3141 1.07847 6.3
    endloop
  endfacet
  facet normal 0.803158 -0.595766 -1.34549e-18
    outer loop
      vertex -21.3141 1.07847 2.6
      vertex -21.4135 0.944468 6.3
      vertex -21.4135 0.944468 2.6
    endloop
  endfacet
  facet normal 0.857642 -0.514247 -1.37013e-18
    outer loop
      vertex -21.4993 0.801374 6.3
      vertex -21.4135 0.944468 2.6
      vertex -21.4135 0.944468 6.3
    endloop
  endfacet
  facet normal 0.857642 -0.514247 -1.37013e-18
    outer loop
      vertex -21.4135 0.944468 2.6
      vertex -21.4993 0.801374 6.3
      vertex -21.4993 0.801374 2.6
    endloop
  endfacet
  facet normal 0.0491004 0.998794 -0
    outer loop
      vertex -20 -1.7 2.6
      vertex -20.1666 -1.69181 6.3
      vertex -20 -1.7 6.3
    endloop
  endfacet
  facet normal 0.0491004 0.998794 0
    outer loop
      vertex -20.1666 -1.69181 6.3
      vertex -20 -1.7 2.6
      vertex -20.1666 -1.69181 2.6
    endloop
  endfacet
  facet normal 0.998791 -0.0491516 -2.23363e-20
    outer loop
      vertex -21.7 0 6.3
      vertex -21.6918 0.166629 2.6
      vertex -21.6918 0.166629 6.3
    endloop
  endfacet
  facet normal 0.998791 -0.0491516 -2.23363e-20
    outer loop
      vertex -21.6918 0.166629 2.6
      vertex -21.7 0 6.3
      vertex -21.7 0 2.6
    endloop
  endfacet
  facet normal -0.741051 0.671448 6.28631e-19
    outer loop
      vertex -18.7979 -1.20208 2.6
      vertex -18.6859 -1.07847 6.3
      vertex -18.6859 -1.07847 2.6
    endloop
  endfacet
  facet normal -0.741051 0.671448 6.28631e-19
    outer loop
      vertex -18.6859 -1.07847 6.3
      vertex -18.7979 -1.20208 2.6
      vertex -18.7979 -1.20208 6.3
    endloop
  endfacet
  facet normal -0.989147 -0.146929 4.10136e-19
    outer loop
      vertex -16.9149 0.303853 0
      vertex -16.9596 0.604779 2.6
      vertex -16.9596 0.604779 0
    endloop
  endfacet
  facet normal -0.989147 -0.146929 4.10136e-19
    outer loop
      vertex -16.9596 0.604779 2.6
      vertex -16.9149 0.303853 0
      vertex -16.9149 0.303853 2.6
    endloop
  endfacet
  facet normal -0.9988 -0.048978 -2.10625e-19
    outer loop
      vertex -16.9 0 0
      vertex -16.9149 0.303853 2.6
      vertex -16.9149 0.303853 0
    endloop
  endfacet
  facet normal -0.9988 -0.048978 -2.10625e-19
    outer loop
      vertex -16.9149 0.303853 2.6
      vertex -16.9 0 0
      vertex -16.9 0 2.6
    endloop
  endfacet
  facet normal -0.970046 -0.24292 1.89166e-18
    outer loop
      vertex -16.9596 0.604779 0
      vertex -17.0335 0.899882 2.6
      vertex -17.0335 0.899882 0
    endloop
  endfacet
  facet normal -0.970046 -0.24292 1.89166e-18
    outer loop
      vertex -17.0335 0.899882 2.6
      vertex -16.9596 0.604779 0
      vertex -16.9596 0.604779 2.6
    endloop
  endfacet
  facet normal -0.803085 0.595864 -2.03462e-19
    outer loop
      vertex -17.6037 -1.96662 0
      vertex -17.4224 -1.72227 2.6
      vertex -17.4224 -1.72227 0
    endloop
  endfacet
  facet normal -0.803085 0.595864 -2.03462e-19
    outer loop
      vertex -17.4224 -1.72227 2.6
      vertex -17.6037 -1.96662 0
      vertex -17.6037 -1.96662 2.6
    endloop
  endfacet
  facet normal -0.0490688 0.998795 0
    outer loop
      vertex -19.6961 -3.08507 0
      vertex -20 -3.1 2.6
      vertex -19.6961 -3.08507 2.6
    endloop
  endfacet
  facet normal -0.0490688 0.998795 0
    outer loop
      vertex -20 -3.1 2.6
      vertex -19.6961 -3.08507 0
      vertex -20 -3.1 0
    endloop
  endfacet
  facet normal -0.514012 0.857783 0
    outer loop
      vertex -18.2777 -2.57756 0
      vertex -18.5387 -2.73396 2.6
      vertex -18.2777 -2.57756 2.6
    endloop
  endfacet
  facet normal -0.514012 0.857783 0
    outer loop
      vertex -18.5387 -2.73396 2.6
      vertex -18.2777 -2.57756 0
      vertex -18.5387 -2.73396 0
    endloop
  endfacet
  facet normal 0.427568 -0.903983 0
    outer loop
      vertex -21.4613 2.73396 0
      vertex -21.1863 2.86403 2.6
      vertex -21.4613 2.73396 2.6
    endloop
  endfacet
  facet normal 0.427568 -0.903983 0
    outer loop
      vertex -21.1863 2.86403 2.6
      vertex -21.4613 2.73396 0
      vertex -21.1863 2.86403 0
    endloop
  endfacet
  facet normal -0.514012 -0.857783 0
    outer loop
      vertex -18.5387 2.73396 0
      vertex -18.2777 2.57756 2.6
      vertex -18.5387 2.73396 2.6
    endloop
  endfacet
  facet normal -0.514012 -0.857783 -0
    outer loop
      vertex -18.2777 2.57756 2.6
      vertex -18.5387 2.73396 0
      vertex -18.2777 2.57756 0
    endloop
  endfacet
  facet normal 0.0490688 -0.998795 0
    outer loop
      vertex -20.3039 3.08507 0
      vertex -20 3.1 2.6
      vertex -20.3039 3.08507 2.6
    endloop
  endfacet
  facet normal 0.0490688 -0.998795 0
    outer loop
      vertex -20 3.1 2.6
      vertex -20.3039 3.08507 0
      vertex -20 3.1 0
    endloop
  endfacet
  facet normal 0.803085 0.595864 2.03462e-19
    outer loop
      vertex -22.3963 -1.96662 2.6
      vertex -22.5776 -1.72227 0
      vertex -22.5776 -1.72227 2.6
    endloop
  endfacet
  facet normal 0.803085 0.595864 2.03462e-19
    outer loop
      vertex -22.5776 -1.72227 0
      vertex -22.3963 -1.96662 2.6
      vertex -22.3963 -1.96662 0
    endloop
  endfacet
  facet normal -0.941533 -0.336921 5.04429e-19
    outer loop
      vertex -17.0335 0.899882 0
      vertex -17.136 1.18632 2.6
      vertex -17.136 1.18632 0
    endloop
  endfacet
  facet normal -0.941533 -0.336921 5.04429e-19
    outer loop
      vertex -17.136 1.18632 2.6
      vertex -17.0335 0.899882 0
      vertex -17.0335 0.899882 2.6
    endloop
  endfacet
  facet normal -0.941533 0.336921 -5.04429e-19
    outer loop
      vertex -17.136 -1.18632 0
      vertex -17.0335 -0.899882 2.6
      vertex -17.0335 -0.899882 0
    endloop
  endfacet
  facet normal -0.941533 0.336921 -5.04429e-19
    outer loop
      vertex -17.0335 -0.899882 2.6
      vertex -17.136 -1.18632 0
      vertex -17.136 -1.18632 2.6
    endloop
  endfacet
  facet normal 0.857731 0.514099 2.38725e-18
    outer loop
      vertex -22.5776 -1.72227 2.6
      vertex -22.734 -1.46133 0
      vertex -22.734 -1.46133 2.6
    endloop
  endfacet
  facet normal 0.857731 0.514099 2.38725e-18
    outer loop
      vertex -22.734 -1.46133 0
      vertex -22.5776 -1.72227 2.6
      vertex -22.5776 -1.72227 0
    endloop
  endfacet
  facet normal -0.9988 0.048978 2.10625e-19
    outer loop
      vertex -16.9149 -0.303853 0
      vertex -16.9 0 2.6
      vertex -16.9 0 0
    endloop
  endfacet
  facet normal -0.9988 0.048978 2.10625e-19
    outer loop
      vertex -16.9 0 2.6
      vertex -16.9149 -0.303853 0
      vertex -16.9149 -0.303853 2.6
    endloop
  endfacet
  facet normal 0.595794 0.803137 -0
    outer loop
      vertex -21.7223 -2.57756 0
      vertex -21.9666 -2.39633 2.6
      vertex -21.7223 -2.57756 2.6
    endloop
  endfacet
  facet normal 0.595794 0.803137 0
    outer loop
      vertex -21.9666 -2.39633 2.6
      vertex -21.7223 -2.57756 0
      vertex -21.9666 -2.39633 0
    endloop
  endfacet
  facet normal 0.989147 0.146929 4.10136e-19
    outer loop
      vertex -23.0404 -0.604779 2.6
      vertex -23.0851 -0.303853 0
      vertex -23.0851 -0.303853 2.6
    endloop
  endfacet
  facet normal 0.989147 0.146929 4.10136e-19
    outer loop
      vertex -23.0851 -0.303853 0
      vertex -23.0404 -0.604779 2.6
      vertex -23.0404 -0.604779 0
    endloop
  endfacet
  facet normal 0.595794 -0.803137 0
    outer loop
      vertex -21.9666 2.39633 0
      vertex -21.7223 2.57756 2.6
      vertex -21.9666 2.39633 2.6
    endloop
  endfacet
  facet normal 0.595794 -0.803137 0
    outer loop
      vertex -21.7223 2.57756 2.6
      vertex -21.9666 2.39633 0
      vertex -21.7223 2.57756 0
    endloop
  endfacet
  facet normal -0.595794 -0.803137 0
    outer loop
      vertex -18.2777 2.57756 0
      vertex -18.0334 2.39633 2.6
      vertex -18.2777 2.57756 2.6
    endloop
  endfacet
  facet normal -0.595794 -0.803137 -0
    outer loop
      vertex -18.0334 2.39633 2.6
      vertex -18.2777 2.57756 0
      vertex -18.0334 2.39633 0
    endloop
  endfacet
  facet normal -0.740951 0.671559 1.77855e-19
    outer loop
      vertex -17.808 -2.19203 0
      vertex -17.6037 -1.96662 2.6
      vertex -17.6037 -1.96662 0
    endloop
  endfacet
  facet normal -0.740951 0.671559 1.77855e-19
    outer loop
      vertex -17.6037 -1.96662 2.6
      vertex -17.808 -2.19203 0
      vertex -17.808 -2.19203 2.6
    endloop
  endfacet
  facet normal 0.941533 0.336921 5.04429e-19
    outer loop
      vertex -22.864 -1.18632 2.6
      vertex -22.9665 -0.899882 0
      vertex -22.9665 -0.899882 2.6
    endloop
  endfacet
  facet normal 0.941533 0.336921 5.04429e-19
    outer loop
      vertex -22.9665 -0.899882 0
      vertex -22.864 -1.18632 2.6
      vertex -22.864 -1.18632 0
    endloop
  endfacet
  facet normal -0.989147 0.146929 -4.10136e-19
    outer loop
      vertex -16.9596 -0.604779 0
      vertex -16.9149 -0.303853 2.6
      vertex -16.9149 -0.303853 0
    endloop
  endfacet
  facet normal -0.989147 0.146929 -4.10136e-19
    outer loop
      vertex -16.9149 -0.303853 2.6
      vertex -16.9596 -0.604779 0
      vertex -16.9596 -0.604779 2.6
    endloop
  endfacet
  facet normal 0.857731 -0.514099 -2.38725e-18
    outer loop
      vertex -22.734 1.46133 2.6
      vertex -22.5776 1.72227 0
      vertex -22.5776 1.72227 2.6
    endloop
  endfacet
  facet normal 0.857731 -0.514099 -2.38725e-18
    outer loop
      vertex -22.5776 1.72227 0
      vertex -22.734 1.46133 2.6
      vertex -22.734 1.46133 0
    endloop
  endfacet
  facet normal -0.970046 0.24292 -1.89166e-18
    outer loop
      vertex -17.0335 -0.899882 0
      vertex -16.9596 -0.604779 2.6
      vertex -16.9596 -0.604779 0
    endloop
  endfacet
  facet normal -0.970046 0.24292 -1.89166e-18
    outer loop
      vertex -16.9596 -0.604779 2.6
      vertex -17.0335 -0.899882 0
      vertex -17.0335 -0.899882 2.6
    endloop
  endfacet
  facet normal -0.427568 0.903983 0
    outer loop
      vertex -18.5387 -2.73396 0
      vertex -18.8137 -2.86403 2.6
      vertex -18.5387 -2.73396 2.6
    endloop
  endfacet
  facet normal -0.427568 0.903983 0
    outer loop
      vertex -18.8137 -2.86403 2.6
      vertex -18.5387 -2.73396 0
      vertex -18.8137 -2.86403 0
    endloop
  endfacet
  facet normal 0 0 -1
    outer loop
      vertex -18.3 0 2.6
      vertex -16.9 0 2.6
      vertex -16.9149 -0.303853 2.6
    endloop
  endfacet
  facet normal 0 0 -1
    outer loop
      vertex -18.3082 -0.166629 2.6
      vertex -16.9149 -0.303853 2.6
      vertex -16.9596 -0.604779 2.6
    endloop
  endfacet
  facet normal 0 0 -1
    outer loop
      vertex -16.9 0 2.6
      vertex -18.3 0 2.6
      vertex -16.9149 0.303853 2.6
    endloop
  endfacet
  facet normal 0 0 -1
    outer loop
      vertex -18.3327 -0.331653 2.6
      vertex -16.9596 -0.604779 2.6
      vertex -17.0335 -0.899882 2.6
    endloop
  endfacet
  facet normal 0 0 -1
    outer loop
      vertex -18.3082 0.166629 2.6
      vertex -16.9149 0.303853 2.6
      vertex -18.3 0 2.6
    endloop
  endfacet
  facet normal 0 0 -1
    outer loop
      vertex -18.3732 -0.493484 2.6
      vertex -17.0335 -0.899882 2.6
      vertex -17.136 -1.18632 2.6
    endloop
  endfacet
  facet normal -0 0 -1
    outer loop
      vertex -16.9149 0.303853 2.6
      vertex -18.3082 0.166629 2.6
      vertex -16.9596 0.604779 2.6
    endloop
  endfacet
  facet normal 0 0 -1
    outer loop
      vertex -18.4294 -0.650561 2.6
      vertex -17.136 -1.18632 2.6
      vertex -17.266 -1.46133 2.6
    endloop
  endfacet
  facet normal 0 0 -1
    outer loop
      vertex -18.3327 0.331653 2.6
      vertex -16.9596 0.604779 2.6
      vertex -18.3082 0.166629 2.6
    endloop
  endfacet
  facet normal 0 0 -1
    outer loop
      vertex -18.5007 -0.801374 2.6
      vertex -17.266 -1.46133 2.6
      vertex -17.4224 -1.72227 2.6
    endloop
  endfacet
  facet normal -0 0 -1
    outer loop
      vertex -16.9596 0.604779 2.6
      vertex -18.3327 0.331653 2.6
      vertex -17.0335 0.899882 2.6
    endloop
  endfacet
  facet normal 0 0 -1
    outer loop
      vertex -18.5865 -0.944468 2.6
      vertex -17.4224 -1.72227 2.6
      vertex -17.6037 -1.96662 2.6
    endloop
  endfacet
  facet normal 0 0 -1
    outer loop
      vertex -18.3732 0.493484 2.6
      vertex -17.0335 0.899882 2.6
      vertex -18.3327 0.331653 2.6
    endloop
  endfacet
  facet normal 0 0 -1
    outer loop
      vertex -18.6859 -1.07847 2.6
      vertex -17.6037 -1.96662 2.6
      vertex -17.808 -2.19203 2.6
    endloop
  endfacet
  facet normal -0 0 -1
    outer loop
      vertex -17.0335 0.899882 2.6
      vertex -18.3732 0.493484 2.6
      vertex -17.136 1.18632 2.6
    endloop
  endfacet
  facet normal 0 0 -1
    outer loop
      vertex -18.7979 -1.20208 2.6
      vertex -17.808 -2.19203 2.6
      vertex -18.0334 -2.39633 2.6
    endloop
  endfacet
  facet normal 0 0 -1
    outer loop
      vertex -18.4294 0.650561 2.6
      vertex -17.136 1.18632 2.6
      vertex -18.3732 0.493484 2.6
    endloop
  endfacet
  facet normal 0 0 -1
    outer loop
      vertex -18.9215 -1.31412 2.6
      vertex -18.0334 -2.39633 2.6
      vertex -18.2777 -2.57756 2.6
    endloop
  endfacet
  facet normal -0 0 -1
    outer loop
      vertex -17.136 1.18632 2.6
      vertex -18.4294 0.650561 2.6
      vertex -17.266 1.46133 2.6
    endloop
  endfacet
  facet normal 0 0 -1
    outer loop
      vertex -18.5007 0.801374 2.6
      vertex -17.266 1.46133 2.6
      vertex -18.4294 0.650561 2.6
    endloop
  endfacet
  facet normal 0 0 -1
    outer loop
      vertex -16.9149 -0.303853 2.6
      vertex -18.3082 -0.166629 2.6
      vertex -18.3 0 2.6
    endloop
  endfacet
  facet normal 0 0 -1
    outer loop
      vertex -16.9596 -0.604779 2.6
      vertex -18.3327 -0.331653 2.6
      vertex -18.3082 -0.166629 2.6
    endloop
  endfacet
  facet normal 0 0 -1
    outer loop
      vertex -17.0335 -0.899882 2.6
      vertex -18.3732 -0.493484 2.6
      vertex -18.3327 -0.331653 2.6
    endloop
  endfacet
  facet normal 0 0 -1
    outer loop
      vertex -17.136 -1.18632 2.6
      vertex -18.4294 -0.650561 2.6
      vertex -18.3732 -0.493484 2.6
    endloop
  endfacet
  facet normal 0 0 -1
    outer loop
      vertex -17.266 -1.46133 2.6
      vertex -18.5007 -0.801374 2.6
      vertex -18.4294 -0.650561 2.6
    endloop
  endfacet
  facet normal 0 0 -1
    outer loop
      vertex -19.0555 -1.4135 2.6
      vertex -18.2777 -2.57756 2.6
      vertex -18.5387 -2.73396 2.6
    endloop
  endfacet
  facet normal 0 0 -1
    outer loop
      vertex -17.4224 -1.72227 2.6
      vertex -18.5865 -0.944468 2.6
      vertex -18.5007 -0.801374 2.6
    endloop
  endfacet
  facet normal 0 0 -1
    outer loop
      vertex -17.6037 -1.96662 2.6
      vertex -18.6859 -1.07847 2.6
      vertex -18.5865 -0.944468 2.6
    endloop
  endfacet
  facet normal 0 0 -1
    outer loop
      vertex -17.808 -2.19203 2.6
      vertex -18.7979 -1.20208 2.6
      vertex -18.6859 -1.07847 2.6
    endloop
  endfacet
  facet normal 0 0 -1
    outer loop
      vertex -19.1986 -1.49927 2.6
      vertex -18.5387 -2.73396 2.6
      vertex -18.8137 -2.86403 2.6
    endloop
  endfacet
  facet normal 0 0 -1
    outer loop
      vertex -18.0334 -2.39633 2.6
      vertex -18.9215 -1.31412 2.6
      vertex -18.7979 -1.20208 2.6
    endloop
  endfacet
  facet normal 0 0 -1
    outer loop
      vertex -18.2777 -2.57756 2.6
      vertex -19.0555 -1.4135 2.6
      vertex -18.9215 -1.31412 2.6
    endloop
  endfacet
  facet normal 0 0 -1
    outer loop
      vertex -19.3494 -1.57059 2.6
      vertex -18.8137 -2.86403 2.6
      vertex -19.1001 -2.96651 2.6
    endloop
  endfacet
  facet normal 0 0 -1
    outer loop
      vertex -18.5387 -2.73396 2.6
      vertex -19.1986 -1.49927 2.6
      vertex -19.0555 -1.4135 2.6
    endloop
  endfacet
  facet normal 0 0 -1
    outer loop
      vertex -18.8137 -2.86403 2.6
      vertex -19.3494 -1.57059 2.6
      vertex -19.1986 -1.49927 2.6
    endloop
  endfacet
  facet normal 0 0 -1
    outer loop
      vertex -19.5065 -1.6268 2.6
      vertex -19.1001 -2.96651 2.6
      vertex -19.3952 -3.04043 2.6
    endloop
  endfacet
  facet normal 0 0 -1
    outer loop
      vertex -19.1001 -2.96651 2.6
      vertex -19.5065 -1.6268 2.6
      vertex -19.3494 -1.57059 2.6
    endloop
  endfacet
  facet normal 0 0 -1
    outer loop
      vertex -19.3952 -3.04043 2.6
      vertex -19.6683 -1.66733 2.6
      vertex -19.5065 -1.6268 2.6
    endloop
  endfacet
  facet normal 0 0 -1
    outer loop
      vertex -19.6961 -3.08507 2.6
      vertex -19.6683 -1.66733 2.6
      vertex -19.3952 -3.04043 2.6
    endloop
  endfacet
  facet normal 0 0 -1
    outer loop
      vertex -19.6961 -3.08507 2.6
      vertex -19.8334 -1.69181 2.6
      vertex -19.6683 -1.66733 2.6
    endloop
  endfacet
  facet normal 0 0 -1
    outer loop
      vertex -20 -3.1 2.6
      vertex -19.8334 -1.69181 2.6
      vertex -19.6961 -3.08507 2.6
    endloop
  endfacet
  facet normal 0 0 -1
    outer loop
      vertex -20 -3.1 2.6
      vertex -20 -1.7 2.6
      vertex -19.8334 -1.69181 2.6
    endloop
  endfacet
  facet normal 0 0 -1
    outer loop
      vertex -20 -3.1 2.6
      vertex -20.1666 -1.69181 2.6
      vertex -20 -1.7 2.6
    endloop
  endfacet
  facet normal 0 0 -1
    outer loop
      vertex -20.3039 -3.08507 2.6
      vertex -20.1666 -1.69181 2.6
      vertex -20 -3.1 2.6
    endloop
  endfacet
  facet normal 0 0 -1
    outer loop
      vertex -20.3039 -3.08507 2.6
      vertex -20.3317 -1.66733 2.6
      vertex -20.1666 -1.69181 2.6
    endloop
  endfacet
  facet normal 0 0 -1
    outer loop
      vertex -20.6048 -3.04043 2.6
      vertex -20.3317 -1.66733 2.6
      vertex -20.3039 -3.08507 2.6
    endloop
  endfacet
  facet normal -0 0 -1
    outer loop
      vertex -20.3317 -1.66733 2.6
      vertex -20.6048 -3.04043 2.6
      vertex -20.4935 -1.6268 2.6
    endloop
  endfacet
  facet normal 0 0 -1
    outer loop
      vertex -20.8999 -2.96651 2.6
      vertex -20.4935 -1.6268 2.6
      vertex -20.6048 -3.04043 2.6
    endloop
  endfacet
  facet normal -0 0 -1
    outer loop
      vertex -20.4935 -1.6268 2.6
      vertex -20.8999 -2.96651 2.6
      vertex -20.6506 -1.57059 2.6
    endloop
  endfacet
  facet normal 0 0 -1
    outer loop
      vertex -21.1863 -2.86403 2.6
      vertex -20.6506 -1.57059 2.6
      vertex -20.8999 -2.96651 2.6
    endloop
  endfacet
  facet normal -0 0 -1
    outer loop
      vertex -20.6506 -1.57059 2.6
      vertex -21.1863 -2.86403 2.6
      vertex -20.8014 -1.49927 2.6
    endloop
  endfacet
  facet normal 0 0 -1
    outer loop
      vertex -21.4613 -2.73396 2.6
      vertex -20.8014 -1.49927 2.6
      vertex -21.1863 -2.86403 2.6
    endloop
  endfacet
  facet normal -0 0 -1
    outer loop
      vertex -20.8014 -1.49927 2.6
      vertex -21.4613 -2.73396 2.6
      vertex -20.9445 -1.4135 2.6
    endloop
  endfacet
  facet normal 0 0 -1
    outer loop
      vertex -21.7223 -2.57756 2.6
      vertex -20.9445 -1.4135 2.6
      vertex -21.4613 -2.73396 2.6
    endloop
  endfacet
  facet normal -0 0 -1
    outer loop
      vertex -20.9445 -1.4135 2.6
      vertex -21.7223 -2.57756 2.6
      vertex -21.0785 -1.31412 2.6
    endloop
  endfacet
  facet normal 0 0 -1
    outer loop
      vertex -21.9666 -2.39633 2.6
      vertex -21.0785 -1.31412 2.6
      vertex -21.7223 -2.57756 2.6
    endloop
  endfacet
  facet normal -0 0 -1
    outer loop
      vertex -21.0785 -1.31412 2.6
      vertex -21.9666 -2.39633 2.6
      vertex -21.2021 -1.20208 2.6
    endloop
  endfacet
  facet normal 0 0 -1
    outer loop
      vertex -22.192 -2.19203 2.6
      vertex -21.2021 -1.20208 2.6
      vertex -21.9666 -2.39633 2.6
    endloop
  endfacet
  facet normal -0 0 -1
    outer loop
      vertex -21.2021 -1.20208 2.6
      vertex -22.192 -2.19203 2.6
      vertex -21.3141 -1.07847 2.6
    endloop
  endfacet
  facet normal 0 0 -1
    outer loop
      vertex -22.3963 -1.96662 2.6
      vertex -21.3141 -1.07847 2.6
      vertex -22.192 -2.19203 2.6
    endloop
  endfacet
  facet normal -0 0 -1
    outer loop
      vertex -21.3141 -1.07847 2.6
      vertex -22.3963 -1.96662 2.6
      vertex -21.4135 -0.944468 2.6
    endloop
  endfacet
  facet normal 0 0 -1
    outer loop
      vertex -22.5776 -1.72227 2.6
      vertex -21.4135 -0.944468 2.6
      vertex -22.3963 -1.96662 2.6
    endloop
  endfacet
  facet normal 0 0 -1
    outer loop
      vertex -22.734 -1.46133 2.6
      vertex -21.4993 -0.801374 2.6
      vertex -22.5776 -1.72227 2.6
    endloop
  endfacet
  facet normal -0 0 -1
    outer loop
      vertex -21.4135 -0.944468 2.6
      vertex -22.5776 -1.72227 2.6
      vertex -21.4993 -0.801374 2.6
    endloop
  endfacet
  facet normal -0 0 -1
    outer loop
      vertex -17.266 1.46133 2.6
      vertex -18.5007 0.801374 2.6
      vertex -17.4224 1.72227 2.6
    endloop
  endfacet
  facet normal 0 0 -1
    outer loop
      vertex -18.5865 0.944468 2.6
      vertex -17.4224 1.72227 2.6
      vertex -18.5007 0.801374 2.6
    endloop
  endfacet
  facet normal -0 0 -1
    outer loop
      vertex -17.4224 1.72227 2.6
      vertex -18.5865 0.944468 2.6
      vertex -17.6037 1.96662 2.6
    endloop
  endfacet
  facet normal 0 0 -1
    outer loop
      vertex -18.6859 1.07847 2.6
      vertex -17.6037 1.96662 2.6
      vertex -18.5865 0.944468 2.6
    endloop
  endfacet
  facet normal -0 0 -1
    outer loop
      vertex -17.6037 1.96662 2.6
      vertex -18.6859 1.07847 2.6
      vertex -17.808 2.19203 2.6
    endloop
  endfacet
  facet normal 0 0 -1
    outer loop
      vertex -18.7979 1.20208 2.6
      vertex -17.808 2.19203 2.6
      vertex -18.6859 1.07847 2.6
    endloop
  endfacet
  facet normal -0 0 -1
    outer loop
      vertex -17.808 2.19203 2.6
      vertex -18.7979 1.20208 2.6
      vertex -18.0334 2.39633 2.6
    endloop
  endfacet
  facet normal 0 0 -1
    outer loop
      vertex -18.9215 1.31412 2.6
      vertex -18.0334 2.39633 2.6
      vertex -18.7979 1.20208 2.6
    endloop
  endfacet
  facet normal -0 0 -1
    outer loop
      vertex -18.0334 2.39633 2.6
      vertex -18.9215 1.31412 2.6
      vertex -18.2777 2.57756 2.6
    endloop
  endfacet
  facet normal 0 0 -1
    outer loop
      vertex -19.0555 1.4135 2.6
      vertex -18.2777 2.57756 2.6
      vertex -18.9215 1.31412 2.6
    endloop
  endfacet
  facet normal -0 0 -1
    outer loop
      vertex -18.2777 2.57756 2.6
      vertex -19.0555 1.4135 2.6
      vertex -18.5387 2.73396 2.6
    endloop
  endfacet
  facet normal 0 0 -1
    outer loop
      vertex -19.1986 1.49927 2.6
      vertex -18.5387 2.73396 2.6
      vertex -19.0555 1.4135 2.6
    endloop
  endfacet
  facet normal -0 0 -1
    outer loop
      vertex -18.5387 2.73396 2.6
      vertex -19.1986 1.49927 2.6
      vertex -18.8137 2.86403 2.6
    endloop
  endfacet
  facet normal 0 0 -1
    outer loop
      vertex -19.3494 1.57059 2.6
      vertex -18.8137 2.86403 2.6
      vertex -19.1986 1.49927 2.6
    endloop
  endfacet
  facet normal -0 0 -1
    outer loop
      vertex -18.8137 2.86403 2.6
      vertex -19.3494 1.57059 2.6
      vertex -19.1001 2.96651 2.6
    endloop
  endfacet
  facet normal 0 0 -1
    outer loop
      vertex -19.5065 1.6268 2.6
      vertex -19.1001 2.96651 2.6
      vertex -19.3494 1.57059 2.6
    endloop
  endfacet
  facet normal -0 0 -1
    outer loop
      vertex -19.1001 2.96651 2.6
      vertex -19.5065 1.6268 2.6
      vertex -19.3952 3.04043 2.6
    endloop
  endfacet
  facet normal 0 0 -1
    outer loop
      vertex -19.6683 1.66733 2.6
      vertex -19.3952 3.04043 2.6
      vertex -19.5065 1.6268 2.6
    endloop
  endfacet
  facet normal 0 0 -1
    outer loop
      vertex -19.6683 1.66733 2.6
      vertex -19.6961 3.08507 2.6
      vertex -19.3952 3.04043 2.6
    endloop
  endfacet
  facet normal 0 0 -1
    outer loop
      vertex -19.8334 1.69181 2.6
      vertex -19.6961 3.08507 2.6
      vertex -19.6683 1.66733 2.6
    endloop
  endfacet
  facet normal 0 0 -1
    outer loop
      vertex -20 1.7 2.6
      vertex -19.6961 3.08507 2.6
      vertex -19.8334 1.69181 2.6
    endloop
  endfacet
  facet normal 0 0 -1
    outer loop
      vertex -20 1.7 2.6
      vertex -20 3.1 2.6
      vertex -19.6961 3.08507 2.6
    endloop
  endfacet
  facet normal 0 0 -1
    outer loop
      vertex -20.1666 1.69181 2.6
      vertex -20 3.1 2.6
      vertex -20 1.7 2.6
    endloop
  endfacet
  facet normal 0 0 -1
    outer loop
      vertex -20.1666 1.69181 2.6
      vertex -20.3039 3.08507 2.6
      vertex -20 3.1 2.6
    endloop
  endfacet
  facet normal 0 0 -1
    outer loop
      vertex -20.3317 1.66733 2.6
      vertex -20.3039 3.08507 2.6
      vertex -20.1666 1.69181 2.6
    endloop
  endfacet
  facet normal 0 0 -1
    outer loop
      vertex -20.6048 3.04043 2.6
      vertex -20.3317 1.66733 2.6
      vertex -20.4935 1.6268 2.6
    endloop
  endfacet
  facet normal 0 0 -1
    outer loop
      vertex -20.3317 1.66733 2.6
      vertex -20.6048 3.04043 2.6
      vertex -20.3039 3.08507 2.6
    endloop
  endfacet
  facet normal 0 0 -1
    outer loop
      vertex -20.8999 2.96651 2.6
      vertex -20.4935 1.6268 2.6
      vertex -20.6506 1.57059 2.6
    endloop
  endfacet
  facet normal 0 0 -1
    outer loop
      vertex -21.1863 2.86403 2.6
      vertex -20.6506 1.57059 2.6
      vertex -20.8014 1.49927 2.6
    endloop
  endfacet
  facet normal 0 0 -1
    outer loop
      vertex -20.4935 1.6268 2.6
      vertex -20.8999 2.96651 2.6
      vertex -20.6048 3.04043 2.6
    endloop
  endfacet
  facet normal 0 0 -1
    outer loop
      vertex -21.4613 2.73396 2.6
      vertex -20.8014 1.49927 2.6
      vertex -20.9445 1.4135 2.6
    endloop
  endfacet
  facet normal 0 0 -1
    outer loop
      vertex -21.7223 2.57756 2.6
      vertex -20.9445 1.4135 2.6
      vertex -21.0785 1.31412 2.6
    endloop
  endfacet
  facet normal 0 0 -1
    outer loop
      vertex -20.6506 1.57059 2.6
      vertex -21.1863 2.86403 2.6
      vertex -20.8999 2.96651 2.6
    endloop
  endfacet
  facet normal 0 0 -1
    outer loop
      vertex -21.9666 2.39633 2.6
      vertex -21.0785 1.31412 2.6
      vertex -21.2021 1.20208 2.6
    endloop
  endfacet
  facet normal 0 0 -1
    outer loop
      vertex -22.192 2.19203 2.6
      vertex -21.2021 1.20208 2.6
      vertex -21.3141 1.07847 2.6
    endloop
  endfacet
  facet normal 0 0 -1
    outer loop
      vertex -22.3963 1.96662 2.6
      vertex -21.3141 1.07847 2.6
      vertex -21.4135 0.944468 2.6
    endloop
  endfacet
  facet normal 0 0 -1
    outer loop
      vertex -20.8014 1.49927 2.6
      vertex -21.4613 2.73396 2.6
      vertex -21.1863 2.86403 2.6
    endloop
  endfacet
  facet normal 0 0 -1
    outer loop
      vertex -22.5776 1.72227 2.6
      vertex -21.4135 0.944468 2.6
      vertex -21.4993 0.801374 2.6
    endloop
  endfacet
  facet normal 0 0 -1
    outer loop
      vertex -22.734 1.46133 2.6
      vertex -21.4993 0.801374 2.6
      vertex -21.5706 0.650561 2.6
    endloop
  endfacet
  facet normal 0 0 -1
    outer loop
      vertex -22.864 1.18632 2.6
      vertex -21.5706 0.650561 2.6
      vertex -21.6268 0.493484 2.6
    endloop
  endfacet
  facet normal 0 0 -1
    outer loop
      vertex -22.9665 0.899882 2.6
      vertex -21.6268 0.493484 2.6
      vertex -21.6673 0.331653 2.6
    endloop
  endfacet
  facet normal 0 0 -1
    outer loop
      vertex -23.0404 0.604779 2.6
      vertex -21.6673 0.331653 2.6
      vertex -21.6918 0.166629 2.6
    endloop
  endfacet
  facet normal 0 0 -1
    outer loop
      vertex -20.9445 1.4135 2.6
      vertex -21.7223 2.57756 2.6
      vertex -21.4613 2.73396 2.6
    endloop
  endfacet
  facet normal 0 0 -1
    outer loop
      vertex -23.0851 0.303853 2.6
      vertex -21.6918 0.166629 2.6
      vertex -21.7 0 2.6
    endloop
  endfacet
  facet normal -0 0 -1
    outer loop
      vertex -21.4993 -0.801374 2.6
      vertex -22.734 -1.46133 2.6
      vertex -21.5706 -0.650561 2.6
    endloop
  endfacet
  facet normal 0 0 -1
    outer loop
      vertex -22.864 -1.18632 2.6
      vertex -21.5706 -0.650561 2.6
      vertex -22.734 -1.46133 2.6
    endloop
  endfacet
  facet normal 0 0 -1
    outer loop
      vertex -21.0785 1.31412 2.6
      vertex -21.9666 2.39633 2.6
      vertex -21.7223 2.57756 2.6
    endloop
  endfacet
  facet normal -0 0 -1
    outer loop
      vertex -21.5706 -0.650561 2.6
      vertex -22.864 -1.18632 2.6
      vertex -21.6268 -0.493484 2.6
    endloop
  endfacet
  facet normal 0 0 -1
    outer loop
      vertex -21.2021 1.20208 2.6
      vertex -22.192 2.19203 2.6
      vertex -21.9666 2.39633 2.6
    endloop
  endfacet
  facet normal 0 0 -1
    outer loop
      vertex -22.9665 -0.899882 2.6
      vertex -21.6268 -0.493484 2.6
      vertex -22.864 -1.18632 2.6
    endloop
  endfacet
  facet normal 0 0 -1
    outer loop
      vertex -21.3141 1.07847 2.6
      vertex -22.3963 1.96662 2.6
      vertex -22.192 2.19203 2.6
    endloop
  endfacet
  facet normal -0 0 -1
    outer loop
      vertex -21.6268 -0.493484 2.6
      vertex -22.9665 -0.899882 2.6
      vertex -21.6673 -0.331653 2.6
    endloop
  endfacet
  facet normal 0 0 -1
    outer loop
      vertex -21.4135 0.944468 2.6
      vertex -22.5776 1.72227 2.6
      vertex -22.3963 1.96662 2.6
    endloop
  endfacet
  facet normal 0 0 -1
    outer loop
      vertex -23.0404 -0.604779 2.6
      vertex -21.6673 -0.331653 2.6
      vertex -22.9665 -0.899882 2.6
    endloop
  endfacet
  facet normal 0 0 -1
    outer loop
      vertex -21.4993 0.801374 2.6
      vertex -22.734 1.46133 2.6
      vertex -22.5776 1.72227 2.6
    endloop
  endfacet
  facet normal -0 0 -1
    outer loop
      vertex -21.6673 -0.331653 2.6
      vertex -23.0404 -0.604779 2.6
      vertex -21.6918 -0.166629 2.6
    endloop
  endfacet
  facet normal 0 0 -1
    outer loop
      vertex -21.5706 0.650561 2.6
      vertex -22.864 1.18632 2.6
      vertex -22.734 1.46133 2.6
    endloop
  endfacet
  facet normal 0 0 -1
    outer loop
      vertex -23.0851 -0.303853 2.6
      vertex -21.6918 -0.166629 2.6
      vertex -23.0404 -0.604779 2.6
    endloop
  endfacet
  facet normal 0 0 -1
    outer loop
      vertex -21.6268 0.493484 2.6
      vertex -22.9665 0.899882 2.6
      vertex -22.864 1.18632 2.6
    endloop
  endfacet
  facet normal -0 0 -1
    outer loop
      vertex -21.6918 -0.166629 2.6
      vertex -23.0851 -0.303853 2.6
      vertex -21.7 0 2.6
    endloop
  endfacet
  facet normal 0 0 -1
    outer loop
      vertex -21.6673 0.331653 2.6
      vertex -23.0404 0.604779 2.6
      vertex -22.9665 0.899882 2.6
    endloop
  endfacet
  facet normal 0 0 -1
    outer loop
      vertex -23.1 0 2.6
      vertex -21.7 0 2.6
      vertex -23.0851 -0.303853 2.6
    endloop
  endfacet
  facet normal 0 0 -1
    outer loop
      vertex -21.6918 0.166629 2.6
      vertex -23.0851 0.303853 2.6
      vertex -23.0404 0.604779 2.6
    endloop
  endfacet
  facet normal 0 0 -1
    outer loop
      vertex -21.7 0 2.6
      vertex -23.1 0 2.6
      vertex -23.0851 0.303853 2.6
    endloop
  endfacet
  facet normal -0.671576 -0.740936 0
    outer loop
      vertex -18.0334 2.39633 0
      vertex -17.808 2.19203 2.6
      vertex -18.0334 2.39633 2.6
    endloop
  endfacet
  facet normal -0.671576 -0.740936 -0
    outer loop
      vertex -17.808 2.19203 2.6
      vertex -18.0334 2.39633 0
      vertex -17.808 2.19203 0
    endloop
  endfacet
  facet normal 0.336903 -0.941539 0
    outer loop
      vertex -21.1863 2.86403 0
      vertex -20.8999 2.96651 2.6
      vertex -21.1863 2.86403 2.6
    endloop
  endfacet
  facet normal 0.336903 -0.941539 0
    outer loop
      vertex -20.8999 2.96651 2.6
      vertex -21.1863 2.86403 0
      vertex -20.8999 2.96651 0
    endloop
  endfacet
  facet normal -0.427568 -0.903983 0
    outer loop
      vertex -18.8137 2.86403 0
      vertex -18.5387 2.73396 2.6
      vertex -18.8137 2.86403 2.6
    endloop
  endfacet
  facet normal -0.427568 -0.903983 -0
    outer loop
      vertex -18.5387 2.73396 2.6
      vertex -18.8137 2.86403 0
      vertex -18.5387 2.73396 0
    endloop
  endfacet
  facet normal 0.9988 -0.048978 2.10625e-19
    outer loop
      vertex -23.1 0 2.6
      vertex -23.0851 0.303853 0
      vertex -23.0851 0.303853 2.6
    endloop
  endfacet
  facet normal 0.9988 -0.048978 2.10625e-19
    outer loop
      vertex -23.0851 0.303853 0
      vertex -23.1 0 2.6
      vertex -23.1 0 0
    endloop
  endfacet
  facet normal -0.803085 -0.595864 2.03462e-19
    outer loop
      vertex -17.4224 1.72227 0
      vertex -17.6037 1.96662 2.6
      vertex -17.6037 1.96662 0
    endloop
  endfacet
  facet normal -0.803085 -0.595864 2.03462e-19
    outer loop
      vertex -17.6037 1.96662 2.6
      vertex -17.4224 1.72227 0
      vertex -17.4224 1.72227 2.6
    endloop
  endfacet
  facet normal -0.0490688 -0.998795 0
    outer loop
      vertex -20 3.1 0
      vertex -19.6961 3.08507 2.6
      vertex -20 3.1 2.6
    endloop
  endfacet
  facet normal -0.0490688 -0.998795 -0
    outer loop
      vertex -19.6961 3.08507 2.6
      vertex -20 3.1 0
      vertex -19.6961 3.08507 0
    endloop
  endfacet
  facet normal 0.671576 -0.740936 0
    outer loop
      vertex -22.192 2.19203 0
      vertex -21.9666 2.39633 2.6
      vertex -22.192 2.19203 2.6
    endloop
  endfacet
  facet normal 0.671576 -0.740936 0
    outer loop
      vertex -21.9666 2.39633 2.6
      vertex -22.192 2.19203 0
      vertex -21.9666 2.39633 0
    endloop
  endfacet
  facet normal -0.740951 -0.671559 -1.77855e-19
    outer loop
      vertex -17.6037 1.96662 0
      vertex -17.808 2.19203 2.6
      vertex -17.808 2.19203 0
    endloop
  endfacet
  facet normal -0.740951 -0.671559 -1.77855e-19
    outer loop
      vertex -17.808 2.19203 2.6
      vertex -17.6037 1.96662 0
      vertex -17.6037 1.96662 2.6
    endloop
  endfacet
  facet normal 0.242984 0.97003 -0
    outer loop
      vertex -20.6048 -3.04043 0
      vertex -20.8999 -2.96651 2.6
      vertex -20.6048 -3.04043 2.6
    endloop
  endfacet
  facet normal 0.242984 0.97003 0
    outer loop
      vertex -20.8999 -2.96651 2.6
      vertex -20.6048 -3.04043 0
      vertex -20.8999 -2.96651 0
    endloop
  endfacet
  facet normal -0.904078 -0.427367 -1.53156e-18
    outer loop
      vertex -17.136 1.18632 0
      vertex -17.266 1.46133 2.6
      vertex -17.266 1.46133 0
    endloop
  endfacet
  facet normal -0.904078 -0.427367 -1.53156e-18
    outer loop
      vertex -17.266 1.46133 2.6
      vertex -17.136 1.18632 0
      vertex -17.136 1.18632 2.6
    endloop
  endfacet
  facet normal -0.857731 0.514099 -2.38725e-18
    outer loop
      vertex -17.4224 -1.72227 0
      vertex -17.266 -1.46133 2.6
      vertex -17.266 -1.46133 0
    endloop
  endfacet
  facet normal -0.857731 0.514099 -2.38725e-18
    outer loop
      vertex -17.266 -1.46133 2.6
      vertex -17.4224 -1.72227 0
      vertex -17.4224 -1.72227 2.6
    endloop
  endfacet
  facet normal -0.336903 -0.941539 0
    outer loop
      vertex -19.1001 2.96651 0
      vertex -18.8137 2.86403 2.6
      vertex -19.1001 2.96651 2.6
    endloop
  endfacet
  facet normal -0.336903 -0.941539 -0
    outer loop
      vertex -18.8137 2.86403 2.6
      vertex -19.1001 2.96651 0
      vertex -18.8137 2.86403 0
    endloop
  endfacet
  facet normal 0.242984 -0.97003 0
    outer loop
      vertex -20.8999 2.96651 0
      vertex -20.6048 3.04043 2.6
      vertex -20.8999 2.96651 2.6
    endloop
  endfacet
  facet normal 0.242984 -0.97003 0
    outer loop
      vertex -20.6048 3.04043 2.6
      vertex -20.8999 2.96651 0
      vertex -20.6048 3.04043 0
    endloop
  endfacet
  facet normal -0.336903 0.941539 0
    outer loop
      vertex -18.8137 -2.86403 0
      vertex -19.1001 -2.96651 2.6
      vertex -18.8137 -2.86403 2.6
    endloop
  endfacet
  facet normal -0.336903 0.941539 0
    outer loop
      vertex -19.1001 -2.96651 2.6
      vertex -18.8137 -2.86403 0
      vertex -19.1001 -2.96651 0
    endloop
  endfacet
  facet normal 0.514012 -0.857783 0
    outer loop
      vertex -21.7223 2.57756 0
      vertex -21.4613 2.73396 2.6
      vertex -21.7223 2.57756 2.6
    endloop
  endfacet
  facet normal 0.514012 -0.857783 0
    outer loop
      vertex -21.4613 2.73396 2.6
      vertex -21.7223 2.57756 0
      vertex -21.4613 2.73396 0
    endloop
  endfacet
  facet normal 0.740951 -0.671559 1.77855e-19
    outer loop
      vertex -22.3963 1.96662 2.6
      vertex -22.192 2.19203 0
      vertex -22.192 2.19203 2.6
    endloop
  endfacet
  facet normal 0.740951 -0.671559 1.77855e-19
    outer loop
      vertex -22.192 2.19203 0
      vertex -22.3963 1.96662 2.6
      vertex -22.3963 1.96662 0
    endloop
  endfacet
  facet normal -0.857731 -0.514099 2.38725e-18
    outer loop
      vertex -17.266 1.46133 0
      vertex -17.4224 1.72227 2.6
      vertex -17.4224 1.72227 0
    endloop
  endfacet
  facet normal -0.857731 -0.514099 2.38725e-18
    outer loop
      vertex -17.4224 1.72227 2.6
      vertex -17.266 1.46133 0
      vertex -17.266 1.46133 2.6
    endloop
  endfacet
  facet normal 0.970046 -0.24292 -1.89166e-18
    outer loop
      vertex -23.0404 0.604779 2.6
      vertex -22.9665 0.899882 0
      vertex -22.9665 0.899882 2.6
    endloop
  endfacet
  facet normal 0.970046 -0.24292 -1.89166e-18
    outer loop
      vertex -22.9665 0.899882 0
      vertex -23.0404 0.604779 2.6
      vertex -23.0404 0.604779 0
    endloop
  endfacet
  facet normal 0.146749 -0.989174 0
    outer loop
      vertex -20.6048 3.04043 0
      vertex -20.3039 3.08507 2.6
      vertex -20.6048 3.04043 2.6
    endloop
  endfacet
  facet normal 0.146749 -0.989174 0
    outer loop
      vertex -20.3039 3.08507 2.6
      vertex -20.6048 3.04043 0
      vertex -20.3039 3.08507 0
    endloop
  endfacet
  facet normal 0.904078 0.427367 -1.53156e-18
    outer loop
      vertex -22.734 -1.46133 2.6
      vertex -22.864 -1.18632 0
      vertex -22.864 -1.18632 2.6
    endloop
  endfacet
  facet normal 0.904078 0.427367 -1.53156e-18
    outer loop
      vertex -22.864 -1.18632 0
      vertex -22.734 -1.46133 2.6
      vertex -22.734 -1.46133 0
    endloop
  endfacet
  facet normal -0.146749 0.989174 0
    outer loop
      vertex -19.3952 -3.04043 0
      vertex -19.6961 -3.08507 2.6
      vertex -19.3952 -3.04043 2.6
    endloop
  endfacet
  facet normal -0.146749 0.989174 0
    outer loop
      vertex -19.6961 -3.08507 2.6
      vertex -19.3952 -3.04043 0
      vertex -19.6961 -3.08507 0
    endloop
  endfacet
  facet normal 0.336903 0.941539 -0
    outer loop
      vertex -20.8999 -2.96651 0
      vertex -21.1863 -2.86403 2.6
      vertex -20.8999 -2.96651 2.6
    endloop
  endfacet
  facet normal 0.336903 0.941539 0
    outer loop
      vertex -21.1863 -2.86403 2.6
      vertex -20.8999 -2.96651 0
      vertex -21.1863 -2.86403 0
    endloop
  endfacet
  facet normal 0.671576 0.740936 -0
    outer loop
      vertex -21.9666 -2.39633 0
      vertex -22.192 -2.19203 2.6
      vertex -21.9666 -2.39633 2.6
    endloop
  endfacet
  facet normal 0.671576 0.740936 0
    outer loop
      vertex -22.192 -2.19203 2.6
      vertex -21.9666 -2.39633 0
      vertex -22.192 -2.19203 0
    endloop
  endfacet
  facet normal -0.671576 0.740936 0
    outer loop
      vertex -17.808 -2.19203 0
      vertex -18.0334 -2.39633 2.6
      vertex -17.808 -2.19203 2.6
    endloop
  endfacet
  facet normal -0.671576 0.740936 0
    outer loop
      vertex -18.0334 -2.39633 2.6
      vertex -17.808 -2.19203 0
      vertex -18.0334 -2.39633 0
    endloop
  endfacet
  facet normal 0.970046 0.24292 1.89166e-18
    outer loop
      vertex -22.9665 -0.899882 2.6
      vertex -23.0404 -0.604779 0
      vertex -23.0404 -0.604779 2.6
    endloop
  endfacet
  facet normal 0.970046 0.24292 1.89166e-18
    outer loop
      vertex -23.0404 -0.604779 0
      vertex -22.9665 -0.899882 2.6
      vertex -22.9665 -0.899882 0
    endloop
  endfacet
  facet normal -0.242984 0.97003 0
    outer loop
      vertex -19.1001 -2.96651 0
      vertex -19.3952 -3.04043 2.6
      vertex -19.1001 -2.96651 2.6
    endloop
  endfacet
  facet normal -0.242984 0.97003 0
    outer loop
      vertex -19.3952 -3.04043 2.6
      vertex -19.1001 -2.96651 0
      vertex -19.3952 -3.04043 0
    endloop
  endfacet
  facet normal 0.740951 0.671559 -1.77855e-19
    outer loop
      vertex -22.192 -2.19203 2.6
      vertex -22.3963 -1.96662 0
      vertex -22.3963 -1.96662 2.6
    endloop
  endfacet
  facet normal 0.740951 0.671559 -1.77855e-19
    outer loop
      vertex -22.3963 -1.96662 0
      vertex -22.192 -2.19203 2.6
      vertex -22.192 -2.19203 0
    endloop
  endfacet
  facet normal 0.989147 -0.146929 -4.10136e-19
    outer loop
      vertex -23.0851 0.303853 2.6
      vertex -23.0404 0.604779 0
      vertex -23.0404 0.604779 2.6
    endloop
  endfacet
  facet normal 0.989147 -0.146929 -4.10136e-19
    outer loop
      vertex -23.0404 0.604779 0
      vertex -23.0851 0.303853 2.6
      vertex -23.0851 0.303853 0
    endloop
  endfacet
  facet normal -0.242984 -0.97003 0
    outer loop
      vertex -19.3952 3.04043 0
      vertex -19.1001 2.96651 2.6
      vertex -19.3952 3.04043 2.6
    endloop
  endfacet
  facet normal -0.242984 -0.97003 -0
    outer loop
      vertex -19.1001 2.96651 2.6
      vertex -19.3952 3.04043 0
      vertex -19.1001 2.96651 0
    endloop
  endfacet
  facet normal 0.9988 0.048978 -2.10625e-19
    outer loop
      vertex -23.0851 -0.303853 2.6
      vertex -23.1 0 0
      vertex -23.1 0 2.6
    endloop
  endfacet
  facet normal 0.9988 0.048978 -2.10625e-19
    outer loop
      vertex -23.1 0 0
      vertex -23.0851 -0.303853 2.6
      vertex -23.0851 -0.303853 0
    endloop
  endfacet
  facet normal 0.941533 -0.336921 -5.04429e-19
    outer loop
      vertex -22.9665 0.899882 2.6
      vertex -22.864 1.18632 0
      vertex -22.864 1.18632 2.6
    endloop
  endfacet
  facet normal 0.941533 -0.336921 -5.04429e-19
    outer loop
      vertex -22.864 1.18632 0
      vertex -22.9665 0.899882 2.6
      vertex -22.9665 0.899882 0
    endloop
  endfacet
  facet normal -0.595794 0.803137 0
    outer loop
      vertex -18.0334 -2.39633 0
      vertex -18.2777 -2.57756 2.6
      vertex -18.0334 -2.39633 2.6
    endloop
  endfacet
  facet normal -0.595794 0.803137 0
    outer loop
      vertex -18.2777 -2.57756 2.6
      vertex -18.0334 -2.39633 0
      vertex -18.2777 -2.57756 0
    endloop
  endfacet
  facet normal 0.803085 -0.595864 -2.03462e-19
    outer loop
      vertex -22.5776 1.72227 2.6
      vertex -22.3963 1.96662 0
      vertex -22.3963 1.96662 2.6
    endloop
  endfacet
  facet normal 0.803085 -0.595864 -2.03462e-19
    outer loop
      vertex -22.3963 1.96662 0
      vertex -22.5776 1.72227 2.6
      vertex -22.5776 1.72227 0
    endloop
  endfacet
  facet normal 0.514012 0.857783 -0
    outer loop
      vertex -21.4613 -2.73396 0
      vertex -21.7223 -2.57756 2.6
      vertex -21.4613 -2.73396 2.6
    endloop
  endfacet
  facet normal 0.514012 0.857783 0
    outer loop
      vertex -21.7223 -2.57756 2.6
      vertex -21.4613 -2.73396 0
      vertex -21.7223 -2.57756 0
    endloop
  endfacet
  facet normal 0.904078 -0.427367 1.53156e-18
    outer loop
      vertex -22.864 1.18632 2.6
      vertex -22.734 1.46133 0
      vertex -22.734 1.46133 2.6
    endloop
  endfacet
  facet normal 0.904078 -0.427367 1.53156e-18
    outer loop
      vertex -22.734 1.46133 0
      vertex -22.864 1.18632 2.6
      vertex -22.864 1.18632 0
    endloop
  endfacet
  facet normal -0.904078 0.427367 1.53156e-18
    outer loop
      vertex -17.266 -1.46133 0
      vertex -17.136 -1.18632 2.6
      vertex -17.136 -1.18632 0
    endloop
  endfacet
  facet normal -0.904078 0.427367 1.53156e-18
    outer loop
      vertex -17.136 -1.18632 2.6
      vertex -17.266 -1.46133 0
      vertex -17.266 -1.46133 2.6
    endloop
  endfacet
  facet normal 0.0490688 0.998795 -0
    outer loop
      vertex -20 -3.1 0
      vertex -20.3039 -3.08507 2.6
      vertex -20 -3.1 2.6
    endloop
  endfacet
  facet normal 0.0490688 0.998795 0
    outer loop
      vertex -20.3039 -3.08507 2.6
      vertex -20 -3.1 0
      vertex -20.3039 -3.08507 0
    endloop
  endfacet
  facet normal 0.146749 0.989174 -0
    outer loop
      vertex -20.3039 -3.08507 0
      vertex -20.6048 -3.04043 2.6
      vertex -20.3039 -3.08507 2.6
    endloop
  endfacet
  facet normal 0.146749 0.989174 0
    outer loop
      vertex -20.6048 -3.04043 2.6
      vertex -20.3039 -3.08507 0
      vertex -20.6048 -3.04043 0
    endloop
  endfacet
  facet normal -0.146749 -0.989174 0
    outer loop
      vertex -19.6961 3.08507 0
      vertex -19.3952 3.04043 2.6
      vertex -19.6961 3.08507 2.6
    endloop
  endfacet
  facet normal -0.146749 -0.989174 -0
    outer loop
      vertex -19.3952 3.04043 2.6
      vertex -19.6961 3.08507 0
      vertex -19.3952 3.04043 0
    endloop
  endfacet
  facet normal 0.427568 0.903983 -0
    outer loop
      vertex -21.1863 -2.86403 0
      vertex -21.4613 -2.73396 2.6
      vertex -21.1863 -2.86403 2.6
    endloop
  endfacet
  facet normal 0.427568 0.903983 0
    outer loop
      vertex -21.4613 -2.73396 2.6
      vertex -21.1863 -2.86403 0
      vertex -21.4613 -2.73396 0
    endloop
  endfacet
  facet normal -0.146746 -0.989174 0
    outer loop
      vertex 35.4411 4.47833 0
      vertex 35.8779 4.41353 4
      vertex 35.4411 4.47833 4
    endloop
  endfacet
  facet normal -0.146746 -0.989174 -0
    outer loop
      vertex 35.8779 4.41353 4
      vertex 35.4411 4.47833 0
      vertex 35.8779 4.41353 0
    endloop
  endfacet
  facet normal -0.336879 -0.941548 0
    outer loop
      vertex 36.3063 4.30623 0
      vertex 36.7221 4.15746 4
      vertex 36.3063 4.30623 4
    endloop
  endfacet
  facet normal -0.336879 -0.941548 -0
    outer loop
      vertex 36.7221 4.15746 4
      vertex 36.3063 4.30623 0
      vertex 36.7221 4.15746 0
    endloop
  endfacet
  facet normal -0.989176 -0.146736 9.39075e-19
    outer loop
      vertex 39.4783 0.441076 0
      vertex 39.4135 0.877906 4
      vertex 39.4135 0.877906 0
    endloop
  endfacet
  facet normal -0.989176 -0.146736 9.39075e-19
    outer loop
      vertex 39.4135 0.877906 4
      vertex 39.4783 0.441076 0
      vertex 39.4783 0.441076 4
    endloop
  endfacet
  facet normal -0.998792 -0.0491384 2.78581e-19
    outer loop
      vertex 39.5 0 0
      vertex 39.4783 0.441076 4
      vertex 39.4783 0.441076 0
    endloop
  endfacet
  facet normal -0.998792 -0.0491384 2.78581e-19
    outer loop
      vertex 39.4783 0.441076 4
      vertex 39.5 0 0
      vertex 39.5 0 4
    endloop
  endfacet
  facet normal -0.970032 -0.242976 -1.54048e-18
    outer loop
      vertex 39.4135 0.877906 0
      vertex 39.3062 1.30628 4
      vertex 39.3062 1.30628 0
    endloop
  endfacet
  facet normal -0.970032 -0.242976 -1.54048e-18
    outer loop
      vertex 39.3062 1.30628 4
      vertex 39.4135 0.877906 0
      vertex 39.4135 0.877906 4
    endloop
  endfacet
  facet normal 0.595694 -0.803211 0
    outer loop
      vertex 32.1452 3.47855 0
      vertex 32.4999 3.74161 4
      vertex 32.1452 3.47855 4
    endloop
  endfacet
  facet normal 0.595694 -0.803211 0
    outer loop
      vertex 32.4999 3.74161 4
      vertex 32.1452 3.47855 0
      vertex 32.4999 3.74161 0
    endloop
  endfacet
  facet normal -0.741025 -0.671477 3.01482e-18
    outer loop
      vertex 38.4785 2.85477 0
      vertex 38.182 3.18198 4
      vertex 38.182 3.18198 0
    endloop
  endfacet
  facet normal -0.741025 -0.671477 3.01482e-18
    outer loop
      vertex 38.182 3.18198 4
      vertex 38.4785 2.85477 0
      vertex 38.4785 2.85477 4
    endloop
  endfacet
  facet normal -0.803168 -0.595753 3.79589e-18
    outer loop
      vertex 38.7416 2.50007 0
      vertex 38.4785 2.85477 4
      vertex 38.4785 2.85477 0
    endloop
  endfacet
  facet normal -0.803168 -0.595753 3.79589e-18
    outer loop
      vertex 38.4785 2.85477 4
      vertex 38.7416 2.50007 0
      vertex 38.7416 2.50007 4
    endloop
  endfacet
  facet normal 0.941596 -0.336745 -1.29917e-18
    outer loop
      vertex 30.6938 1.30628 4
      vertex 30.8425 1.72207 0
      vertex 30.8425 1.72207 4
    endloop
  endfacet
  facet normal 0.941596 -0.336745 -1.29917e-18
    outer loop
      vertex 30.8425 1.72207 0
      vertex 30.6938 1.30628 4
      vertex 30.6938 1.30628 0
    endloop
  endfacet
  facet normal -0.998792 0.0491384 -2.78581e-19
    outer loop
      vertex 39.4783 -0.441076 0
      vertex 39.5 0 4
      vertex 39.5 0 0
    endloop
  endfacet
  facet normal -0.998792 0.0491384 -2.78581e-19
    outer loop
      vertex 39.5 0 4
      vertex 39.4783 -0.441076 0
      vertex 39.4783 -0.441076 4
    endloop
  endfacet
  facet normal -0.242962 -0.970036 0
    outer loop
      vertex 35.8779 4.41353 0
      vertex 36.3063 4.30623 4
      vertex 35.8779 4.41353 4
    endloop
  endfacet
  facet normal -0.242962 -0.970036 -0
    outer loop
      vertex 36.3063 4.30623 4
      vertex 35.8779 4.41353 0
      vertex 36.3063 4.30623 0
    endloop
  endfacet
  facet normal -0.514096 0.857733 0
    outer loop
      vertex 37.5001 -3.74161 0
      vertex 37.1213 -3.96865 4
      vertex 37.5001 -3.74161 4
    endloop
  endfacet
  facet normal -0.514096 0.857733 0
    outer loop
      vertex 37.1213 -3.96865 4
      vertex 37.5001 -3.74161 0
      vertex 37.1213 -3.96865 0
    endloop
  endfacet
  facet normal -0.941596 -0.336745 8.45352e-19
    outer loop
      vertex 39.3062 1.30628 0
      vertex 39.1575 1.72207 4
      vertex 39.1575 1.72207 0
    endloop
  endfacet
  facet normal -0.941596 -0.336745 8.45352e-19
    outer loop
      vertex 39.1575 1.72207 4
      vertex 39.3062 1.30628 0
      vertex 39.3062 1.30628 4
    endloop
  endfacet
  facet normal -0.803168 0.595753 -3.79589e-18
    outer loop
      vertex 38.4785 -2.85477 0
      vertex 38.7416 -2.50007 4
      vertex 38.7416 -2.50007 0
    endloop
  endfacet
  facet normal -0.803168 0.595753 -3.79589e-18
    outer loop
      vertex 38.7416 -2.50007 4
      vertex 38.4785 -2.85477 0
      vertex 38.4785 -2.85477 4
    endloop
  endfacet
  facet normal 0.242962 -0.970036 0
    outer loop
      vertex 33.6937 4.30623 0
      vertex 34.1221 4.41353 4
      vertex 33.6937 4.30623 4
    endloop
  endfacet
  facet normal 0.242962 -0.970036 0
    outer loop
      vertex 34.1221 4.41353 4
      vertex 33.6937 4.30623 0
      vertex 34.1221 4.41353 0
    endloop
  endfacet
  facet normal -0.514096 -0.857733 0
    outer loop
      vertex 37.1213 3.96865 0
      vertex 37.5001 3.74161 4
      vertex 37.1213 3.96865 4
    endloop
  endfacet
  facet normal -0.514096 -0.857733 -0
    outer loop
      vertex 37.5001 3.74161 4
      vertex 37.1213 3.96865 0
      vertex 37.5001 3.74161 0
    endloop
  endfacet
  facet normal 0.514096 0.857733 -0
    outer loop
      vertex 32.8787 -3.96865 0
      vertex 32.4999 -3.74161 4
      vertex 32.8787 -3.96865 4
    endloop
  endfacet
  facet normal 0.514096 0.857733 0
    outer loop
      vertex 32.4999 -3.74161 4
      vertex 32.8787 -3.96865 0
      vertex 32.4999 -3.74161 0
    endloop
  endfacet
  facet normal -0.595694 -0.803211 0
    outer loop
      vertex 37.5001 3.74161 0
      vertex 37.8548 3.47855 4
      vertex 37.5001 3.74161 4
    endloop
  endfacet
  facet normal -0.595694 -0.803211 -0
    outer loop
      vertex 37.8548 3.47855 4
      vertex 37.5001 3.74161 0
      vertex 37.8548 3.47855 0
    endloop
  endfacet
  facet normal -0.970032 0.242976 1.54048e-18
    outer loop
      vertex 39.3062 -1.30628 0
      vertex 39.4135 -0.877906 4
      vertex 39.4135 -0.877906 0
    endloop
  endfacet
  facet normal -0.970032 0.242976 1.54048e-18
    outer loop
      vertex 39.4135 -0.877906 4
      vertex 39.3062 -1.30628 0
      vertex 39.3062 -1.30628 4
    endloop
  endfacet
  facet normal -0.146746 0.989174 0
    outer loop
      vertex 35.8779 -4.41353 0
      vertex 35.4411 -4.47833 4
      vertex 35.8779 -4.41353 4
    endloop
  endfacet
  facet normal -0.146746 0.989174 0
    outer loop
      vertex 35.4411 -4.47833 4
      vertex 35.8779 -4.41353 0
      vertex 35.4411 -4.47833 0
    endloop
  endfacet
  facet normal 0.903913 -0.427717 3.27875e-19
    outer loop
      vertex 30.8425 1.72207 4
      vertex 31.0314 2.12128 0
      vertex 31.0314 2.12128 4
    endloop
  endfacet
  facet normal 0.903913 -0.427717 3.27875e-19
    outer loop
      vertex 31.0314 2.12128 0
      vertex 30.8425 1.72207 4
      vertex 30.8425 1.72207 0
    endloop
  endfacet
  facet normal 0.146746 0.989174 -0
    outer loop
      vertex 34.5589 -4.47833 0
      vertex 34.1221 -4.41353 4
      vertex 34.5589 -4.47833 4
    endloop
  endfacet
  facet normal 0.146746 0.989174 0
    outer loop
      vertex 34.1221 -4.41353 4
      vertex 34.5589 -4.47833 0
      vertex 34.1221 -4.41353 0
    endloop
  endfacet
  facet normal 0.514096 -0.857733 0
    outer loop
      vertex 32.4999 3.74161 0
      vertex 32.8787 3.96865 4
      vertex 32.4999 3.74161 4
    endloop
  endfacet
  facet normal 0.514096 -0.857733 0
    outer loop
      vertex 32.8787 3.96865 4
      vertex 32.4999 3.74161 0
      vertex 32.8787 3.96865 0
    endloop
  endfacet
  facet normal -0.903913 0.427717 -1.22567e-18
    outer loop
      vertex 38.9686 -2.12128 0
      vertex 39.1575 -1.72207 4
      vertex 39.1575 -1.72207 0
    endloop
  endfacet
  facet normal -0.903913 0.427717 -1.22567e-18
    outer loop
      vertex 39.1575 -1.72207 4
      vertex 38.9686 -2.12128 0
      vertex 38.9686 -2.12128 4
    endloop
  endfacet
  facet normal 0.671575 -0.740936 0
    outer loop
      vertex 31.818 3.18198 0
      vertex 32.1452 3.47855 4
      vertex 31.818 3.18198 4
    endloop
  endfacet
  facet normal 0.671575 -0.740936 0
    outer loop
      vertex 32.1452 3.47855 4
      vertex 31.818 3.18198 0
      vertex 32.1452 3.47855 0
    endloop
  endfacet
  facet normal -0.903913 -0.427717 1.22567e-18
    outer loop
      vertex 39.1575 1.72207 0
      vertex 38.9686 2.12128 4
      vertex 38.9686 2.12128 0
    endloop
  endfacet
  facet normal -0.903913 -0.427717 1.22567e-18
    outer loop
      vertex 38.9686 2.12128 4
      vertex 39.1575 1.72207 0
      vertex 39.1575 1.72207 4
    endloop
  endfacet
  facet normal 0.970032 0.242976 -2.54047e-19
    outer loop
      vertex 30.6938 -1.30628 4
      vertex 30.5865 -0.877906 0
      vertex 30.5865 -0.877906 4
    endloop
  endfacet
  facet normal 0.970032 0.242976 -2.54047e-19
    outer loop
      vertex 30.5865 -0.877906 0
      vertex 30.6938 -1.30628 4
      vertex 30.6938 -1.30628 0
    endloop
  endfacet
  facet normal -0.049068 0.998795 0
    outer loop
      vertex 35.4411 -4.47833 0
      vertex 35 -4.5 4
      vertex 35.4411 -4.47833 4
    endloop
  endfacet
  facet normal -0.049068 0.998795 0
    outer loop
      vertex 35 -4.5 4
      vertex 35.4411 -4.47833 0
      vertex 35 -4.5 0
    endloop
  endfacet
  facet normal -0.42756 0.903987 0
    outer loop
      vertex 37.1213 -3.96865 0
      vertex 36.7221 -4.15746 4
      vertex 37.1213 -3.96865 4
    endloop
  endfacet
  facet normal -0.42756 0.903987 0
    outer loop
      vertex 36.7221 -4.15746 4
      vertex 37.1213 -3.96865 0
      vertex 36.7221 -4.15746 0
    endloop
  endfacet
  facet normal -0.42756 -0.903987 0
    outer loop
      vertex 36.7221 4.15746 0
      vertex 37.1213 3.96865 4
      vertex 36.7221 4.15746 4
    endloop
  endfacet
  facet normal -0.42756 -0.903987 -0
    outer loop
      vertex 37.1213 3.96865 4
      vertex 36.7221 4.15746 0
      vertex 37.1213 3.96865 0
    endloop
  endfacet
  facet normal -0.857767 0.514039 -4.42942e-19
    outer loop
      vertex 38.7416 -2.50007 0
      vertex 38.9686 -2.12128 4
      vertex 38.9686 -2.12128 0
    endloop
  endfacet
  facet normal -0.857767 0.514039 -4.42942e-19
    outer loop
      vertex 38.9686 -2.12128 4
      vertex 38.7416 -2.50007 0
      vertex 38.7416 -2.50007 4
    endloop
  endfacet
  facet normal -0.671575 0.740936 0
    outer loop
      vertex 38.182 -3.18198 0
      vertex 37.8548 -3.47855 4
      vertex 38.182 -3.18198 4
    endloop
  endfacet
  facet normal -0.671575 0.740936 0
    outer loop
      vertex 37.8548 -3.47855 4
      vertex 38.182 -3.18198 0
      vertex 37.8548 -3.47855 0
    endloop
  endfacet
  facet normal 0.941596 0.336745 1.29917e-18
    outer loop
      vertex 30.8425 -1.72207 4
      vertex 30.6938 -1.30628 0
      vertex 30.6938 -1.30628 4
    endloop
  endfacet
  facet normal 0.941596 0.336745 1.29917e-18
    outer loop
      vertex 30.6938 -1.30628 0
      vertex 30.8425 -1.72207 4
      vertex 30.8425 -1.72207 0
    endloop
  endfacet
  facet normal -0.336879 0.941548 0
    outer loop
      vertex 36.7221 -4.15746 0
      vertex 36.3063 -4.30623 4
      vertex 36.7221 -4.15746 4
    endloop
  endfacet
  facet normal -0.336879 0.941548 0
    outer loop
      vertex 36.3063 -4.30623 4
      vertex 36.7221 -4.15746 0
      vertex 36.3063 -4.30623 0
    endloop
  endfacet
  facet normal 0.989176 -0.146736 -3.22508e-19
    outer loop
      vertex 30.5217 0.441076 4
      vertex 30.5865 0.877906 0
      vertex 30.5865 0.877906 4
    endloop
  endfacet
  facet normal 0.989176 -0.146736 -3.22508e-19
    outer loop
      vertex 30.5865 0.877906 0
      vertex 30.5217 0.441076 4
      vertex 30.5217 0.441076 0
    endloop
  endfacet
  facet normal -0.989176 0.146736 -9.39075e-19
    outer loop
      vertex 39.4135 -0.877906 0
      vertex 39.4783 -0.441076 4
      vertex 39.4783 -0.441076 0
    endloop
  endfacet
  facet normal -0.989176 0.146736 -9.39075e-19
    outer loop
      vertex 39.4783 -0.441076 4
      vertex 39.4135 -0.877906 0
      vertex 39.4135 -0.877906 4
    endloop
  endfacet
  facet normal 0.336879 -0.941548 0
    outer loop
      vertex 33.2779 4.15746 0
      vertex 33.6937 4.30623 4
      vertex 33.2779 4.15746 4
    endloop
  endfacet
  facet normal 0.336879 -0.941548 0
    outer loop
      vertex 33.6937 4.30623 4
      vertex 33.2779 4.15746 0
      vertex 33.6937 4.30623 0
    endloop
  endfacet
  facet normal -0.671575 -0.740936 0
    outer loop
      vertex 37.8548 3.47855 0
      vertex 38.182 3.18198 4
      vertex 37.8548 3.47855 4
    endloop
  endfacet
  facet normal -0.671575 -0.740936 -0
    outer loop
      vertex 38.182 3.18198 4
      vertex 37.8548 3.47855 0
      vertex 38.182 3.18198 0
    endloop
  endfacet
  facet normal 0.671575 0.740936 -0
    outer loop
      vertex 32.1452 -3.47855 0
      vertex 31.818 -3.18198 4
      vertex 32.1452 -3.47855 4
    endloop
  endfacet
  facet normal 0.671575 0.740936 0
    outer loop
      vertex 31.818 -3.18198 4
      vertex 32.1452 -3.47855 0
      vertex 31.818 -3.18198 0
    endloop
  endfacet
  facet normal 0.146746 -0.989174 0
    outer loop
      vertex 34.1221 4.41353 0
      vertex 34.5589 4.47833 4
      vertex 34.1221 4.41353 4
    endloop
  endfacet
  facet normal 0.146746 -0.989174 0
    outer loop
      vertex 34.5589 4.47833 4
      vertex 34.1221 4.41353 0
      vertex 34.5589 4.47833 0
    endloop
  endfacet
  facet normal 0.42756 -0.903987 0
    outer loop
      vertex 32.8787 3.96865 0
      vertex 33.2779 4.15746 4
      vertex 32.8787 3.96865 4
    endloop
  endfacet
  facet normal 0.42756 -0.903987 0
    outer loop
      vertex 33.2779 4.15746 4
      vertex 32.8787 3.96865 0
      vertex 33.2779 4.15746 0
    endloop
  endfacet
  facet normal -0.857767 -0.514039 4.42942e-19
    outer loop
      vertex 38.9686 2.12128 0
      vertex 38.7416 2.50007 4
      vertex 38.7416 2.50007 0
    endloop
  endfacet
  facet normal -0.857767 -0.514039 4.42942e-19
    outer loop
      vertex 38.7416 2.50007 4
      vertex 38.9686 2.12128 0
      vertex 38.9686 2.12128 4
    endloop
  endfacet
  facet normal -0.741025 0.671477 -3.01482e-18
    outer loop
      vertex 38.182 -3.18198 0
      vertex 38.4785 -2.85477 4
      vertex 38.4785 -2.85477 0
    endloop
  endfacet
  facet normal -0.741025 0.671477 -3.01482e-18
    outer loop
      vertex 38.4785 -2.85477 4
      vertex 38.182 -3.18198 0
      vertex 38.182 -3.18198 4
    endloop
  endfacet
  facet normal 0.857767 -0.514039 -2.09132e-19
    outer loop
      vertex 31.0314 2.12128 4
      vertex 31.2584 2.50007 0
      vertex 31.2584 2.50007 4
    endloop
  endfacet
  facet normal 0.857767 -0.514039 -2.09132e-19
    outer loop
      vertex 31.2584 2.50007 0
      vertex 31.0314 2.12128 4
      vertex 31.0314 2.12128 0
    endloop
  endfacet
  facet normal -0.941596 0.336745 -8.45352e-19
    outer loop
      vertex 39.1575 -1.72207 0
      vertex 39.3062 -1.30628 4
      vertex 39.3062 -1.30628 0
    endloop
  endfacet
  facet normal -0.941596 0.336745 -8.45352e-19
    outer loop
      vertex 39.3062 -1.30628 4
      vertex 39.1575 -1.72207 0
      vertex 39.1575 -1.72207 4
    endloop
  endfacet
  facet normal 0.970032 -0.242976 2.54047e-19
    outer loop
      vertex 30.5865 0.877906 4
      vertex 30.6938 1.30628 0
      vertex 30.6938 1.30628 4
    endloop
  endfacet
  facet normal 0.970032 -0.242976 2.54047e-19
    outer loop
      vertex 30.6938 1.30628 0
      vertex 30.5865 0.877906 4
      vertex 30.5865 0.877906 0
    endloop
  endfacet
  facet normal 0.049068 -0.998795 0
    outer loop
      vertex 34.5589 4.47833 0
      vertex 35 4.5 4
      vertex 34.5589 4.47833 4
    endloop
  endfacet
  facet normal 0.049068 -0.998795 0
    outer loop
      vertex 35 4.5 4
      vertex 34.5589 4.47833 0
      vertex 35 4.5 0
    endloop
  endfacet
  facet normal 0.803168 0.595753 2.24982e-18
    outer loop
      vertex 31.5215 -2.85477 4
      vertex 31.2584 -2.50007 0
      vertex 31.2584 -2.50007 4
    endloop
  endfacet
  facet normal 0.803168 0.595753 2.24982e-18
    outer loop
      vertex 31.2584 -2.50007 0
      vertex 31.5215 -2.85477 4
      vertex 31.5215 -2.85477 0
    endloop
  endfacet
  facet normal 0.989176 0.146736 3.22508e-19
    outer loop
      vertex 30.5865 -0.877906 4
      vertex 30.5217 -0.441076 0
      vertex 30.5217 -0.441076 4
    endloop
  endfacet
  facet normal 0.989176 0.146736 3.22508e-19
    outer loop
      vertex 30.5217 -0.441076 0
      vertex 30.5865 -0.877906 4
      vertex 30.5865 -0.877906 0
    endloop
  endfacet
  facet normal 0.857767 0.514039 2.09132e-19
    outer loop
      vertex 31.2584 -2.50007 4
      vertex 31.0314 -2.12128 0
      vertex 31.0314 -2.12128 4
    endloop
  endfacet
  facet normal 0.857767 0.514039 2.09132e-19
    outer loop
      vertex 31.0314 -2.12128 0
      vertex 31.2584 -2.50007 4
      vertex 31.2584 -2.50007 0
    endloop
  endfacet
  facet normal 0.741025 -0.671477 1.16142e-18
    outer loop
      vertex 31.5215 2.85477 4
      vertex 31.818 3.18198 0
      vertex 31.818 3.18198 4
    endloop
  endfacet
  facet normal 0.741025 -0.671477 1.16142e-18
    outer loop
      vertex 31.818 3.18198 0
      vertex 31.5215 2.85477 4
      vertex 31.5215 2.85477 0
    endloop
  endfacet
  facet normal 0.049068 0.998795 -0
    outer loop
      vertex 35 -4.5 0
      vertex 34.5589 -4.47833 4
      vertex 35 -4.5 4
    endloop
  endfacet
  facet normal 0.049068 0.998795 0
    outer loop
      vertex 34.5589 -4.47833 4
      vertex 35 -4.5 0
      vertex 34.5589 -4.47833 0
    endloop
  endfacet
  facet normal -0.595694 0.803211 0
    outer loop
      vertex 37.8548 -3.47855 0
      vertex 37.5001 -3.74161 4
      vertex 37.8548 -3.47855 4
    endloop
  endfacet
  facet normal -0.595694 0.803211 0
    outer loop
      vertex 37.5001 -3.74161 4
      vertex 37.8548 -3.47855 0
      vertex 37.5001 -3.74161 0
    endloop
  endfacet
  facet normal -0.049068 -0.998795 0
    outer loop
      vertex 35 4.5 0
      vertex 35.4411 4.47833 4
      vertex 35 4.5 4
    endloop
  endfacet
  facet normal -0.049068 -0.998795 -0
    outer loop
      vertex 35.4411 4.47833 4
      vertex 35 4.5 0
      vertex 35.4411 4.47833 0
    endloop
  endfacet
  facet normal 0.803168 -0.595753 -2.24982e-18
    outer loop
      vertex 31.2584 2.50007 4
      vertex 31.5215 2.85477 0
      vertex 31.5215 2.85477 4
    endloop
  endfacet
  facet normal 0.803168 -0.595753 -2.24982e-18
    outer loop
      vertex 31.5215 2.85477 0
      vertex 31.2584 2.50007 4
      vertex 31.2584 2.50007 0
    endloop
  endfacet
  facet normal -0.242962 0.970036 0
    outer loop
      vertex 36.3063 -4.30623 0
      vertex 35.8779 -4.41353 4
      vertex 36.3063 -4.30623 4
    endloop
  endfacet
  facet normal -0.242962 0.970036 0
    outer loop
      vertex 35.8779 -4.41353 4
      vertex 36.3063 -4.30623 0
      vertex 35.8779 -4.41353 0
    endloop
  endfacet
  facet normal 0.336879 0.941548 -0
    outer loop
      vertex 33.6937 -4.30623 0
      vertex 33.2779 -4.15746 4
      vertex 33.6937 -4.30623 4
    endloop
  endfacet
  facet normal 0.336879 0.941548 0
    outer loop
      vertex 33.2779 -4.15746 4
      vertex 33.6937 -4.30623 0
      vertex 33.2779 -4.15746 0
    endloop
  endfacet
  facet normal 0.242962 0.970036 -0
    outer loop
      vertex 34.1221 -4.41353 0
      vertex 33.6937 -4.30623 4
      vertex 34.1221 -4.41353 4
    endloop
  endfacet
  facet normal 0.242962 0.970036 0
    outer loop
      vertex 33.6937 -4.30623 4
      vertex 34.1221 -4.41353 0
      vertex 33.6937 -4.30623 0
    endloop
  endfacet
  facet normal 0.595694 0.803211 -0
    outer loop
      vertex 32.4999 -3.74161 0
      vertex 32.1452 -3.47855 4
      vertex 32.4999 -3.74161 4
    endloop
  endfacet
  facet normal 0.595694 0.803211 0
    outer loop
      vertex 32.1452 -3.47855 4
      vertex 32.4999 -3.74161 0
      vertex 32.1452 -3.47855 0
    endloop
  endfacet
  facet normal 0.42756 0.903987 -0
    outer loop
      vertex 33.2779 -4.15746 0
      vertex 32.8787 -3.96865 4
      vertex 33.2779 -4.15746 4
    endloop
  endfacet
  facet normal 0.42756 0.903987 0
    outer loop
      vertex 32.8787 -3.96865 4
      vertex 33.2779 -4.15746 0
      vertex 32.8787 -3.96865 0
    endloop
  endfacet
  facet normal 0.998792 -0.0491384 3.85628e-19
    outer loop
      vertex 30.5 0 4
      vertex 30.5217 0.441076 0
      vertex 30.5217 0.441076 4
    endloop
  endfacet
  facet normal 0.998792 -0.0491384 3.85628e-19
    outer loop
      vertex 30.5217 0.441076 0
      vertex 30.5 0 4
      vertex 30.5 0 0
    endloop
  endfacet
  facet normal 0.998792 0.0491384 -3.85628e-19
    outer loop
      vertex 30.5217 -0.441076 4
      vertex 30.5 0 0
      vertex 30.5 0 4
    endloop
  endfacet
  facet normal 0.998792 0.0491384 -3.85628e-19
    outer loop
      vertex 30.5 0 0
      vertex 30.5217 -0.441076 4
      vertex 30.5217 -0.441076 0
    endloop
  endfacet
  facet normal 0.903913 0.427717 -3.27875e-19
    outer loop
      vertex 31.0314 -2.12128 4
      vertex 30.8425 -1.72207 0
      vertex 30.8425 -1.72207 4
    endloop
  endfacet
  facet normal 0.903913 0.427717 -3.27875e-19
    outer loop
      vertex 30.8425 -1.72207 0
      vertex 31.0314 -2.12128 4
      vertex 31.0314 -2.12128 0
    endloop
  endfacet
  facet normal 0.741025 0.671477 -1.16142e-18
    outer loop
      vertex 31.818 -3.18198 4
      vertex 31.5215 -2.85477 0
      vertex 31.5215 -2.85477 4
    endloop
  endfacet
  facet normal 0.741025 0.671477 -1.16142e-18
    outer loop
      vertex 31.5215 -2.85477 0
      vertex 31.818 -3.18198 4
      vertex 31.818 -3.18198 0
    endloop
  endfacet
  facet normal -0.146746 -0.989174 0
    outer loop
      vertex 20.4411 4.47833 0
      vertex 20.8779 4.41353 4
      vertex 20.4411 4.47833 4
    endloop
  endfacet
  facet normal -0.146746 -0.989174 -0
    outer loop
      vertex 20.8779 4.41353 4
      vertex 20.4411 4.47833 0
      vertex 20.8779 4.41353 0
    endloop
  endfacet
  facet normal -0.336879 -0.941548 0
    outer loop
      vertex 21.3063 4.30623 0
      vertex 21.7221 4.15746 4
      vertex 21.3063 4.30623 4
    endloop
  endfacet
  facet normal -0.336879 -0.941548 -0
    outer loop
      vertex 21.7221 4.15746 4
      vertex 21.3063 4.30623 0
      vertex 21.7221 4.15746 0
    endloop
  endfacet
  facet normal -0.989176 -0.146736 3.22508e-19
    outer loop
      vertex 24.4783 0.441076 0
      vertex 24.4135 0.877906 4
      vertex 24.4135 0.877906 0
    endloop
  endfacet
  facet normal -0.989176 -0.146736 3.22508e-19
    outer loop
      vertex 24.4135 0.877906 4
      vertex 24.4783 0.441076 0
      vertex 24.4783 0.441076 4
    endloop
  endfacet
  facet normal -0.998792 -0.0491384 -3.85628e-19
    outer loop
      vertex 24.5 0 0
      vertex 24.4783 0.441076 4
      vertex 24.4783 0.441076 0
    endloop
  endfacet
  facet normal -0.998792 -0.0491384 -3.85628e-19
    outer loop
      vertex 24.4783 0.441076 4
      vertex 24.5 0 0
      vertex 24.5 0 4
    endloop
  endfacet
  facet normal -0.970032 -0.242976 -2.54047e-19
    outer loop
      vertex 24.4135 0.877906 0
      vertex 24.3062 1.30628 4
      vertex 24.3062 1.30628 0
    endloop
  endfacet
  facet normal -0.970032 -0.242976 -2.54047e-19
    outer loop
      vertex 24.3062 1.30628 4
      vertex 24.4135 0.877906 0
      vertex 24.4135 0.877906 4
    endloop
  endfacet
  facet normal 0.595694 -0.803211 0
    outer loop
      vertex 17.1452 3.47855 0
      vertex 17.4999 3.74161 4
      vertex 17.1452 3.47855 4
    endloop
  endfacet
  facet normal 0.595694 -0.803211 0
    outer loop
      vertex 17.4999 3.74161 4
      vertex 17.1452 3.47855 0
      vertex 17.4999 3.74161 0
    endloop
  endfacet
  facet normal -0.741025 -0.671477 -1.16142e-18
    outer loop
      vertex 23.4785 2.85477 0
      vertex 23.182 3.18198 4
      vertex 23.182 3.18198 0
    endloop
  endfacet
  facet normal -0.741025 -0.671477 -1.16142e-18
    outer loop
      vertex 23.182 3.18198 4
      vertex 23.4785 2.85477 0
      vertex 23.4785 2.85477 4
    endloop
  endfacet
  facet normal -0.803168 -0.595753 2.24982e-18
    outer loop
      vertex 23.7416 2.50007 0
      vertex 23.4785 2.85477 4
      vertex 23.4785 2.85477 0
    endloop
  endfacet
  facet normal -0.803168 -0.595753 2.24982e-18
    outer loop
      vertex 23.4785 2.85477 4
      vertex 23.7416 2.50007 0
      vertex 23.7416 2.50007 4
    endloop
  endfacet
  facet normal 0.941596 -0.336745 8.91964e-19
    outer loop
      vertex 15.6938 1.30628 4
      vertex 15.8425 1.72207 0
      vertex 15.8425 1.72207 4
    endloop
  endfacet
  facet normal 0.941596 -0.336745 8.91964e-19
    outer loop
      vertex 15.8425 1.72207 0
      vertex 15.6938 1.30628 4
      vertex 15.6938 1.30628 0
    endloop
  endfacet
  facet normal -0.998792 0.0491384 3.85628e-19
    outer loop
      vertex 24.4783 -0.441076 0
      vertex 24.5 0 4
      vertex 24.5 0 0
    endloop
  endfacet
  facet normal -0.998792 0.0491384 3.85628e-19
    outer loop
      vertex 24.5 0 4
      vertex 24.4783 -0.441076 0
      vertex 24.4783 -0.441076 4
    endloop
  endfacet
  facet normal -0.242962 -0.970036 0
    outer loop
      vertex 20.8779 4.41353 0
      vertex 21.3063 4.30623 4
      vertex 20.8779 4.41353 4
    endloop
  endfacet
  facet normal -0.242962 -0.970036 -0
    outer loop
      vertex 21.3063 4.30623 4
      vertex 20.8779 4.41353 0
      vertex 21.3063 4.30623 0
    endloop
  endfacet
  facet normal -0.514096 0.857733 0
    outer loop
      vertex 22.5001 -3.74161 0
      vertex 22.1213 -3.96865 4
      vertex 22.5001 -3.74161 4
    endloop
  endfacet
  facet normal -0.514096 0.857733 0
    outer loop
      vertex 22.1213 -3.96865 4
      vertex 22.5001 -3.74161 0
      vertex 22.1213 -3.96865 0
    endloop
  endfacet
  facet normal -0.941596 -0.336745 1.29917e-18
    outer loop
      vertex 24.3062 1.30628 0
      vertex 24.1575 1.72207 4
      vertex 24.1575 1.72207 0
    endloop
  endfacet
  facet normal -0.941596 -0.336745 1.29917e-18
    outer loop
      vertex 24.1575 1.72207 4
      vertex 24.3062 1.30628 0
      vertex 24.3062 1.30628 4
    endloop
  endfacet
  facet normal -0.803168 0.595753 -2.24982e-18
    outer loop
      vertex 23.4785 -2.85477 0
      vertex 23.7416 -2.50007 4
      vertex 23.7416 -2.50007 0
    endloop
  endfacet
  facet normal -0.803168 0.595753 -2.24982e-18
    outer loop
      vertex 23.7416 -2.50007 4
      vertex 23.4785 -2.85477 0
      vertex 23.4785 -2.85477 4
    endloop
  endfacet
  facet normal 0.242962 -0.970036 0
    outer loop
      vertex 18.6937 4.30623 0
      vertex 19.1221 4.41353 4
      vertex 18.6937 4.30623 4
    endloop
  endfacet
  facet normal 0.242962 -0.970036 0
    outer loop
      vertex 19.1221 4.41353 4
      vertex 18.6937 4.30623 0
      vertex 19.1221 4.41353 0
    endloop
  endfacet
  facet normal -0.514096 -0.857733 0
    outer loop
      vertex 22.1213 3.96865 0
      vertex 22.5001 3.74161 4
      vertex 22.1213 3.96865 4
    endloop
  endfacet
  facet normal -0.514096 -0.857733 -0
    outer loop
      vertex 22.5001 3.74161 4
      vertex 22.1213 3.96865 0
      vertex 22.5001 3.74161 0
    endloop
  endfacet
  facet normal 0.514096 0.857733 -0
    outer loop
      vertex 17.8787 -3.96865 0
      vertex 17.4999 -3.74161 4
      vertex 17.8787 -3.96865 4
    endloop
  endfacet
  facet normal 0.514096 0.857733 0
    outer loop
      vertex 17.4999 -3.74161 4
      vertex 17.8787 -3.96865 0
      vertex 17.4999 -3.74161 0
    endloop
  endfacet
  facet normal -0.595694 -0.803211 0
    outer loop
      vertex 22.5001 3.74161 0
      vertex 22.8548 3.47855 4
      vertex 22.5001 3.74161 4
    endloop
  endfacet
  facet normal -0.595694 -0.803211 -0
    outer loop
      vertex 22.8548 3.47855 4
      vertex 22.5001 3.74161 0
      vertex 22.8548 3.47855 0
    endloop
  endfacet
  facet normal -0.970032 0.242976 2.54047e-19
    outer loop
      vertex 24.3062 -1.30628 0
      vertex 24.4135 -0.877906 4
      vertex 24.4135 -0.877906 0
    endloop
  endfacet
  facet normal -0.970032 0.242976 2.54047e-19
    outer loop
      vertex 24.4135 -0.877906 4
      vertex 24.3062 -1.30628 0
      vertex 24.3062 -1.30628 4
    endloop
  endfacet
  facet normal -0.146746 0.989174 0
    outer loop
      vertex 20.8779 -4.41353 0
      vertex 20.4411 -4.47833 4
      vertex 20.8779 -4.41353 4
    endloop
  endfacet
  facet normal -0.146746 0.989174 0
    outer loop
      vertex 20.4411 -4.47833 4
      vertex 20.8779 -4.41353 0
      vertex 20.4411 -4.47833 0
    endloop
  endfacet
  facet normal 0.903913 -0.427717 1.10465e-18
    outer loop
      vertex 15.8425 1.72207 4
      vertex 16.0314 2.12128 0
      vertex 16.0314 2.12128 4
    endloop
  endfacet
  facet normal 0.903913 -0.427717 1.10465e-18
    outer loop
      vertex 16.0314 2.12128 0
      vertex 15.8425 1.72207 4
      vertex 15.8425 1.72207 0
    endloop
  endfacet
  facet normal 0.146746 0.989174 -0
    outer loop
      vertex 19.5589 -4.47833 0
      vertex 19.1221 -4.41353 4
      vertex 19.5589 -4.47833 4
    endloop
  endfacet
  facet normal 0.146746 0.989174 0
    outer loop
      vertex 19.1221 -4.41353 4
      vertex 19.5589 -4.47833 0
      vertex 19.1221 -4.41353 0
    endloop
  endfacet
  facet normal 0.514096 -0.857733 0
    outer loop
      vertex 17.4999 3.74161 0
      vertex 17.8787 3.96865 4
      vertex 17.4999 3.74161 4
    endloop
  endfacet
  facet normal 0.514096 -0.857733 0
    outer loop
      vertex 17.8787 3.96865 4
      vertex 17.4999 3.74161 0
      vertex 17.8787 3.96865 0
    endloop
  endfacet
  facet normal -0.903913 0.427717 3.27875e-19
    outer loop
      vertex 23.9686 -2.12128 0
      vertex 24.1575 -1.72207 4
      vertex 24.1575 -1.72207 0
    endloop
  endfacet
  facet normal -0.903913 0.427717 3.27875e-19
    outer loop
      vertex 24.1575 -1.72207 4
      vertex 23.9686 -2.12128 0
      vertex 23.9686 -2.12128 4
    endloop
  endfacet
  facet normal 0.671575 -0.740936 0
    outer loop
      vertex 16.818 3.18198 0
      vertex 17.1452 3.47855 4
      vertex 16.818 3.18198 4
    endloop
  endfacet
  facet normal 0.671575 -0.740936 0
    outer loop
      vertex 17.1452 3.47855 4
      vertex 16.818 3.18198 0
      vertex 17.1452 3.47855 0
    endloop
  endfacet
  facet normal -0.903913 -0.427717 -3.27875e-19
    outer loop
      vertex 24.1575 1.72207 0
      vertex 23.9686 2.12128 4
      vertex 23.9686 2.12128 0
    endloop
  endfacet
  facet normal -0.903913 -0.427717 -3.27875e-19
    outer loop
      vertex 23.9686 2.12128 4
      vertex 24.1575 1.72207 0
      vertex 24.1575 1.72207 4
    endloop
  endfacet
  facet normal 0.970032 0.242976 1.06683e-18
    outer loop
      vertex 15.6938 -1.30628 4
      vertex 15.5865 -0.877906 0
      vertex 15.5865 -0.877906 4
    endloop
  endfacet
  facet normal 0.970032 0.242976 1.06683e-18
    outer loop
      vertex 15.5865 -0.877906 0
      vertex 15.6938 -1.30628 4
      vertex 15.6938 -1.30628 0
    endloop
  endfacet
  facet normal -0.049068 0.998795 0
    outer loop
      vertex 20.4411 -4.47833 0
      vertex 20 -4.5 4
      vertex 20.4411 -4.47833 4
    endloop
  endfacet
  facet normal -0.049068 0.998795 0
    outer loop
      vertex 20 -4.5 4
      vertex 20.4411 -4.47833 0
      vertex 20 -4.5 0
    endloop
  endfacet
  facet normal -0.42756 0.903987 0
    outer loop
      vertex 22.1213 -3.96865 0
      vertex 21.7221 -4.15746 4
      vertex 22.1213 -3.96865 4
    endloop
  endfacet
  facet normal -0.42756 0.903987 0
    outer loop
      vertex 21.7221 -4.15746 4
      vertex 22.1213 -3.96865 0
      vertex 21.7221 -4.15746 0
    endloop
  endfacet
  facet normal -0.42756 -0.903987 0
    outer loop
      vertex 21.7221 4.15746 0
      vertex 22.1213 3.96865 4
      vertex 21.7221 4.15746 4
    endloop
  endfacet
  facet normal -0.42756 -0.903987 -0
    outer loop
      vertex 22.1213 3.96865 4
      vertex 21.7221 4.15746 0
      vertex 22.1213 3.96865 0
    endloop
  endfacet
  facet normal -0.857767 0.514039 -2.09132e-19
    outer loop
      vertex 23.7416 -2.50007 0
      vertex 23.9686 -2.12128 4
      vertex 23.9686 -2.12128 0
    endloop
  endfacet
  facet normal -0.857767 0.514039 -2.09132e-19
    outer loop
      vertex 23.9686 -2.12128 4
      vertex 23.7416 -2.50007 0
      vertex 23.7416 -2.50007 4
    endloop
  endfacet
  facet normal 0.941596 0.336745 -8.91964e-19
    outer loop
      vertex 15.8425 -1.72207 4
      vertex 15.6938 -1.30628 0
      vertex 15.6938 -1.30628 4
    endloop
  endfacet
  facet normal 0.941596 0.336745 -8.91964e-19
    outer loop
      vertex 15.6938 -1.30628 0
      vertex 15.8425 -1.72207 4
      vertex 15.8425 -1.72207 0
    endloop
  endfacet
  facet normal -0.336879 0.941548 0
    outer loop
      vertex 21.7221 -4.15746 0
      vertex 21.3063 -4.30623 4
      vertex 21.7221 -4.15746 4
    endloop
  endfacet
  facet normal -0.336879 0.941548 0
    outer loop
      vertex 21.3063 -4.30623 4
      vertex 21.7221 -4.15746 0
      vertex 21.3063 -4.30623 0
    endloop
  endfacet
  facet normal 0.989176 -0.146736 3.51253e-19
    outer loop
      vertex 15.5217 0.441076 4
      vertex 15.5865 0.877906 0
      vertex 15.5865 0.877906 4
    endloop
  endfacet
  facet normal 0.989176 -0.146736 3.51253e-19
    outer loop
      vertex 15.5865 0.877906 0
      vertex 15.5217 0.441076 4
      vertex 15.5217 0.441076 0
    endloop
  endfacet
  facet normal -0.989176 0.146736 -3.22508e-19
    outer loop
      vertex 24.4135 -0.877906 0
      vertex 24.4783 -0.441076 4
      vertex 24.4783 -0.441076 0
    endloop
  endfacet
  facet normal -0.989176 0.146736 -3.22508e-19
    outer loop
      vertex 24.4783 -0.441076 4
      vertex 24.4135 -0.877906 0
      vertex 24.4135 -0.877906 4
    endloop
  endfacet
  facet normal 0.336879 -0.941548 0
    outer loop
      vertex 18.2779 4.15746 0
      vertex 18.6937 4.30623 4
      vertex 18.2779 4.15746 4
    endloop
  endfacet
  facet normal 0.336879 -0.941548 0
    outer loop
      vertex 18.6937 4.30623 4
      vertex 18.2779 4.15746 0
      vertex 18.6937 4.30623 0
    endloop
  endfacet
  facet normal 0.903913 0.427717 -1.10465e-18
    outer loop
      vertex 16.0314 -2.12128 4
      vertex 15.8425 -1.72207 0
      vertex 15.8425 -1.72207 4
    endloop
  endfacet
  facet normal 0.903913 0.427717 -1.10465e-18
    outer loop
      vertex 15.8425 -1.72207 0
      vertex 16.0314 -2.12128 4
      vertex 16.0314 -2.12128 0
    endloop
  endfacet
  facet normal -0.671575 -0.740936 0
    outer loop
      vertex 22.8548 3.47855 0
      vertex 23.182 3.18198 4
      vertex 22.8548 3.47855 4
    endloop
  endfacet
  facet normal -0.671575 -0.740936 -0
    outer loop
      vertex 23.182 3.18198 4
      vertex 22.8548 3.47855 0
      vertex 23.182 3.18198 0
    endloop
  endfacet
  facet normal 0.671575 0.740936 -0
    outer loop
      vertex 17.1452 -3.47855 0
      vertex 16.818 -3.18198 4
      vertex 17.1452 -3.47855 4
    endloop
  endfacet
  facet normal 0.671575 0.740936 0
    outer loop
      vertex 16.818 -3.18198 4
      vertex 17.1452 -3.47855 0
      vertex 16.818 -3.18198 0
    endloop
  endfacet
  facet normal 0.146746 -0.989174 0
    outer loop
      vertex 19.1221 4.41353 0
      vertex 19.5589 4.47833 4
      vertex 19.1221 4.41353 4
    endloop
  endfacet
  facet normal 0.146746 -0.989174 0
    outer loop
      vertex 19.5589 4.47833 4
      vertex 19.1221 4.41353 0
      vertex 19.5589 4.47833 0
    endloop
  endfacet
  facet normal 0.42756 -0.903987 0
    outer loop
      vertex 17.8787 3.96865 0
      vertex 18.2779 4.15746 4
      vertex 17.8787 3.96865 4
    endloop
  endfacet
  facet normal 0.42756 -0.903987 0
    outer loop
      vertex 18.2779 4.15746 4
      vertex 17.8787 3.96865 0
      vertex 18.2779 4.15746 0
    endloop
  endfacet
  facet normal -0.857767 -0.514039 2.09132e-19
    outer loop
      vertex 23.9686 2.12128 0
      vertex 23.7416 2.50007 4
      vertex 23.7416 2.50007 0
    endloop
  endfacet
  facet normal -0.857767 -0.514039 2.09132e-19
    outer loop
      vertex 23.7416 2.50007 4
      vertex 23.9686 2.12128 0
      vertex 23.9686 2.12128 4
    endloop
  endfacet
  facet normal -0.741025 0.671477 1.16142e-18
    outer loop
      vertex 23.182 -3.18198 0
      vertex 23.4785 -2.85477 4
      vertex 23.4785 -2.85477 0
    endloop
  endfacet
  facet normal -0.741025 0.671477 1.16142e-18
    outer loop
      vertex 23.4785 -2.85477 4
      vertex 23.182 -3.18198 0
      vertex 23.182 -3.18198 4
    endloop
  endfacet
  facet normal 0.857767 -0.514039 -2.09132e-19
    outer loop
      vertex 16.0314 2.12128 4
      vertex 16.2584 2.50007 0
      vertex 16.2584 2.50007 4
    endloop
  endfacet
  facet normal 0.857767 -0.514039 -2.09132e-19
    outer loop
      vertex 16.2584 2.50007 0
      vertex 16.0314 2.12128 4
      vertex 16.0314 2.12128 0
    endloop
  endfacet
  facet normal -0.941596 0.336745 -1.29917e-18
    outer loop
      vertex 24.1575 -1.72207 0
      vertex 24.3062 -1.30628 4
      vertex 24.3062 -1.30628 0
    endloop
  endfacet
  facet normal -0.941596 0.336745 -1.29917e-18
    outer loop
      vertex 24.3062 -1.30628 4
      vertex 24.1575 -1.72207 0
      vertex 24.1575 -1.72207 4
    endloop
  endfacet
  facet normal 0.970032 -0.242976 -1.06683e-18
    outer loop
      vertex 15.5865 0.877906 4
      vertex 15.6938 1.30628 0
      vertex 15.6938 1.30628 4
    endloop
  endfacet
  facet normal 0.970032 -0.242976 -1.06683e-18
    outer loop
      vertex 15.6938 1.30628 0
      vertex 15.5865 0.877906 4
      vertex 15.5865 0.877906 0
    endloop
  endfacet
  facet normal 0.049068 -0.998795 0
    outer loop
      vertex 19.5589 4.47833 0
      vertex 20 4.5 4
      vertex 19.5589 4.47833 4
    endloop
  endfacet
  facet normal 0.049068 -0.998795 0
    outer loop
      vertex 20 4.5 4
      vertex 19.5589 4.47833 0
      vertex 20 4.5 0
    endloop
  endfacet
  facet normal 0.803168 0.595753 2.24982e-18
    outer loop
      vertex 16.5215 -2.85477 4
      vertex 16.2584 -2.50007 0
      vertex 16.2584 -2.50007 4
    endloop
  endfacet
  facet normal 0.803168 0.595753 2.24982e-18
    outer loop
      vertex 16.2584 -2.50007 0
      vertex 16.5215 -2.85477 4
      vertex 16.5215 -2.85477 0
    endloop
  endfacet
  facet normal 0.989176 0.146736 -3.51253e-19
    outer loop
      vertex 15.5865 -0.877906 4
      vertex 15.5217 -0.441076 0
      vertex 15.5217 -0.441076 4
    endloop
  endfacet
  facet normal 0.989176 0.146736 -3.51253e-19
    outer loop
      vertex 15.5217 -0.441076 0
      vertex 15.5865 -0.877906 4
      vertex 15.5865 -0.877906 0
    endloop
  endfacet
  facet normal 0.857767 0.514039 2.09132e-19
    outer loop
      vertex 16.2584 -2.50007 4
      vertex 16.0314 -2.12128 0
      vertex 16.0314 -2.12128 4
    endloop
  endfacet
  facet normal 0.857767 0.514039 2.09132e-19
    outer loop
      vertex 16.0314 -2.12128 0
      vertex 16.2584 -2.50007 4
      vertex 16.2584 -2.50007 0
    endloop
  endfacet
  facet normal 0.741025 -0.671477 1.16142e-18
    outer loop
      vertex 16.5215 2.85477 4
      vertex 16.818 3.18198 0
      vertex 16.818 3.18198 4
    endloop
  endfacet
  facet normal 0.741025 -0.671477 1.16142e-18
    outer loop
      vertex 16.818 3.18198 0
      vertex 16.5215 2.85477 4
      vertex 16.5215 2.85477 0
    endloop
  endfacet
  facet normal -0.671575 0.740936 0
    outer loop
      vertex 23.182 -3.18198 0
      vertex 22.8548 -3.47855 4
      vertex 23.182 -3.18198 4
    endloop
  endfacet
  facet normal -0.671575 0.740936 0
    outer loop
      vertex 22.8548 -3.47855 4
      vertex 23.182 -3.18198 0
      vertex 22.8548 -3.47855 0
    endloop
  endfacet
  facet normal 0.049068 0.998795 -0
    outer loop
      vertex 20 -4.5 0
      vertex 19.5589 -4.47833 4
      vertex 20 -4.5 4
    endloop
  endfacet
  facet normal 0.049068 0.998795 0
    outer loop
      vertex 19.5589 -4.47833 4
      vertex 20 -4.5 0
      vertex 19.5589 -4.47833 0
    endloop
  endfacet
  facet normal -0.595694 0.803211 0
    outer loop
      vertex 22.8548 -3.47855 0
      vertex 22.5001 -3.74161 4
      vertex 22.8548 -3.47855 4
    endloop
  endfacet
  facet normal -0.595694 0.803211 0
    outer loop
      vertex 22.5001 -3.74161 4
      vertex 22.8548 -3.47855 0
      vertex 22.5001 -3.74161 0
    endloop
  endfacet
  facet normal -0.049068 -0.998795 0
    outer loop
      vertex 20 4.5 0
      vertex 20.4411 4.47833 4
      vertex 20 4.5 4
    endloop
  endfacet
  facet normal -0.049068 -0.998795 -0
    outer loop
      vertex 20.4411 4.47833 4
      vertex 20 4.5 0
      vertex 20.4411 4.47833 0
    endloop
  endfacet
  facet normal 0.803168 -0.595753 -2.24982e-18
    outer loop
      vertex 16.2584 2.50007 4
      vertex 16.5215 2.85477 0
      vertex 16.5215 2.85477 4
    endloop
  endfacet
  facet normal 0.803168 -0.595753 -2.24982e-18
    outer loop
      vertex 16.5215 2.85477 0
      vertex 16.2584 2.50007 4
      vertex 16.2584 2.50007 0
    endloop
  endfacet
  facet normal -0.242962 0.970036 0
    outer loop
      vertex 21.3063 -4.30623 0
      vertex 20.8779 -4.41353 4
      vertex 21.3063 -4.30623 4
    endloop
  endfacet
  facet normal -0.242962 0.970036 0
    outer loop
      vertex 20.8779 -4.41353 4
      vertex 21.3063 -4.30623 0
      vertex 20.8779 -4.41353 0
    endloop
  endfacet
  facet normal 0.336879 0.941548 -0
    outer loop
      vertex 18.6937 -4.30623 0
      vertex 18.2779 -4.15746 4
      vertex 18.6937 -4.30623 4
    endloop
  endfacet
  facet normal 0.336879 0.941548 0
    outer loop
      vertex 18.2779 -4.15746 4
      vertex 18.6937 -4.30623 0
      vertex 18.2779 -4.15746 0
    endloop
  endfacet
  facet normal 0.242962 0.970036 -0
    outer loop
      vertex 19.1221 -4.41353 0
      vertex 18.6937 -4.30623 4
      vertex 19.1221 -4.41353 4
    endloop
  endfacet
  facet normal 0.242962 0.970036 0
    outer loop
      vertex 18.6937 -4.30623 4
      vertex 19.1221 -4.41353 0
      vertex 18.6937 -4.30623 0
    endloop
  endfacet
  facet normal 0.595694 0.803211 -0
    outer loop
      vertex 17.4999 -3.74161 0
      vertex 17.1452 -3.47855 4
      vertex 17.4999 -3.74161 4
    endloop
  endfacet
  facet normal 0.595694 0.803211 0
    outer loop
      vertex 17.1452 -3.47855 4
      vertex 17.4999 -3.74161 0
      vertex 17.1452 -3.47855 0
    endloop
  endfacet
  facet normal 0.42756 0.903987 -0
    outer loop
      vertex 18.2779 -4.15746 0
      vertex 17.8787 -3.96865 4
      vertex 18.2779 -4.15746 4
    endloop
  endfacet
  facet normal 0.42756 0.903987 0
    outer loop
      vertex 17.8787 -3.96865 4
      vertex 18.2779 -4.15746 0
      vertex 17.8787 -3.96865 0
    endloop
  endfacet
  facet normal 0.998792 -0.0491384 3.85628e-19
    outer loop
      vertex 15.5 0 4
      vertex 15.5217 0.441076 0
      vertex 15.5217 0.441076 4
    endloop
  endfacet
  facet normal 0.998792 -0.0491384 3.85628e-19
    outer loop
      vertex 15.5217 0.441076 0
      vertex 15.5 0 4
      vertex 15.5 0 0
    endloop
  endfacet
  facet normal 0.998792 0.0491384 -3.85628e-19
    outer loop
      vertex 15.5217 -0.441076 4
      vertex 15.5 0 0
      vertex 15.5 0 4
    endloop
  endfacet
  facet normal 0.998792 0.0491384 -3.85628e-19
    outer loop
      vertex 15.5 0 0
      vertex 15.5217 -0.441076 4
      vertex 15.5217 -0.441076 0
    endloop
  endfacet
  facet normal 0.741025 0.671477 -1.16142e-18
    outer loop
      vertex 16.818 -3.18198 4
      vertex 16.5215 -2.85477 0
      vertex 16.5215 -2.85477 4
    endloop
  endfacet
  facet normal 0.741025 0.671477 -1.16142e-18
    outer loop
      vertex 16.5215 -2.85477 0
      vertex 16.818 -3.18198 4
      vertex 16.818 -3.18198 0
    endloop
  endfacet
  facet normal -1 0 0
    outer loop
      vertex -57 38.4 4.5
      vertex -57 40 20.2
      vertex -57 40 4.5
    endloop
  endfacet
  facet normal -1 0 0
    outer loop
      vertex -57 38.4 21
      vertex -57 40 20.2
      vertex -57 38.4 4.5
    endloop
  endfacet
  facet normal -1 0 0
    outer loop
      vertex -57 40 20.2
      vertex -57 38.4 21
      vertex -57 39.2 21
    endloop
  endfacet
  facet normal -0 0 1
    outer loop
      vertex -73 40 4.5
      vertex -57 38.4 4.5
      vertex -57 40 4.5
    endloop
  endfacet
  facet normal 0 0 1
    outer loop
      vertex -57 38.4 4.5
      vertex -73 40 4.5
      vertex -73 38.4 4.5
    endloop
  endfacet
  facet normal 1 -0 0
    outer loop
      vertex -73 38.4 21
      vertex -73 40 20.2
      vertex -73 39.2 21
    endloop
  endfacet
  facet normal 1 0 0
    outer loop
      vertex -73 40 20.2
      vertex -73 38.4 21
      vertex -73 38.4 4.5
    endloop
  endfacet
  facet normal 1 0 0
    outer loop
      vertex -73 40 20.2
      vertex -73 38.4 4.5
      vertex -73 40 4.5
    endloop
  endfacet
endsolid OpenSCAD_Model
