solid OpenSCAD_Model
  facet normal -0.666225 -0.238298 -0.706653
    outer loop
      vertex -89.5433 -36.2961 6.1
      vertex -89.7416 -35.7417 6.1
      vertex -89.1675 -35.5675 5.5
    endloop
  endfacet
  facet normal -0.666225 -0.238298 0.706653
    outer loop
      vertex -89.1675 -35.5675 16
      vertex -89.7416 -35.7417 15.4
      vertex -89.5433 -36.2961 15.4
    endloop
  endfacet
  facet normal -0.10387 -0.699853 0.706694
    outer loop
      vertex -85.0535 -39.2962 16
      vertex -85.1705 -39.8847 15.4
      vertex -84.5293 -39.374 16
    endloop
  endfacet
  facet normal -0.94158 -0.336788 -8.47529e-20
    outer loop
      vertex -89.5433 -36.2961 6.1
      vertex -89.7416 -35.7417 15.4
      vertex -89.7416 -35.7417 6.1
    endloop
  endfacet
  facet normal -0.94158 -0.336788 -8.47529e-20
    outer loop
      vertex -89.7416 -35.7417 15.4
      vertex -89.5433 -36.2961 6.1
      vertex -89.5433 -36.2961 15.4
    endloop
  endfacet
  facet normal 0.363772 0.606865 0.706672
    outer loop
      vertex 86.8284 39.2915 15.4
      vertex 86.5455 38.7624 16
      vertex 87.0001 38.4899 16
    endloop
  endfacet
  facet normal -0.740823 -0.6717 2.29841e-18
    outer loop
      vertex -88.2426 -38.2426 6.1
      vertex -88.6381 -37.8064 15.4
      vertex -88.6381 -37.8064 6.1
    endloop
  endfacet
  facet normal -0.740823 -0.6717 2.29841e-18
    outer loop
      vertex -88.6381 -37.8064 15.4
      vertex -88.2426 -38.2426 6.1
      vertex -88.2426 -38.2426 15.4
    endloop
  endfacet
  facet normal 0.475118 0.524245 -0.706704
    outer loop
      vertex 87.8184 37.8184 5.5
      vertex 87.4257 38.1743 5.5
      vertex 87.8064 38.6381 6.1
    endloop
  endfacet
  facet normal -0.707107 3.84827e-20 -0.707107
    outer loop
      vertex -90 -34 6.1
      vertex -89.4 34 5.5
      vertex -89.4 -34 5.5
    endloop
  endfacet
  facet normal -0.707107 3.84827e-20 -0.707107
    outer loop
      vertex -89.4 34 5.5
      vertex -90 -34 6.1
      vertex -90 34 6.1
    endloop
  endfacet
  facet normal 0.666225 0.238298 -0.706653
    outer loop
      vertex 89.7416 35.7417 6.1
      vertex 89.1675 35.5675 5.5
      vertex 89.5433 36.2961 6.1
    endloop
  endfacet
  facet normal -0.606865 0.363772 0.706672
    outer loop
      vertex -88.4899 37.0001 16
      vertex -89.2915 36.8284 15.4
      vertex -88.7624 36.5455 16
    endloop
  endfacet
  facet normal -0.639593 -0.302554 -0.706669
    outer loop
      vertex -89.2915 -36.8284 6.1
      vertex -89.5433 -36.2961 6.1
      vertex -88.7624 -36.5455 5.5
    endloop
  endfacet
  facet normal 0.421389 -0.56834 0.706698
    outer loop
      vertex 87.4257 -38.1743 16
      vertex 87.3334 -38.9888 15.4
      vertex 87.8064 -38.6381 15.4
    endloop
  endfacet
  facet normal -0.238298 0.666225 0.706653
    outer loop
      vertex -85.7417 39.7416 15.4
      vertex -86.2961 39.5433 15.4
      vertex -85.5675 39.1675 16
    endloop
  endfacet
  facet normal 0.0347132 0.706681 -0.706681
    outer loop
      vertex 84.5293 39.374 5.5
      vertex 84 39.4 5.5
      vertex 84 40 6.1
    endloop
  endfacet
  facet normal -0.686378 0.171862 -0.706646
    outer loop
      vertex -89.2962 35.0535 5.5
      vertex -89.7416 35.7417 6.1
      vertex -89.1675 35.5675 5.5
    endloop
  endfacet
  facet normal -0.666225 0.238298 -0.706653
    outer loop
      vertex -89.1675 35.5675 5.5
      vertex -89.7416 35.7417 6.1
      vertex -89.5433 36.2961 6.1
    endloop
  endfacet
  facet normal 0.666225 0.238298 0.706653
    outer loop
      vertex 89.5433 36.2961 15.4
      vertex 89.1675 35.5675 16
      vertex 89.7416 35.7417 15.4
    endloop
  endfacet
  facet normal -0.686378 -0.171862 -0.706646
    outer loop
      vertex -89.1675 -35.5675 5.5
      vertex -89.7416 -35.7417 6.1
      vertex -89.2962 -35.0535 5.5
    endloop
  endfacet
  facet normal 0 -0.707107 0.707107
    outer loop
      vertex -84 -39.4 16
      vertex 84 -40 15.4
      vertex 84 -39.4 16
    endloop
  endfacet
  facet normal 0 -0.707107 0.707107
    outer loop
      vertex 84 -40 15.4
      vertex -84 -39.4 16
      vertex -84 -40 15.4
    endloop
  endfacet
  facet normal -0.302439 -0.639594 -0.706718
    outer loop
      vertex -86.2961 -39.5433 6.1
      vertex -86.5455 -38.7624 5.5
      vertex -86.0665 -38.9889 5.5
    endloop
  endfacet
  facet normal 0.514121 0.857718 -0
    outer loop
      vertex 87.3334 38.9888 6.1
      vertex 86.8284 39.2915 15.4
      vertex 87.3334 38.9888 15.4
    endloop
  endfacet
  facet normal 0.514121 0.857718 0
    outer loop
      vertex 86.8284 39.2915 15.4
      vertex 87.3334 38.9888 6.1
      vertex 86.8284 39.2915 6.1
    endloop
  endfacet
  facet normal 0.639594 0.302439 -0.706718
    outer loop
      vertex 88.9889 36.0665 5.5
      vertex 88.7624 36.5455 5.5
      vertex 89.5433 36.2961 6.1
    endloop
  endfacet
  facet normal 0.421389 0.56834 -0.706698
    outer loop
      vertex 87.4257 38.1743 5.5
      vertex 87.3334 38.9888 6.1
      vertex 87.8064 38.6381 6.1
    endloop
  endfacet
  facet normal 0.363759 0.606866 -0.706677
    outer loop
      vertex 87.0001 38.4899 5.5
      vertex 86.8284 39.2915 6.1
      vertex 87.3334 38.9888 6.1
    endloop
  endfacet
  facet normal -0.686378 0.171862 0.706646
    outer loop
      vertex -89.1675 35.5675 16
      vertex -89.7416 35.7417 15.4
      vertex -89.2962 35.0535 16
    endloop
  endfacet
  facet normal -0.706681 -0.0347132 -0.706681
    outer loop
      vertex -89.374 -34.5293 5.5
      vertex -90 -34 6.1
      vertex -89.4 -34 5.5
    endloop
  endfacet
  facet normal -0.686378 -0.171862 0.706646
    outer loop
      vertex -89.2962 -35.0535 16
      vertex -89.7416 -35.7417 15.4
      vertex -89.1675 -35.5675 16
    endloop
  endfacet
  facet normal 0.421389 0.56834 0.706698
    outer loop
      vertex 87.8064 38.6381 15.4
      vertex 87.3334 38.9888 15.4
      vertex 87.4257 38.1743 16
    endloop
  endfacet
  facet normal -0.639594 0.302439 0.706718
    outer loop
      vertex -88.7624 36.5455 16
      vertex -89.5433 36.2961 15.4
      vertex -88.9889 36.0665 16
    endloop
  endfacet
  facet normal -0 0.707107 0.707107
    outer loop
      vertex -84 40 15.4
      vertex 84 39.4 16
      vertex 84 40 15.4
    endloop
  endfacet
  facet normal 0 0.707107 0.707107
    outer loop
      vertex 84 39.4 16
      vertex -84 40 15.4
      vertex -84 39.4 16
    endloop
  endfacet
  facet normal -0.639594 -0.302439 -0.706718
    outer loop
      vertex -88.7624 -36.5455 5.5
      vertex -89.5433 -36.2961 6.1
      vertex -88.9889 -36.0665 5.5
    endloop
  endfacet
  facet normal -0.666113 -0.238412 -0.70672
    outer loop
      vertex -88.9889 -36.0665 5.5
      vertex -89.5433 -36.2961 6.1
      vertex -89.1675 -35.5675 5.5
    endloop
  endfacet
  facet normal 0.475283 -0.524194 0.70663
    outer loop
      vertex 87.8184 -37.8184 16
      vertex 87.8064 -38.6381 15.4
      vertex 88.2426 -38.2426 15.4
    endloop
  endfacet
  facet normal -0.427612 -0.903962 0
    outer loop
      vertex -86.8284 -39.2915 6.1
      vertex -86.2961 -39.5433 15.4
      vertex -86.8284 -39.2915 15.4
    endloop
  endfacet
  facet normal -0.427612 -0.903962 -0
    outer loop
      vertex -86.2961 -39.5433 15.4
      vertex -86.8284 -39.2915 6.1
      vertex -86.2961 -39.5433 6.1
    endloop
  endfacet
  facet normal -0.0347132 0.706681 -0.706681
    outer loop
      vertex -84 39.4 5.5
      vertex -84.5293 39.374 5.5
      vertex -84 40 6.1
    endloop
  endfacet
  facet normal -0.699853 0.10387 -0.706694
    outer loop
      vertex -89.374 34.5293 5.5
      vertex -89.8847 35.1705 6.1
      vertex -89.2962 35.0535 5.5
    endloop
  endfacet
  facet normal 0.707107 -3.84827e-20 -0.707107
    outer loop
      vertex 89.4 -34 5.5
      vertex 90 34 6.1
      vertex 90 -34 6.1
    endloop
  endfacet
  facet normal 0.707107 -3.84827e-20 -0.707107
    outer loop
      vertex 90 34 6.1
      vertex 89.4 -34 5.5
      vertex 89.4 34 5.5
    endloop
  endfacet
  facet normal 0.857718 -0.514121 -1.79628e-18
    outer loop
      vertex 88.9888 -37.3334 15.4
      vertex 89.2915 -36.8284 6.1
      vertex 89.2915 -36.8284 15.4
    endloop
  endfacet
  facet normal 0.857718 -0.514121 -1.79628e-18
    outer loop
      vertex 89.2915 -36.8284 6.1
      vertex 88.9888 -37.3334 15.4
      vertex 88.9888 -37.3334 6.1
    endloop
  endfacet
  facet normal -0.857718 0.514121 -1.79628e-18
    outer loop
      vertex -89.2915 36.8284 6.1
      vertex -88.9888 37.3334 15.4
      vertex -88.9888 37.3334 6.1
    endloop
  endfacet
  facet normal -0.857718 0.514121 -1.79628e-18
    outer loop
      vertex -88.9888 37.3334 15.4
      vertex -89.2915 36.8284 6.1
      vertex -89.2915 36.8284 15.4
    endloop
  endfacet
  facet normal 0.666113 -0.238412 -0.70672
    outer loop
      vertex 89.5433 -36.2961 6.1
      vertex 88.9889 -36.0665 5.5
      vertex 89.1675 -35.5675 5.5
    endloop
  endfacet
  facet normal -0.363759 -0.606866 0.706677
    outer loop
      vertex -87.0001 -38.4899 16
      vertex -87.3334 -38.9888 15.4
      vertex -86.8284 -39.2915 15.4
    endloop
  endfacet
  facet normal 0.238298 0.666225 -0.706653
    outer loop
      vertex 86.2961 39.5433 6.1
      vertex 85.5675 39.1675 5.5
      vertex 85.7417 39.7416 6.1
    endloop
  endfacet
  facet normal -1 0 0
    outer loop
      vertex -90 -34 6.1
      vertex -90 34 15.4
      vertex -90 34 6.1
    endloop
  endfacet
  facet normal -1 -0 0
    outer loop
      vertex -90 34 15.4
      vertex -90 -34 6.1
      vertex -90 -34 15.4
    endloop
  endfacet
  facet normal 0.475118 -0.524245 -0.706704
    outer loop
      vertex 87.8064 -38.6381 6.1
      vertex 87.4257 -38.1743 5.5
      vertex 87.8184 -37.8184 5.5
    endloop
  endfacet
  facet normal -0.42144 -0.568329 0.706676
    outer loop
      vertex -87.0001 -38.4899 16
      vertex -87.4257 -38.1743 16
      vertex -87.3334 -38.9888 15.4
    endloop
  endfacet
  facet normal 0 -0.707107 -0.707107
    outer loop
      vertex -84 -40 6.1
      vertex 84 -39.4 5.5
      vertex 84 -40 6.1
    endloop
  endfacet
  facet normal -0 -0.707107 -0.707107
    outer loop
      vertex 84 -39.4 5.5
      vertex -84 -40 6.1
      vertex -84 -39.4 5.5
    endloop
  endfacet
  facet normal 0.103828 0.699881 0.706673
    outer loop
      vertex 84.5881 39.9711 15.4
      vertex 84.5293 39.374 16
      vertex 85.1705 39.8847 15.4
    endloop
  endfacet
  facet normal 0 0 1
    outer loop
      vertex 87.6 34 16
      vertex 89.4 34 16
      vertex 89.374 34.5293 16
    endloop
  endfacet
  facet normal 0 0 1
    outer loop
      vertex 89.4 34 16
      vertex 87.6 34 16
      vertex 89.4 -34 16
    endloop
  endfacet
  facet normal 0 0 1
    outer loop
      vertex 87.5827 34.3529 16
      vertex 89.374 34.5293 16
      vertex 89.2962 35.0535 16
    endloop
  endfacet
  facet normal 0 0 1
    outer loop
      vertex 87.6 -34 16
      vertex 89.4 -34 16
      vertex 87.6 34 16
    endloop
  endfacet
  facet normal 0 0 1
    outer loop
      vertex 87.5308 34.7023 16
      vertex 89.2962 35.0535 16
      vertex 89.1675 35.5675 16
    endloop
  endfacet
  facet normal 0 0 1
    outer loop
      vertex 89.4 -34 16
      vertex 87.6 -34 16
      vertex 89.374 -34.5293 16
    endloop
  endfacet
  facet normal 0 0 1
    outer loop
      vertex 87.445 35.045 16
      vertex 89.1675 35.5675 16
      vertex 88.9889 36.0665 16
    endloop
  endfacet
  facet normal -0 0 1
    outer loop
      vertex 87.5827 -34.3529 16
      vertex 89.374 -34.5293 16
      vertex 87.6 -34 16
    endloop
  endfacet
  facet normal 0 0 1
    outer loop
      vertex 87.326 35.3777 16
      vertex 88.9889 36.0665 16
      vertex 88.7624 36.5455 16
    endloop
  endfacet
  facet normal 0 0 1
    outer loop
      vertex 89.374 -34.5293 16
      vertex 87.5827 -34.3529 16
      vertex 89.2962 -35.0535 16
    endloop
  endfacet
  facet normal 0 0 1
    outer loop
      vertex 87.1749 35.697 16
      vertex 88.7624 36.5455 16
      vertex 88.4899 37.0001 16
    endloop
  endfacet
  facet normal -0 0 1
    outer loop
      vertex 87.5308 -34.7023 16
      vertex 89.2962 -35.0535 16
      vertex 87.5827 -34.3529 16
    endloop
  endfacet
  facet normal 0 0 1
    outer loop
      vertex 86.9933 36 16
      vertex 88.4899 37.0001 16
      vertex 88.1743 37.4257 16
    endloop
  endfacet
  facet normal 0 0 1
    outer loop
      vertex 89.2962 -35.0535 16
      vertex 87.5308 -34.7023 16
      vertex 89.1675 -35.5675 16
    endloop
  endfacet
  facet normal 0 0 1
    outer loop
      vertex 86.7828 36.2838 16
      vertex 88.1743 37.4257 16
      vertex 87.8184 37.8184 16
    endloop
  endfacet
  facet normal -0 0 1
    outer loop
      vertex 87.445 -35.045 16
      vertex 89.1675 -35.5675 16
      vertex 87.5308 -34.7023 16
    endloop
  endfacet
  facet normal 0 0 1
    outer loop
      vertex 89.1675 -35.5675 16
      vertex 87.445 -35.045 16
      vertex 88.9889 -36.0665 16
    endloop
  endfacet
  facet normal 0 0 1
    outer loop
      vertex 89.374 34.5293 16
      vertex 87.5827 34.3529 16
      vertex 87.6 34 16
    endloop
  endfacet
  facet normal 0 0 1
    outer loop
      vertex 89.2962 35.0535 16
      vertex 87.5308 34.7023 16
      vertex 87.5827 34.3529 16
    endloop
  endfacet
  facet normal 0 0 1
    outer loop
      vertex 89.1675 35.5675 16
      vertex 87.445 35.045 16
      vertex 87.5308 34.7023 16
    endloop
  endfacet
  facet normal 0 0 1
    outer loop
      vertex 86.5456 36.5456 16
      vertex 87.8184 37.8184 16
      vertex 87.4257 38.1743 16
    endloop
  endfacet
  facet normal 0 0 1
    outer loop
      vertex 88.9889 36.0665 16
      vertex 87.326 35.3777 16
      vertex 87.445 35.045 16
    endloop
  endfacet
  facet normal 0 0 1
    outer loop
      vertex 88.7624 36.5455 16
      vertex 87.1749 35.697 16
      vertex 87.326 35.3777 16
    endloop
  endfacet
  facet normal 0 0 1
    outer loop
      vertex 86.2838 36.7828 16
      vertex 87.4257 38.1743 16
      vertex 87.0001 38.4899 16
    endloop
  endfacet
  facet normal 0 0 1
    outer loop
      vertex 88.4899 37.0001 16
      vertex 86.9933 36 16
      vertex 87.1749 35.697 16
    endloop
  endfacet
  facet normal 0 0 1
    outer loop
      vertex 88.1743 37.4257 16
      vertex 86.7828 36.2838 16
      vertex 86.9933 36 16
    endloop
  endfacet
  facet normal 0 0 1
    outer loop
      vertex 87.8184 37.8184 16
      vertex 86.5456 36.5456 16
      vertex 86.7828 36.2838 16
    endloop
  endfacet
  facet normal 0 0 1
    outer loop
      vertex 86 36.9933 16
      vertex 87.0001 38.4899 16
      vertex 86.5455 38.7624 16
    endloop
  endfacet
  facet normal 0 0 1
    outer loop
      vertex 87.4257 38.1743 16
      vertex 86.2838 36.7828 16
      vertex 86.5456 36.5456 16
    endloop
  endfacet
  facet normal 0 0 1
    outer loop
      vertex 85.697 37.1749 16
      vertex 86.5455 38.7624 16
      vertex 86.0665 38.9889 16
    endloop
  endfacet
  facet normal 0 0 1
    outer loop
      vertex 87.0001 38.4899 16
      vertex 86 36.9933 16
      vertex 86.2838 36.7828 16
    endloop
  endfacet
  facet normal 0 0 1
    outer loop
      vertex 86.5455 38.7624 16
      vertex 85.697 37.1749 16
      vertex 86 36.9933 16
    endloop
  endfacet
  facet normal 0 0 1
    outer loop
      vertex 85.3777 37.326 16
      vertex 86.0665 38.9889 16
      vertex 85.5675 39.1675 16
    endloop
  endfacet
  facet normal 0 0 1
    outer loop
      vertex 86.0665 38.9889 16
      vertex 85.3777 37.326 16
      vertex 85.697 37.1749 16
    endloop
  endfacet
  facet normal 0 0 1
    outer loop
      vertex 85.045 37.445 16
      vertex 85.5675 39.1675 16
      vertex 85.0535 39.2962 16
    endloop
  endfacet
  facet normal 0 0 1
    outer loop
      vertex 85.5675 39.1675 16
      vertex 85.045 37.445 16
      vertex 85.3777 37.326 16
    endloop
  endfacet
  facet normal 0 0 1
    outer loop
      vertex 85.0535 39.2962 16
      vertex 84.7023 37.5308 16
      vertex 85.045 37.445 16
    endloop
  endfacet
  facet normal 0 0 1
    outer loop
      vertex 84.5293 39.374 16
      vertex 84.7023 37.5308 16
      vertex 85.0535 39.2962 16
    endloop
  endfacet
  facet normal 0 0 1
    outer loop
      vertex 84.5293 39.374 16
      vertex 84.3529 37.5827 16
      vertex 84.7023 37.5308 16
    endloop
  endfacet
  facet normal 0 0 1
    outer loop
      vertex 84 39.4 16
      vertex 84.3529 37.5827 16
      vertex 84.5293 39.374 16
    endloop
  endfacet
  facet normal 0 0 1
    outer loop
      vertex 84 39.4 16
      vertex 84 37.6 16
      vertex 84.3529 37.5827 16
    endloop
  endfacet
  facet normal -0 0 1
    outer loop
      vertex -84 39.4 16
      vertex 84 37.6 16
      vertex 84 39.4 16
    endloop
  endfacet
  facet normal 0 0 1
    outer loop
      vertex -84 39.4 16
      vertex -84 37.6 16
      vertex 84 37.6 16
    endloop
  endfacet
  facet normal 0 0 1
    outer loop
      vertex -84 39.4 16
      vertex -84.3529 37.5827 16
      vertex -84 37.6 16
    endloop
  endfacet
  facet normal -0 0 1
    outer loop
      vertex -84.5293 39.374 16
      vertex -84.3529 37.5827 16
      vertex -84 39.4 16
    endloop
  endfacet
  facet normal 0 0 1
    outer loop
      vertex -84.5293 39.374 16
      vertex -84.7023 37.5308 16
      vertex -84.3529 37.5827 16
    endloop
  endfacet
  facet normal -0 0 1
    outer loop
      vertex -85.0535 39.2962 16
      vertex -84.7023 37.5308 16
      vertex -84.5293 39.374 16
    endloop
  endfacet
  facet normal 0 0 1
    outer loop
      vertex -84.7023 37.5308 16
      vertex -85.0535 39.2962 16
      vertex -85.045 37.445 16
    endloop
  endfacet
  facet normal -0 0 1
    outer loop
      vertex -85.5675 39.1675 16
      vertex -85.045 37.445 16
      vertex -85.0535 39.2962 16
    endloop
  endfacet
  facet normal 0 0 1
    outer loop
      vertex -85.045 37.445 16
      vertex -85.5675 39.1675 16
      vertex -85.3777 37.326 16
    endloop
  endfacet
  facet normal -0 0 1
    outer loop
      vertex -86.0665 38.9889 16
      vertex -85.3777 37.326 16
      vertex -85.5675 39.1675 16
    endloop
  endfacet
  facet normal 0 0 1
    outer loop
      vertex -85.3777 37.326 16
      vertex -86.0665 38.9889 16
      vertex -85.697 37.1749 16
    endloop
  endfacet
  facet normal -0 0 1
    outer loop
      vertex -86.5455 38.7624 16
      vertex -85.697 37.1749 16
      vertex -86.0665 38.9889 16
    endloop
  endfacet
  facet normal 0 0 1
    outer loop
      vertex -85.697 37.1749 16
      vertex -86.5455 38.7624 16
      vertex -86 36.9933 16
    endloop
  endfacet
  facet normal -0 0 1
    outer loop
      vertex -87.0001 38.4899 16
      vertex -86 36.9933 16
      vertex -86.5455 38.7624 16
    endloop
  endfacet
  facet normal 0 0 1
    outer loop
      vertex -86 36.9933 16
      vertex -87.0001 38.4899 16
      vertex -86.2838 36.7828 16
    endloop
  endfacet
  facet normal -0 0 1
    outer loop
      vertex -87.4257 38.1743 16
      vertex -86.2838 36.7828 16
      vertex -87.0001 38.4899 16
    endloop
  endfacet
  facet normal 0 0 1
    outer loop
      vertex -86.2838 36.7828 16
      vertex -87.4257 38.1743 16
      vertex -86.5456 36.5456 16
    endloop
  endfacet
  facet normal -0 0 1
    outer loop
      vertex -87.8184 37.8184 16
      vertex -86.5456 36.5456 16
      vertex -87.4257 38.1743 16
    endloop
  endfacet
  facet normal 0 0 1
    outer loop
      vertex -86.5456 36.5456 16
      vertex -87.8184 37.8184 16
      vertex -86.7828 36.2838 16
    endloop
  endfacet
  facet normal -0 0 1
    outer loop
      vertex -88.1743 37.4257 16
      vertex -86.7828 36.2838 16
      vertex -87.8184 37.8184 16
    endloop
  endfacet
  facet normal 0 0 1
    outer loop
      vertex -86.7828 36.2838 16
      vertex -88.1743 37.4257 16
      vertex -86.9933 36 16
    endloop
  endfacet
  facet normal -0 0 1
    outer loop
      vertex -88.4899 37.0001 16
      vertex -86.9933 36 16
      vertex -88.1743 37.4257 16
    endloop
  endfacet
  facet normal 0 0 1
    outer loop
      vertex -86.9933 36 16
      vertex -88.4899 37.0001 16
      vertex -87.1749 35.697 16
    endloop
  endfacet
  facet normal -0 0 1
    outer loop
      vertex -88.7624 36.5455 16
      vertex -87.1749 35.697 16
      vertex -88.4899 37.0001 16
    endloop
  endfacet
  facet normal 0 0 1
    outer loop
      vertex -87.1749 35.697 16
      vertex -88.7624 36.5455 16
      vertex -87.326 35.3777 16
    endloop
  endfacet
  facet normal 0 0 1
    outer loop
      vertex -87.326 35.3777 16
      vertex -88.9889 36.0665 16
      vertex -87.445 35.045 16
    endloop
  endfacet
  facet normal -0 0 1
    outer loop
      vertex -88.9889 36.0665 16
      vertex -87.326 35.3777 16
      vertex -88.7624 36.5455 16
    endloop
  endfacet
  facet normal -0 0 1
    outer loop
      vertex 87.326 -35.3777 16
      vertex 88.9889 -36.0665 16
      vertex 87.445 -35.045 16
    endloop
  endfacet
  facet normal 0 0 1
    outer loop
      vertex 88.9889 -36.0665 16
      vertex 87.326 -35.3777 16
      vertex 88.7624 -36.5455 16
    endloop
  endfacet
  facet normal -0 0 1
    outer loop
      vertex 87.1749 -35.697 16
      vertex 88.7624 -36.5455 16
      vertex 87.326 -35.3777 16
    endloop
  endfacet
  facet normal 0 0 1
    outer loop
      vertex 88.7624 -36.5455 16
      vertex 87.1749 -35.697 16
      vertex 88.4899 -37.0001 16
    endloop
  endfacet
  facet normal -0 0 1
    outer loop
      vertex 86.9933 -36 16
      vertex 88.4899 -37.0001 16
      vertex 87.1749 -35.697 16
    endloop
  endfacet
  facet normal 0 0 1
    outer loop
      vertex 88.4899 -37.0001 16
      vertex 86.9933 -36 16
      vertex 88.1743 -37.4257 16
    endloop
  endfacet
  facet normal -0 0 1
    outer loop
      vertex 86.7828 -36.2838 16
      vertex 88.1743 -37.4257 16
      vertex 86.9933 -36 16
    endloop
  endfacet
  facet normal 0 0 1
    outer loop
      vertex 88.1743 -37.4257 16
      vertex 86.7828 -36.2838 16
      vertex 87.8184 -37.8184 16
    endloop
  endfacet
  facet normal -0 0 1
    outer loop
      vertex 86.5456 -36.5456 16
      vertex 87.8184 -37.8184 16
      vertex 86.7828 -36.2838 16
    endloop
  endfacet
  facet normal 0 0 1
    outer loop
      vertex 87.8184 -37.8184 16
      vertex 86.5456 -36.5456 16
      vertex 87.4257 -38.1743 16
    endloop
  endfacet
  facet normal -0 0 1
    outer loop
      vertex 86.2838 -36.7828 16
      vertex 87.4257 -38.1743 16
      vertex 86.5456 -36.5456 16
    endloop
  endfacet
  facet normal 0 0 1
    outer loop
      vertex 87.4257 -38.1743 16
      vertex 86.2838 -36.7828 16
      vertex 87.0001 -38.4899 16
    endloop
  endfacet
  facet normal -0 0 1
    outer loop
      vertex 86 -36.9933 16
      vertex 87.0001 -38.4899 16
      vertex 86.2838 -36.7828 16
    endloop
  endfacet
  facet normal 0 0 1
    outer loop
      vertex 87.0001 -38.4899 16
      vertex 86 -36.9933 16
      vertex 86.5455 -38.7624 16
    endloop
  endfacet
  facet normal -0 0 1
    outer loop
      vertex 85.697 -37.1749 16
      vertex 86.5455 -38.7624 16
      vertex 86 -36.9933 16
    endloop
  endfacet
  facet normal 0 0 1
    outer loop
      vertex 86.5455 -38.7624 16
      vertex 85.697 -37.1749 16
      vertex 86.0665 -38.9889 16
    endloop
  endfacet
  facet normal -0 0 1
    outer loop
      vertex 85.3777 -37.326 16
      vertex 86.0665 -38.9889 16
      vertex 85.697 -37.1749 16
    endloop
  endfacet
  facet normal 0 0 1
    outer loop
      vertex 86.0665 -38.9889 16
      vertex 85.3777 -37.326 16
      vertex 85.5675 -39.1675 16
    endloop
  endfacet
  facet normal -0 0 1
    outer loop
      vertex 85.045 -37.445 16
      vertex 85.5675 -39.1675 16
      vertex 85.3777 -37.326 16
    endloop
  endfacet
  facet normal 0 0 1
    outer loop
      vertex 85.5675 -39.1675 16
      vertex 85.045 -37.445 16
      vertex 85.0535 -39.2962 16
    endloop
  endfacet
  facet normal -0 0 1
    outer loop
      vertex 84.7023 -37.5308 16
      vertex 85.0535 -39.2962 16
      vertex 85.045 -37.445 16
    endloop
  endfacet
  facet normal 0 0 1
    outer loop
      vertex 84.7023 -37.5308 16
      vertex 84.5293 -39.374 16
      vertex 85.0535 -39.2962 16
    endloop
  endfacet
  facet normal -0 0 1
    outer loop
      vertex 84.3529 -37.5827 16
      vertex 84.5293 -39.374 16
      vertex 84.7023 -37.5308 16
    endloop
  endfacet
  facet normal -0 0 1
    outer loop
      vertex 84 -37.6 16
      vertex 84.5293 -39.374 16
      vertex 84.3529 -37.5827 16
    endloop
  endfacet
  facet normal 0 0 1
    outer loop
      vertex 84 -37.6 16
      vertex 84 -39.4 16
      vertex 84.5293 -39.374 16
    endloop
  endfacet
  facet normal -0 0 1
    outer loop
      vertex -84 -37.6 16
      vertex 84 -39.4 16
      vertex 84 -37.6 16
    endloop
  endfacet
  facet normal 0 0 1
    outer loop
      vertex -84 -37.6 16
      vertex -84 -39.4 16
      vertex 84 -39.4 16
    endloop
  endfacet
  facet normal 0 0 1
    outer loop
      vertex -84.3529 -37.5827 16
      vertex -84 -39.4 16
      vertex -84 -37.6 16
    endloop
  endfacet
  facet normal 0 0 1
    outer loop
      vertex -84.3529 -37.5827 16
      vertex -84.5293 -39.374 16
      vertex -84 -39.4 16
    endloop
  endfacet
  facet normal 0 0 1
    outer loop
      vertex -84.7023 -37.5308 16
      vertex -84.5293 -39.374 16
      vertex -84.3529 -37.5827 16
    endloop
  endfacet
  facet normal 0 0 1
    outer loop
      vertex -85.0535 -39.2962 16
      vertex -84.7023 -37.5308 16
      vertex -85.045 -37.445 16
    endloop
  endfacet
  facet normal 0 0 1
    outer loop
      vertex -84.7023 -37.5308 16
      vertex -85.0535 -39.2962 16
      vertex -84.5293 -39.374 16
    endloop
  endfacet
  facet normal 0 0 1
    outer loop
      vertex -85.5675 -39.1675 16
      vertex -85.045 -37.445 16
      vertex -85.3777 -37.326 16
    endloop
  endfacet
  facet normal 0 0 1
    outer loop
      vertex -85.045 -37.445 16
      vertex -85.5675 -39.1675 16
      vertex -85.0535 -39.2962 16
    endloop
  endfacet
  facet normal 0 0 1
    outer loop
      vertex -86.0665 -38.9889 16
      vertex -85.3777 -37.326 16
      vertex -85.697 -37.1749 16
    endloop
  endfacet
  facet normal 0 0 1
    outer loop
      vertex -86.5455 -38.7624 16
      vertex -85.697 -37.1749 16
      vertex -86 -36.9933 16
    endloop
  endfacet
  facet normal 0 0 1
    outer loop
      vertex -85.3777 -37.326 16
      vertex -86.0665 -38.9889 16
      vertex -85.5675 -39.1675 16
    endloop
  endfacet
  facet normal 0 0 1
    outer loop
      vertex -87.0001 -38.4899 16
      vertex -86 -36.9933 16
      vertex -86.2838 -36.7828 16
    endloop
  endfacet
  facet normal 0 0 1
    outer loop
      vertex -85.697 -37.1749 16
      vertex -86.5455 -38.7624 16
      vertex -86.0665 -38.9889 16
    endloop
  endfacet
  facet normal 0 0 1
    outer loop
      vertex -87.4257 -38.1743 16
      vertex -86.2838 -36.7828 16
      vertex -86.5456 -36.5456 16
    endloop
  endfacet
  facet normal 0 0 1
    outer loop
      vertex -87.8184 -37.8184 16
      vertex -86.5456 -36.5456 16
      vertex -86.7828 -36.2838 16
    endloop
  endfacet
  facet normal 0 0 1
    outer loop
      vertex -88.1743 -37.4257 16
      vertex -86.7828 -36.2838 16
      vertex -86.9933 -36 16
    endloop
  endfacet
  facet normal 0 0 1
    outer loop
      vertex -86 -36.9933 16
      vertex -87.0001 -38.4899 16
      vertex -86.5455 -38.7624 16
    endloop
  endfacet
  facet normal 0 0 1
    outer loop
      vertex -88.4899 -37.0001 16
      vertex -86.9933 -36 16
      vertex -87.1749 -35.697 16
    endloop
  endfacet
  facet normal 0 0 1
    outer loop
      vertex -88.7624 -36.5455 16
      vertex -87.1749 -35.697 16
      vertex -87.326 -35.3777 16
    endloop
  endfacet
  facet normal 0 0 1
    outer loop
      vertex -86.2838 -36.7828 16
      vertex -87.4257 -38.1743 16
      vertex -87.0001 -38.4899 16
    endloop
  endfacet
  facet normal 0 0 1
    outer loop
      vertex -88.9889 -36.0665 16
      vertex -87.326 -35.3777 16
      vertex -87.445 -35.045 16
    endloop
  endfacet
  facet normal 0 0 1
    outer loop
      vertex -89.1675 -35.5675 16
      vertex -87.445 -35.045 16
      vertex -87.5308 -34.7023 16
    endloop
  endfacet
  facet normal 0 0 1
    outer loop
      vertex -89.2962 -35.0535 16
      vertex -87.5308 -34.7023 16
      vertex -87.5827 -34.3529 16
    endloop
  endfacet
  facet normal 0 0 1
    outer loop
      vertex -89.374 -34.5293 16
      vertex -87.5827 -34.3529 16
      vertex -87.6 -34 16
    endloop
  endfacet
  facet normal 0 0 1
    outer loop
      vertex -86.5456 -36.5456 16
      vertex -87.8184 -37.8184 16
      vertex -87.4257 -38.1743 16
    endloop
  endfacet
  facet normal 0 0 1
    outer loop
      vertex -87.6 34 16
      vertex -89.4 34 16
      vertex -87.6 -34 16
    endloop
  endfacet
  facet normal -0 0 1
    outer loop
      vertex -89.1675 35.5675 16
      vertex -87.445 35.045 16
      vertex -88.9889 36.0665 16
    endloop
  endfacet
  facet normal 0 0 1
    outer loop
      vertex -89.4 -34 16
      vertex -87.6 -34 16
      vertex -89.4 34 16
    endloop
  endfacet
  facet normal 0 0 1
    outer loop
      vertex -87.445 35.045 16
      vertex -89.1675 35.5675 16
      vertex -87.5308 34.7023 16
    endloop
  endfacet
  facet normal 0 -0 1
    outer loop
      vertex -89.374 -34.5293 16
      vertex -87.6 -34 16
      vertex -89.4 -34 16
    endloop
  endfacet
  facet normal -0 0 1
    outer loop
      vertex -89.2962 35.0535 16
      vertex -87.5308 34.7023 16
      vertex -89.1675 35.5675 16
    endloop
  endfacet
  facet normal 0 0 1
    outer loop
      vertex -86.7828 -36.2838 16
      vertex -88.1743 -37.4257 16
      vertex -87.8184 -37.8184 16
    endloop
  endfacet
  facet normal 0 0 1
    outer loop
      vertex -87.5308 34.7023 16
      vertex -89.2962 35.0535 16
      vertex -87.5827 34.3529 16
    endloop
  endfacet
  facet normal 0 0 1
    outer loop
      vertex -86.9933 -36 16
      vertex -88.4899 -37.0001 16
      vertex -88.1743 -37.4257 16
    endloop
  endfacet
  facet normal -0 0 1
    outer loop
      vertex -89.374 34.5293 16
      vertex -87.5827 34.3529 16
      vertex -89.2962 35.0535 16
    endloop
  endfacet
  facet normal 0 0 1
    outer loop
      vertex -87.1749 -35.697 16
      vertex -88.7624 -36.5455 16
      vertex -88.4899 -37.0001 16
    endloop
  endfacet
  facet normal 0 0 1
    outer loop
      vertex -87.5827 34.3529 16
      vertex -89.374 34.5293 16
      vertex -87.6 34 16
    endloop
  endfacet
  facet normal 0 0 1
    outer loop
      vertex -87.326 -35.3777 16
      vertex -88.9889 -36.0665 16
      vertex -88.7624 -36.5455 16
    endloop
  endfacet
  facet normal 0 0 1
    outer loop
      vertex -87.6 34 16
      vertex -89.374 34.5293 16
      vertex -89.4 34 16
    endloop
  endfacet
  facet normal 0 0 1
    outer loop
      vertex -87.445 -35.045 16
      vertex -89.1675 -35.5675 16
      vertex -88.9889 -36.0665 16
    endloop
  endfacet
  facet normal 0 0 1
    outer loop
      vertex -87.5308 -34.7023 16
      vertex -89.2962 -35.0535 16
      vertex -89.1675 -35.5675 16
    endloop
  endfacet
  facet normal 0 0 1
    outer loop
      vertex -87.5827 -34.3529 16
      vertex -89.374 -34.5293 16
      vertex -89.2962 -35.0535 16
    endloop
  endfacet
  facet normal 0.146746 -0.989174 0
    outer loop
      vertex 84.5881 -39.9711 6.1
      vertex 85.1705 -39.8847 15.4
      vertex 84.5881 -39.9711 15.4
    endloop
  endfacet
  facet normal 0.146746 -0.989174 0
    outer loop
      vertex 85.1705 -39.8847 15.4
      vertex 84.5881 -39.9711 6.1
      vertex 85.1705 -39.8847 6.1
    endloop
  endfacet
  facet normal 0 1 -0
    outer loop
      vertex 84 40 6.1
      vertex -84 40 15.4
      vertex 84 40 15.4
    endloop
  endfacet
  facet normal 0 1 0
    outer loop
      vertex -84 40 15.4
      vertex 84 40 6.1
      vertex -84 40 6.1
    endloop
  endfacet
  facet normal -0.238412 0.666113 0.70672
    outer loop
      vertex -85.5675 39.1675 16
      vertex -86.2961 39.5433 15.4
      vertex -86.0665 38.9889 16
    endloop
  endfacet
  facet normal -0.0490821 -0.998795 0
    outer loop
      vertex -84.5881 -39.9711 6.1
      vertex -84 -40 15.4
      vertex -84.5881 -39.9711 15.4
    endloop
  endfacet
  facet normal -0.0490821 -0.998795 -0
    outer loop
      vertex -84 -40 15.4
      vertex -84.5881 -39.9711 6.1
      vertex -84 -40 6.1
    endloop
  endfacet
  facet normal -0.363772 -0.606865 -0.706672
    outer loop
      vertex -86.8284 -39.2915 6.1
      vertex -87.0001 -38.4899 5.5
      vertex -86.5455 -38.7624 5.5
    endloop
  endfacet
  facet normal -0.699881 -0.103828 0.706673
    outer loop
      vertex -89.374 -34.5293 16
      vertex -89.9711 -34.5881 15.4
      vertex -89.8847 -35.1705 15.4
    endloop
  endfacet
  facet normal 0 0.707107 -0.707107
    outer loop
      vertex -84 39.4 5.5
      vertex 84 40 6.1
      vertex 84 39.4 5.5
    endloop
  endfacet
  facet normal 0 0.707107 -0.707107
    outer loop
      vertex 84 40 6.1
      vertex -84 39.4 5.5
      vertex -84 40 6.1
    endloop
  endfacet
  facet normal -0.666225 0.238298 0.706653
    outer loop
      vertex -89.5433 36.2961 15.4
      vertex -89.7416 35.7417 15.4
      vertex -89.1675 35.5675 16
    endloop
  endfacet
  facet normal 0.238412 -0.666113 -0.70672
    outer loop
      vertex 86.2961 -39.5433 6.1
      vertex 85.5675 -39.1675 5.5
      vertex 86.0665 -38.9889 5.5
    endloop
  endfacet
  facet normal -0.524194 0.475283 -0.70663
    outer loop
      vertex -87.8184 37.8184 5.5
      vertex -88.6381 37.8064 6.1
      vertex -88.2426 38.2426 6.1
    endloop
  endfacet
  facet normal -0.238298 -0.666225 -0.706653
    outer loop
      vertex -85.7417 -39.7416 6.1
      vertex -86.2961 -39.5433 6.1
      vertex -85.5675 -39.1675 5.5
    endloop
  endfacet
  facet normal -0.803289 -0.595589 4.87613e-19
    outer loop
      vertex -88.6381 -37.8064 6.1
      vertex -88.9888 -37.3334 15.4
      vertex -88.9888 -37.3334 6.1
    endloop
  endfacet
  facet normal -0.803289 -0.595589 4.87613e-19
    outer loop
      vertex -88.9888 -37.3334 15.4
      vertex -88.6381 -37.8064 6.1
      vertex -88.6381 -37.8064 15.4
    endloop
  endfacet
  facet normal -0.171862 0.686378 0.706646
    outer loop
      vertex -85.0535 39.2962 16
      vertex -85.7417 39.7416 15.4
      vertex -85.5675 39.1675 16
    endloop
  endfacet
  facet normal -0.524245 -0.475118 0.706704
    outer loop
      vertex -88.1743 -37.4257 16
      vertex -88.6381 -37.8064 15.4
      vertex -87.8184 -37.8184 16
    endloop
  endfacet
  facet normal -0.989174 -0.146746 1.42969e-20
    outer loop
      vertex -89.8847 -35.1705 6.1
      vertex -89.9711 -34.5881 15.4
      vertex -89.9711 -34.5881 6.1
    endloop
  endfacet
  facet normal -0.989174 -0.146746 1.42969e-20
    outer loop
      vertex -89.9711 -34.5881 15.4
      vertex -89.8847 -35.1705 6.1
      vertex -89.8847 -35.1705 15.4
    endloop
  endfacet
  facet normal -0.606866 -0.363759 -0.706677
    outer loop
      vertex -88.9888 -37.3334 6.1
      vertex -89.2915 -36.8284 6.1
      vertex -88.4899 -37.0001 5.5
    endloop
  endfacet
  facet normal 0.336788 0.94158 -0
    outer loop
      vertex 86.2961 39.5433 6.1
      vertex 85.7417 39.7416 15.4
      vertex 86.2961 39.5433 15.4
    endloop
  endfacet
  facet normal 0.336788 0.94158 0
    outer loop
      vertex 85.7417 39.7416 15.4
      vertex 86.2961 39.5433 6.1
      vertex 85.7417 39.7416 6.1
    endloop
  endfacet
  facet normal -0.56834 0.421389 -0.706698
    outer loop
      vertex -88.1743 37.4257 5.5
      vertex -88.9888 37.3334 6.1
      vertex -88.6381 37.8064 6.1
    endloop
  endfacet
  facet normal -0.0347132 -0.706681 -0.706681
    outer loop
      vertex -84 -40 6.1
      vertex -84.5293 -39.374 5.5
      vertex -84 -39.4 5.5
    endloop
  endfacet
  facet normal 0.10387 0.699853 -0.706694
    outer loop
      vertex 85.0535 39.2962 5.5
      vertex 84.5293 39.374 5.5
      vertex 85.1705 39.8847 6.1
    endloop
  endfacet
  facet normal -0.238412 -0.666113 -0.70672
    outer loop
      vertex -85.5675 -39.1675 5.5
      vertex -86.2961 -39.5433 6.1
      vertex -86.0665 -38.9889 5.5
    endloop
  endfacet
  facet normal -0.606865 -0.363772 -0.706672
    outer loop
      vertex -88.4899 -37.0001 5.5
      vertex -89.2915 -36.8284 6.1
      vertex -88.7624 -36.5455 5.5
    endloop
  endfacet
  facet normal 0.10387 -0.699853 0.706694
    outer loop
      vertex 85.0535 -39.2962 16
      vertex 84.5293 -39.374 16
      vertex 85.1705 -39.8847 15.4
    endloop
  endfacet
  facet normal 0.857718 0.514121 1.79628e-18
    outer loop
      vertex 89.2915 36.8284 15.4
      vertex 88.9888 37.3334 6.1
      vertex 88.9888 37.3334 15.4
    endloop
  endfacet
  facet normal 0.857718 0.514121 1.79628e-18
    outer loop
      vertex 88.9888 37.3334 6.1
      vertex 89.2915 36.8284 15.4
      vertex 89.2915 36.8284 6.1
    endloop
  endfacet
  facet normal 0.0347275 -0.706686 -0.706674
    outer loop
      vertex 84.5881 -39.9711 6.1
      vertex 84 -40 6.1
      vertex 84.5293 -39.374 5.5
    endloop
  endfacet
  facet normal 0.606865 0.363772 -0.706672
    outer loop
      vertex 88.7624 36.5455 5.5
      vertex 88.4899 37.0001 5.5
      vertex 89.2915 36.8284 6.1
    endloop
  endfacet
  facet normal -0.10387 0.699853 -0.706694
    outer loop
      vertex -85.0535 39.2962 5.5
      vertex -85.1705 39.8847 6.1
      vertex -84.5293 39.374 5.5
    endloop
  endfacet
  facet normal -0.238298 -0.666225 0.706653
    outer loop
      vertex -85.5675 -39.1675 16
      vertex -86.2961 -39.5433 15.4
      vertex -85.7417 -39.7416 15.4
    endloop
  endfacet
  facet normal 0.171939 0.686315 0.706689
    outer loop
      vertex 85.1705 39.8847 15.4
      vertex 85.0535 39.2962 16
      vertex 85.7417 39.7416 15.4
    endloop
  endfacet
  facet normal 0.699881 0.103828 0.706673
    outer loop
      vertex 89.8847 35.1705 15.4
      vertex 89.374 34.5293 16
      vertex 89.9711 34.5881 15.4
    endloop
  endfacet
  facet normal -0.421389 -0.56834 0.706698
    outer loop
      vertex -87.4257 -38.1743 16
      vertex -87.8064 -38.6381 15.4
      vertex -87.3334 -38.9888 15.4
    endloop
  endfacet
  facet normal -0.336788 0.94158 0
    outer loop
      vertex -85.7417 39.7416 6.1
      vertex -86.2961 39.5433 15.4
      vertex -85.7417 39.7416 15.4
    endloop
  endfacet
  facet normal -0.336788 0.94158 0
    outer loop
      vertex -86.2961 39.5433 15.4
      vertex -85.7417 39.7416 6.1
      vertex -86.2961 39.5433 6.1
    endloop
  endfacet
  facet normal -0.706686 -0.0347275 0.706674
    outer loop
      vertex -89.374 -34.5293 16
      vertex -90 -34 15.4
      vertex -89.9711 -34.5881 15.4
    endloop
  endfacet
  facet normal -0.699853 -0.10387 0.706694
    outer loop
      vertex -89.374 -34.5293 16
      vertex -89.8847 -35.1705 15.4
      vertex -89.2962 -35.0535 16
    endloop
  endfacet
  facet normal 0.302439 -0.639594 0.706718
    outer loop
      vertex 86.5455 -38.7624 16
      vertex 86.0665 -38.9889 16
      vertex 86.2961 -39.5433 15.4
    endloop
  endfacet
  facet normal 0.989174 0.146746 1.42969e-20
    outer loop
      vertex 89.9711 34.5881 15.4
      vertex 89.8847 35.1705 6.1
      vertex 89.8847 35.1705 15.4
    endloop
  endfacet
  facet normal 0.989174 0.146746 1.42969e-20
    outer loop
      vertex 89.8847 35.1705 6.1
      vertex 89.9711 34.5881 15.4
      vertex 89.9711 34.5881 6.1
    endloop
  endfacet
  facet normal -0.568329 -0.42144 -0.706676
    outer loop
      vertex -88.1743 -37.4257 5.5
      vertex -88.9888 -37.3334 6.1
      vertex -88.4899 -37.0001 5.5
    endloop
  endfacet
  facet normal -0.706681 0.0347132 0.706681
    outer loop
      vertex -89.374 34.5293 16
      vertex -90 34 15.4
      vertex -89.4 34 16
    endloop
  endfacet
  facet normal 0.686378 0.171862 -0.706646
    outer loop
      vertex 89.2962 35.0535 5.5
      vertex 89.1675 35.5675 5.5
      vertex 89.7416 35.7417 6.1
    endloop
  endfacet
  facet normal -0.857718 -0.514121 1.79628e-18
    outer loop
      vertex -88.9888 -37.3334 6.1
      vertex -89.2915 -36.8284 15.4
      vertex -89.2915 -36.8284 6.1
    endloop
  endfacet
  facet normal -0.857718 -0.514121 1.79628e-18
    outer loop
      vertex -89.2915 -36.8284 15.4
      vertex -88.9888 -37.3334 6.1
      vertex -88.9888 -37.3334 15.4
    endloop
  endfacet
  facet normal -0.686315 -0.171939 0.706689
    outer loop
      vertex -89.2962 -35.0535 16
      vertex -89.8847 -35.1705 15.4
      vertex -89.7416 -35.7417 15.4
    endloop
  endfacet
  facet normal -0.699881 -0.103828 -0.706673
    outer loop
      vertex -89.8847 -35.1705 6.1
      vertex -89.9711 -34.5881 6.1
      vertex -89.374 -34.5293 5.5
    endloop
  endfacet
  facet normal -0.970023 -0.243015 -2.59289e-19
    outer loop
      vertex -89.7416 -35.7417 6.1
      vertex -89.8847 -35.1705 15.4
      vertex -89.8847 -35.1705 6.1
    endloop
  endfacet
  facet normal -0.970023 -0.243015 -2.59289e-19
    outer loop
      vertex -89.8847 -35.1705 15.4
      vertex -89.7416 -35.7417 6.1
      vertex -89.7416 -35.7417 15.4
    endloop
  endfacet
  facet normal 0.639593 0.302554 0.706669
    outer loop
      vertex 89.2915 36.8284 15.4
      vertex 88.7624 36.5455 16
      vertex 89.5433 36.2961 15.4
    endloop
  endfacet
  facet normal -0.0347132 0.706681 0.706681
    outer loop
      vertex -84 40 15.4
      vertex -84.5293 39.374 16
      vertex -84 39.4 16
    endloop
  endfacet
  facet normal 0.707107 3.84827e-20 0.707107
    outer loop
      vertex 89.4 34 16
      vertex 90 -34 15.4
      vertex 90 34 15.4
    endloop
  endfacet
  facet normal 0.707107 3.84827e-20 0.707107
    outer loop
      vertex 90 -34 15.4
      vertex 89.4 34 16
      vertex 89.4 -34 16
    endloop
  endfacet
  facet normal -0.699853 -0.10387 -0.706694
    outer loop
      vertex -89.2962 -35.0535 5.5
      vertex -89.8847 -35.1705 6.1
      vertex -89.374 -34.5293 5.5
    endloop
  endfacet
  facet normal -0.686315 -0.171939 -0.706689
    outer loop
      vertex -89.7416 -35.7417 6.1
      vertex -89.8847 -35.1705 6.1
      vertex -89.2962 -35.0535 5.5
    endloop
  endfacet
  facet normal -0.302439 -0.639594 0.706718
    outer loop
      vertex -86.0665 -38.9889 16
      vertex -86.5455 -38.7624 16
      vertex -86.2961 -39.5433 15.4
    endloop
  endfacet
  facet normal 0.171939 0.686315 -0.706689
    outer loop
      vertex 85.7417 39.7416 6.1
      vertex 85.0535 39.2962 5.5
      vertex 85.1705 39.8847 6.1
    endloop
  endfacet
  facet normal -0.94158 0.336788 8.47529e-20
    outer loop
      vertex -89.7416 35.7417 6.1
      vertex -89.5433 36.2961 15.4
      vertex -89.5433 36.2961 6.1
    endloop
  endfacet
  facet normal -0.94158 0.336788 8.47529e-20
    outer loop
      vertex -89.5433 36.2961 15.4
      vertex -89.7416 35.7417 6.1
      vertex -89.7416 35.7417 15.4
    endloop
  endfacet
  facet normal -0.421389 0.56834 -0.706698
    outer loop
      vertex -87.4257 38.1743 5.5
      vertex -87.8064 38.6381 6.1
      vertex -87.3334 38.9888 6.1
    endloop
  endfacet
  facet normal 0.803289 0.595589 4.87613e-19
    outer loop
      vertex 88.9888 37.3334 15.4
      vertex 88.6381 37.8064 6.1
      vertex 88.6381 37.8064 15.4
    endloop
  endfacet
  facet normal 0.803289 0.595589 4.87613e-19
    outer loop
      vertex 88.6381 37.8064 6.1
      vertex 88.9888 37.3334 15.4
      vertex 88.9888 37.3334 6.1
    endloop
  endfacet
  facet normal -0.475118 -0.524245 0.706704
    outer loop
      vertex -87.4257 -38.1743 16
      vertex -87.8184 -37.8184 16
      vertex -87.8064 -38.6381 15.4
    endloop
  endfacet
  facet normal 0.0347275 0.706686 0.706674
    outer loop
      vertex 84.5881 39.9711 15.4
      vertex 84 40 15.4
      vertex 84.5293 39.374 16
    endloop
  endfacet
  facet normal 0.568329 -0.42144 -0.706676
    outer loop
      vertex 88.9888 -37.3334 6.1
      vertex 88.1743 -37.4257 5.5
      vertex 88.4899 -37.0001 5.5
    endloop
  endfacet
  facet normal 0.970023 0.243015 -2.59289e-19
    outer loop
      vertex 89.8847 35.1705 15.4
      vertex 89.7416 35.7417 6.1
      vertex 89.7416 35.7417 15.4
    endloop
  endfacet
  facet normal 0.970023 0.243015 -2.59289e-19
    outer loop
      vertex 89.7416 35.7417 6.1
      vertex 89.8847 35.1705 15.4
      vertex 89.8847 35.1705 6.1
    endloop
  endfacet
  facet normal 0.363759 0.606866 0.706677
    outer loop
      vertex 87.3334 38.9888 15.4
      vertex 86.8284 39.2915 15.4
      vertex 87.0001 38.4899 16
    endloop
  endfacet
  facet normal 0.94158 -0.336788 8.47529e-20
    outer loop
      vertex 89.5433 -36.2961 15.4
      vertex 89.7416 -35.7417 6.1
      vertex 89.7416 -35.7417 15.4
    endloop
  endfacet
  facet normal 0.94158 -0.336788 8.47529e-20
    outer loop
      vertex 89.7416 -35.7417 6.1
      vertex 89.5433 -36.2961 15.4
      vertex 89.5433 -36.2961 6.1
    endloop
  endfacet
  facet normal -0.686315 0.171939 0.706689
    outer loop
      vertex -89.7416 35.7417 15.4
      vertex -89.8847 35.1705 15.4
      vertex -89.2962 35.0535 16
    endloop
  endfacet
  facet normal 0.0490821 -0.998795 0
    outer loop
      vertex 84 -40 6.1
      vertex 84.5881 -39.9711 15.4
      vertex 84 -40 15.4
    endloop
  endfacet
  facet normal 0.0490821 -0.998795 0
    outer loop
      vertex 84.5881 -39.9711 15.4
      vertex 84 -40 6.1
      vertex 84.5881 -39.9711 6.1
    endloop
  endfacet
  facet normal -0.666113 0.238412 -0.70672
    outer loop
      vertex -89.1675 35.5675 5.5
      vertex -89.5433 36.2961 6.1
      vertex -88.9889 36.0665 5.5
    endloop
  endfacet
  facet normal 0.639593 -0.302554 -0.706669
    outer loop
      vertex 89.2915 -36.8284 6.1
      vertex 88.7624 -36.5455 5.5
      vertex 89.5433 -36.2961 6.1
    endloop
  endfacet
  facet normal -0.56834 -0.421389 0.706698
    outer loop
      vertex -88.1743 -37.4257 16
      vertex -88.9888 -37.3334 15.4
      vertex -88.6381 -37.8064 15.4
    endloop
  endfacet
  facet normal -0.706686 0.0347275 -0.706674
    outer loop
      vertex -89.374 34.5293 5.5
      vertex -90 34 6.1
      vertex -89.9711 34.5881 6.1
    endloop
  endfacet
  facet normal 0.56834 -0.421389 0.706698
    outer loop
      vertex 88.9888 -37.3334 15.4
      vertex 88.1743 -37.4257 16
      vertex 88.6381 -37.8064 15.4
    endloop
  endfacet
  facet normal -0.10387 -0.699853 -0.706694
    outer loop
      vertex -84.5293 -39.374 5.5
      vertex -85.1705 -39.8847 6.1
      vertex -85.0535 -39.2962 5.5
    endloop
  endfacet
  facet normal -0.524194 -0.475283 -0.70663
    outer loop
      vertex -88.2426 -38.2426 6.1
      vertex -88.6381 -37.8064 6.1
      vertex -87.8184 -37.8184 5.5
    endloop
  endfacet
  facet normal 0.10387 -0.699853 -0.706694
    outer loop
      vertex 85.1705 -39.8847 6.1
      vertex 84.5293 -39.374 5.5
      vertex 85.0535 -39.2962 5.5
    endloop
  endfacet
  facet normal 0.0347132 0.706681 0.706681
    outer loop
      vertex 84 40 15.4
      vertex 84 39.4 16
      vertex 84.5293 39.374 16
    endloop
  endfacet
  facet normal 0.302554 0.639593 0.706669
    outer loop
      vertex 86.8284 39.2915 15.4
      vertex 86.2961 39.5433 15.4
      vertex 86.5455 38.7624 16
    endloop
  endfacet
  facet normal 0.42144 0.568329 0.706676
    outer loop
      vertex 87.3334 38.9888 15.4
      vertex 87.0001 38.4899 16
      vertex 87.4257 38.1743 16
    endloop
  endfacet
  facet normal -0.514121 0.857718 0
    outer loop
      vertex -86.8284 39.2915 6.1
      vertex -87.3334 38.9888 15.4
      vertex -86.8284 39.2915 15.4
    endloop
  endfacet
  facet normal -0.514121 0.857718 0
    outer loop
      vertex -87.3334 38.9888 15.4
      vertex -86.8284 39.2915 6.1
      vertex -87.3334 38.9888 6.1
    endloop
  endfacet
  facet normal 0.171862 -0.686378 0.706646
    outer loop
      vertex 85.5675 -39.1675 16
      vertex 85.0535 -39.2962 16
      vertex 85.7417 -39.7416 15.4
    endloop
  endfacet
  facet normal -0.706681 -0.0347132 0.706681
    outer loop
      vertex -89.4 -34 16
      vertex -90 -34 15.4
      vertex -89.374 -34.5293 16
    endloop
  endfacet
  facet normal 0.706686 -0.0347275 0.706674
    outer loop
      vertex 90 -34 15.4
      vertex 89.374 -34.5293 16
      vertex 89.9711 -34.5881 15.4
    endloop
  endfacet
  facet normal 0.238412 0.666113 0.70672
    outer loop
      vertex 86.2961 39.5433 15.4
      vertex 85.5675 39.1675 16
      vertex 86.0665 38.9889 16
    endloop
  endfacet
  facet normal -0.0490821 0.998795 0
    outer loop
      vertex -84 40 6.1
      vertex -84.5881 39.9711 15.4
      vertex -84 40 15.4
    endloop
  endfacet
  facet normal -0.0490821 0.998795 0
    outer loop
      vertex -84.5881 39.9711 15.4
      vertex -84 40 6.1
      vertex -84.5881 39.9711 6.1
    endloop
  endfacet
  facet normal -0.302554 -0.639593 -0.706669
    outer loop
      vertex -86.2961 -39.5433 6.1
      vertex -86.8284 -39.2915 6.1
      vertex -86.5455 -38.7624 5.5
    endloop
  endfacet
  facet normal -0.171939 0.686315 0.706689
    outer loop
      vertex -85.1705 39.8847 15.4
      vertex -85.7417 39.7416 15.4
      vertex -85.0535 39.2962 16
    endloop
  endfacet
  facet normal -0.363772 0.606865 -0.706672
    outer loop
      vertex -86.5455 38.7624 5.5
      vertex -87.0001 38.4899 5.5
      vertex -86.8284 39.2915 6.1
    endloop
  endfacet
  facet normal -0.103828 0.699881 -0.706673
    outer loop
      vertex -84.5293 39.374 5.5
      vertex -85.1705 39.8847 6.1
      vertex -84.5881 39.9711 6.1
    endloop
  endfacet
  facet normal -0.903962 -0.427612 4.63746e-19
    outer loop
      vertex -89.2915 -36.8284 6.1
      vertex -89.5433 -36.2961 15.4
      vertex -89.5433 -36.2961 6.1
    endloop
  endfacet
  facet normal -0.903962 -0.427612 4.63746e-19
    outer loop
      vertex -89.5433 -36.2961 15.4
      vertex -89.2915 -36.8284 6.1
      vertex -89.2915 -36.8284 15.4
    endloop
  endfacet
  facet normal -0.171862 -0.686378 -0.706646
    outer loop
      vertex -85.0535 -39.2962 5.5
      vertex -85.7417 -39.7416 6.1
      vertex -85.5675 -39.1675 5.5
    endloop
  endfacet
  facet normal -0.475118 0.524245 -0.706704
    outer loop
      vertex -87.4257 38.1743 5.5
      vertex -87.8184 37.8184 5.5
      vertex -87.8064 38.6381 6.1
    endloop
  endfacet
  facet normal 0.706686 0.0347275 0.706674
    outer loop
      vertex 89.9711 34.5881 15.4
      vertex 89.374 34.5293 16
      vertex 90 34 15.4
    endloop
  endfacet
  facet normal 0.686378 -0.171862 0.706646
    outer loop
      vertex 89.2962 -35.0535 16
      vertex 89.1675 -35.5675 16
      vertex 89.7416 -35.7417 15.4
    endloop
  endfacet
  facet normal -0.475118 -0.524245 -0.706704
    outer loop
      vertex -87.8064 -38.6381 6.1
      vertex -87.8184 -37.8184 5.5
      vertex -87.4257 -38.1743 5.5
    endloop
  endfacet
  facet normal -0.595589 -0.803289 0
    outer loop
      vertex -87.8064 -38.6381 6.1
      vertex -87.3334 -38.9888 15.4
      vertex -87.8064 -38.6381 15.4
    endloop
  endfacet
  facet normal -0.595589 -0.803289 -0
    outer loop
      vertex -87.3334 -38.9888 15.4
      vertex -87.8064 -38.6381 6.1
      vertex -87.3334 -38.9888 6.1
    endloop
  endfacet
  facet normal -0.524194 0.475283 0.70663
    outer loop
      vertex -88.2426 38.2426 15.4
      vertex -88.6381 37.8064 15.4
      vertex -87.8184 37.8184 16
    endloop
  endfacet
  facet normal -0.146746 -0.989174 0
    outer loop
      vertex -85.1705 -39.8847 6.1
      vertex -84.5881 -39.9711 15.4
      vertex -85.1705 -39.8847 15.4
    endloop
  endfacet
  facet normal -0.146746 -0.989174 -0
    outer loop
      vertex -84.5881 -39.9711 15.4
      vertex -85.1705 -39.8847 6.1
      vertex -84.5881 -39.9711 6.1
    endloop
  endfacet
  facet normal 0 -1 0
    outer loop
      vertex -84 -40 6.1
      vertex 84 -40 15.4
      vertex -84 -40 15.4
    endloop
  endfacet
  facet normal 0 -1 -0
    outer loop
      vertex 84 -40 15.4
      vertex -84 -40 6.1
      vertex 84 -40 6.1
    endloop
  endfacet
  facet normal -0.171939 -0.686315 -0.706689
    outer loop
      vertex -85.1705 -39.8847 6.1
      vertex -85.7417 -39.7416 6.1
      vertex -85.0535 -39.2962 5.5
    endloop
  endfacet
  facet normal 0.524194 -0.475283 -0.70663
    outer loop
      vertex 88.2426 -38.2426 6.1
      vertex 87.8184 -37.8184 5.5
      vertex 88.6381 -37.8064 6.1
    endloop
  endfacet
  facet normal -0.421389 -0.56834 -0.706698
    outer loop
      vertex -87.3334 -38.9888 6.1
      vertex -87.8064 -38.6381 6.1
      vertex -87.4257 -38.1743 5.5
    endloop
  endfacet
  facet normal -0.171862 0.686378 -0.706646
    outer loop
      vertex -85.5675 39.1675 5.5
      vertex -85.7417 39.7416 6.1
      vertex -85.0535 39.2962 5.5
    endloop
  endfacet
  facet normal -0.363772 0.606865 0.706672
    outer loop
      vertex -86.8284 39.2915 15.4
      vertex -87.0001 38.4899 16
      vertex -86.5455 38.7624 16
    endloop
  endfacet
  facet normal -0.606866 -0.363759 0.706677
    outer loop
      vertex -88.4899 -37.0001 16
      vertex -89.2915 -36.8284 15.4
      vertex -88.9888 -37.3334 15.4
    endloop
  endfacet
  facet normal -0.998795 -0.0490821 2.57919e-19
    outer loop
      vertex -89.9711 -34.5881 6.1
      vertex -90 -34 15.4
      vertex -90 -34 6.1
    endloop
  endfacet
  facet normal -0.998795 -0.0490821 2.57919e-19
    outer loop
      vertex -90 -34 15.4
      vertex -89.9711 -34.5881 6.1
      vertex -89.9711 -34.5881 15.4
    endloop
  endfacet
  facet normal -0.706686 -0.0347275 -0.706674
    outer loop
      vertex -89.9711 -34.5881 6.1
      vertex -90 -34 6.1
      vertex -89.374 -34.5293 5.5
    endloop
  endfacet
  facet normal 0 0 -1
    outer loop
      vertex 84.3808 -33.5951 5.5
      vertex 89.4 -34 5.5
      vertex 89.374 -34.5293 5.5
    endloop
  endfacet
  facet normal 0 0 -1
    outer loop
      vertex 89.4 -34 5.5
      vertex 84.4 -33.4 5.5
      vertex 89.4 34 5.5
    endloop
  endfacet
  facet normal 0 0 -1
    outer loop
      vertex 84.3569 -33.6903 5.5
      vertex 89.374 -34.5293 5.5
      vertex 89.2962 -35.0535 5.5
    endloop
  endfacet
  facet normal 0 0 -1
    outer loop
      vertex 84.4 33.4 5.5
      vertex 89.4 34 5.5
      vertex 84.4 -33.4 5.5
    endloop
  endfacet
  facet normal 0 0 -1
    outer loop
      vertex 84.3239 -33.7827 5.5
      vertex 89.2962 -35.0535 5.5
      vertex 89.1675 -35.5675 5.5
    endloop
  endfacet
  facet normal 0 0 -1
    outer loop
      vertex 84.3952 33.498 5.5
      vertex 89.4 34 5.5
      vertex 84.4 33.4 5.5
    endloop
  endfacet
  facet normal 0 0 -1
    outer loop
      vertex 84.3239 -33.7827 5.5
      vertex 89.1675 -35.5675 5.5
      vertex 88.9889 -36.0665 5.5
    endloop
  endfacet
  facet normal 0 0 -1
    outer loop
      vertex 84.3808 33.5951 5.5
      vertex 89.4 34 5.5
      vertex 84.3952 33.498 5.5
    endloop
  endfacet
  facet normal 0 0 -1
    outer loop
      vertex 84.2819 -33.8714 5.5
      vertex 88.9889 -36.0665 5.5
      vertex 88.7624 -36.5455 5.5
    endloop
  endfacet
  facet normal -0 0 -1
    outer loop
      vertex 89.4 34 5.5
      vertex 84.3808 33.5951 5.5
      vertex 89.374 34.5293 5.5
    endloop
  endfacet
  facet normal 0 0 -1
    outer loop
      vertex 84.2315 -33.9556 5.5
      vertex 88.7624 -36.5455 5.5
      vertex 88.4899 -37.0001 5.5
    endloop
  endfacet
  facet normal 0 0 -1
    outer loop
      vertex 84.3569 33.6903 5.5
      vertex 89.374 34.5293 5.5
      vertex 84.3808 33.5951 5.5
    endloop
  endfacet
  facet normal 0 0 -1
    outer loop
      vertex 84.173 -34.0344 5.5
      vertex 88.4899 -37.0001 5.5
      vertex 88.1743 -37.4257 5.5
    endloop
  endfacet
  facet normal -0 0 -1
    outer loop
      vertex 89.374 34.5293 5.5
      vertex 84.3569 33.6903 5.5
      vertex 89.2962 35.0535 5.5
    endloop
  endfacet
  facet normal 0 0 -1
    outer loop
      vertex 84.1071 -34.1071 5.5
      vertex 88.1743 -37.4257 5.5
      vertex 87.8184 -37.8184 5.5
    endloop
  endfacet
  facet normal 0 0 -1
    outer loop
      vertex 84.3239 33.7827 5.5
      vertex 89.2962 35.0535 5.5
      vertex 84.3569 33.6903 5.5
    endloop
  endfacet
  facet normal 0 0 -1
    outer loop
      vertex 84.1071 -34.1071 5.5
      vertex 87.8184 -37.8184 5.5
      vertex 87.4257 -38.1743 5.5
    endloop
  endfacet
  facet normal -0 0 -1
    outer loop
      vertex 89.2962 35.0535 5.5
      vertex 84.3239 33.7827 5.5
      vertex 89.1675 35.5675 5.5
    endloop
  endfacet
  facet normal 0 0 -1
    outer loop
      vertex 84.0344 -34.173 5.5
      vertex 87.4257 -38.1743 5.5
      vertex 87.0001 -38.4899 5.5
    endloop
  endfacet
  facet normal -0 0 -1
    outer loop
      vertex 89.1675 35.5675 5.5
      vertex 84.3239 33.7827 5.5
      vertex 88.9889 36.0665 5.5
    endloop
  endfacet
  facet normal 0 0 -1
    outer loop
      vertex 83.9556 -34.2315 5.5
      vertex 87.0001 -38.4899 5.5
      vertex 86.5455 -38.7624 5.5
    endloop
  endfacet
  facet normal 0 0 -1
    outer loop
      vertex 84.2819 33.8714 5.5
      vertex 88.9889 36.0665 5.5
      vertex 84.3239 33.7827 5.5
    endloop
  endfacet
  facet normal 0 0 -1
    outer loop
      vertex 83.8714 -34.2819 5.5
      vertex 86.5455 -38.7624 5.5
      vertex 86.0665 -38.9889 5.5
    endloop
  endfacet
  facet normal -0 0 -1
    outer loop
      vertex 88.9889 36.0665 5.5
      vertex 84.2819 33.8714 5.5
      vertex 88.7624 36.5455 5.5
    endloop
  endfacet
  facet normal 0 0 -1
    outer loop
      vertex 83.8714 -34.2819 5.5
      vertex 86.0665 -38.9889 5.5
      vertex 85.5675 -39.1675 5.5
    endloop
  endfacet
  facet normal 0 0 -1
    outer loop
      vertex 84.2315 33.9556 5.5
      vertex 88.7624 36.5455 5.5
      vertex 84.2819 33.8714 5.5
    endloop
  endfacet
  facet normal 0 0 -1
    outer loop
      vertex 83.7827 -34.3239 5.5
      vertex 85.5675 -39.1675 5.5
      vertex 85.0535 -39.2962 5.5
    endloop
  endfacet
  facet normal -0 0 -1
    outer loop
      vertex 88.7624 36.5455 5.5
      vertex 84.2315 33.9556 5.5
      vertex 88.4899 37.0001 5.5
    endloop
  endfacet
  facet normal 0 0 -1
    outer loop
      vertex 83.6903 -34.3569 5.5
      vertex 85.0535 -39.2962 5.5
      vertex 84.5293 -39.374 5.5
    endloop
  endfacet
  facet normal 0 0 -1
    outer loop
      vertex 84.173 34.0344 5.5
      vertex 88.4899 37.0001 5.5
      vertex 84.2315 33.9556 5.5
    endloop
  endfacet
  facet normal -0 0 -1
    outer loop
      vertex 88.4899 37.0001 5.5
      vertex 84.173 34.0344 5.5
      vertex 88.1743 37.4257 5.5
    endloop
  endfacet
  facet normal 0 0 -1
    outer loop
      vertex 89.4 -34 5.5
      vertex 84.3952 -33.498 5.5
      vertex 84.4 -33.4 5.5
    endloop
  endfacet
  facet normal 0 0 -1
    outer loop
      vertex 89.4 -34 5.5
      vertex 84.3808 -33.5951 5.5
      vertex 84.3952 -33.498 5.5
    endloop
  endfacet
  facet normal 0 0 -1
    outer loop
      vertex 89.374 -34.5293 5.5
      vertex 84.3569 -33.6903 5.5
      vertex 84.3808 -33.5951 5.5
    endloop
  endfacet
  facet normal 0 0 -1
    outer loop
      vertex 89.2962 -35.0535 5.5
      vertex 84.3239 -33.7827 5.5
      vertex 84.3569 -33.6903 5.5
    endloop
  endfacet
  facet normal 0 0 -1
    outer loop
      vertex 88.9889 -36.0665 5.5
      vertex 84.2819 -33.8714 5.5
      vertex 84.3239 -33.7827 5.5
    endloop
  endfacet
  facet normal 0 0 -1
    outer loop
      vertex 88.7624 -36.5455 5.5
      vertex 84.2315 -33.9556 5.5
      vertex 84.2819 -33.8714 5.5
    endloop
  endfacet
  facet normal 0 0 -1
    outer loop
      vertex 88.4899 -37.0001 5.5
      vertex 84.173 -34.0344 5.5
      vertex 84.2315 -33.9556 5.5
    endloop
  endfacet
  facet normal 0 0 -1
    outer loop
      vertex 88.1743 -37.4257 5.5
      vertex 84.1071 -34.1071 5.5
      vertex 84.173 -34.0344 5.5
    endloop
  endfacet
  facet normal 0 0 -1
    outer loop
      vertex 87.4257 -38.1743 5.5
      vertex 84.0344 -34.173 5.5
      vertex 84.1071 -34.1071 5.5
    endloop
  endfacet
  facet normal 0 0 -1
    outer loop
      vertex 83.5951 -34.3808 5.5
      vertex 84.5293 -39.374 5.5
      vertex 84 -39.4 5.5
    endloop
  endfacet
  facet normal 0 0 -1
    outer loop
      vertex 87.0001 -38.4899 5.5
      vertex 83.9556 -34.2315 5.5
      vertex 84.0344 -34.173 5.5
    endloop
  endfacet
  facet normal 0 0 -1
    outer loop
      vertex 86.5455 -38.7624 5.5
      vertex 83.8714 -34.2819 5.5
      vertex 83.9556 -34.2315 5.5
    endloop
  endfacet
  facet normal 0 0 -1
    outer loop
      vertex 85.5675 -39.1675 5.5
      vertex 83.7827 -34.3239 5.5
      vertex 83.8714 -34.2819 5.5
    endloop
  endfacet
  facet normal 0 0 -1
    outer loop
      vertex 85.0535 -39.2962 5.5
      vertex 83.6903 -34.3569 5.5
      vertex 83.7827 -34.3239 5.5
    endloop
  endfacet
  facet normal 0 0 -1
    outer loop
      vertex 84.5293 -39.374 5.5
      vertex 83.5951 -34.3808 5.5
      vertex 83.6903 -34.3569 5.5
    endloop
  endfacet
  facet normal 0 0 -1
    outer loop
      vertex 84 -39.4 5.5
      vertex 83.498 -34.3952 5.5
      vertex 83.5951 -34.3808 5.5
    endloop
  endfacet
  facet normal 0 0 -1
    outer loop
      vertex 84 -39.4 5.5
      vertex 83.4 -34.4 5.5
      vertex 83.498 -34.3952 5.5
    endloop
  endfacet
  facet normal 0 0 -1
    outer loop
      vertex 84 -39.4 5.5
      vertex -83.4 -34.4 5.5
      vertex 83.4 -34.4 5.5
    endloop
  endfacet
  facet normal 0 0 -1
    outer loop
      vertex -84 -39.4 5.5
      vertex -83.4 -34.4 5.5
      vertex 84 -39.4 5.5
    endloop
  endfacet
  facet normal 0 0 -1
    outer loop
      vertex -84 -39.4 5.5
      vertex -83.498 -34.3952 5.5
      vertex -83.4 -34.4 5.5
    endloop
  endfacet
  facet normal 0 0 -1
    outer loop
      vertex -84 -39.4 5.5
      vertex -83.5951 -34.3808 5.5
      vertex -83.498 -34.3952 5.5
    endloop
  endfacet
  facet normal 0 0 -1
    outer loop
      vertex -84.5293 -39.374 5.5
      vertex -83.5951 -34.3808 5.5
      vertex -84 -39.4 5.5
    endloop
  endfacet
  facet normal -0 0 -1
    outer loop
      vertex -83.5951 -34.3808 5.5
      vertex -84.5293 -39.374 5.5
      vertex -83.6903 -34.3569 5.5
    endloop
  endfacet
  facet normal 0 0 -1
    outer loop
      vertex -85.0535 -39.2962 5.5
      vertex -83.6903 -34.3569 5.5
      vertex -84.5293 -39.374 5.5
    endloop
  endfacet
  facet normal -0 0 -1
    outer loop
      vertex -83.6903 -34.3569 5.5
      vertex -85.0535 -39.2962 5.5
      vertex -83.7827 -34.3239 5.5
    endloop
  endfacet
  facet normal 0 0 -1
    outer loop
      vertex -85.5675 -39.1675 5.5
      vertex -83.7827 -34.3239 5.5
      vertex -85.0535 -39.2962 5.5
    endloop
  endfacet
  facet normal -0 0 -1
    outer loop
      vertex -83.7827 -34.3239 5.5
      vertex -85.5675 -39.1675 5.5
      vertex -83.8714 -34.2819 5.5
    endloop
  endfacet
  facet normal 0 0 -1
    outer loop
      vertex -86.0665 -38.9889 5.5
      vertex -83.8714 -34.2819 5.5
      vertex -85.5675 -39.1675 5.5
    endloop
  endfacet
  facet normal 0 0 -1
    outer loop
      vertex -86.5455 -38.7624 5.5
      vertex -83.8714 -34.2819 5.5
      vertex -86.0665 -38.9889 5.5
    endloop
  endfacet
  facet normal -0 0 -1
    outer loop
      vertex -83.8714 -34.2819 5.5
      vertex -86.5455 -38.7624 5.5
      vertex -83.9556 -34.2315 5.5
    endloop
  endfacet
  facet normal 0 0 -1
    outer loop
      vertex -87.0001 -38.4899 5.5
      vertex -83.9556 -34.2315 5.5
      vertex -86.5455 -38.7624 5.5
    endloop
  endfacet
  facet normal -0 0 -1
    outer loop
      vertex -83.9556 -34.2315 5.5
      vertex -87.0001 -38.4899 5.5
      vertex -84.0344 -34.173 5.5
    endloop
  endfacet
  facet normal 0 0 -1
    outer loop
      vertex -87.4257 -38.1743 5.5
      vertex -84.0344 -34.173 5.5
      vertex -87.0001 -38.4899 5.5
    endloop
  endfacet
  facet normal -0 0 -1
    outer loop
      vertex -84.0344 -34.173 5.5
      vertex -87.4257 -38.1743 5.5
      vertex -84.1071 -34.1071 5.5
    endloop
  endfacet
  facet normal -0 0 -1
    outer loop
      vertex -84.1071 -34.1071 5.5
      vertex -88.1743 -37.4257 5.5
      vertex -84.173 -34.0344 5.5
    endloop
  endfacet
  facet normal 0 0 -1
    outer loop
      vertex -88.1743 -37.4257 5.5
      vertex -84.1071 -34.1071 5.5
      vertex -87.8184 -37.8184 5.5
    endloop
  endfacet
  facet normal 0 0 -1
    outer loop
      vertex -87.8184 -37.8184 5.5
      vertex -84.1071 -34.1071 5.5
      vertex -87.4257 -38.1743 5.5
    endloop
  endfacet
  facet normal 0 0 -1
    outer loop
      vertex 84.1071 34.1071 5.5
      vertex 88.1743 37.4257 5.5
      vertex 84.173 34.0344 5.5
    endloop
  endfacet
  facet normal -0 0 -1
    outer loop
      vertex 88.1743 37.4257 5.5
      vertex 84.1071 34.1071 5.5
      vertex 87.8184 37.8184 5.5
    endloop
  endfacet
  facet normal -0 0 -1
    outer loop
      vertex 87.8184 37.8184 5.5
      vertex 84.1071 34.1071 5.5
      vertex 87.4257 38.1743 5.5
    endloop
  endfacet
  facet normal 0 0 -1
    outer loop
      vertex 84.0344 34.173 5.5
      vertex 87.4257 38.1743 5.5
      vertex 84.1071 34.1071 5.5
    endloop
  endfacet
  facet normal -0 0 -1
    outer loop
      vertex 87.4257 38.1743 5.5
      vertex 84.0344 34.173 5.5
      vertex 87.0001 38.4899 5.5
    endloop
  endfacet
  facet normal 0 0 -1
    outer loop
      vertex 83.9556 34.2315 5.5
      vertex 87.0001 38.4899 5.5
      vertex 84.0344 34.173 5.5
    endloop
  endfacet
  facet normal -0 0 -1
    outer loop
      vertex 87.0001 38.4899 5.5
      vertex 83.9556 34.2315 5.5
      vertex 86.5455 38.7624 5.5
    endloop
  endfacet
  facet normal 0 0 -1
    outer loop
      vertex 83.8714 34.2819 5.5
      vertex 86.5455 38.7624 5.5
      vertex 83.9556 34.2315 5.5
    endloop
  endfacet
  facet normal -0 0 -1
    outer loop
      vertex 86.5455 38.7624 5.5
      vertex 83.8714 34.2819 5.5
      vertex 86.0665 38.9889 5.5
    endloop
  endfacet
  facet normal -0 0 -1
    outer loop
      vertex 86.0665 38.9889 5.5
      vertex 83.8714 34.2819 5.5
      vertex 85.5675 39.1675 5.5
    endloop
  endfacet
  facet normal 0 0 -1
    outer loop
      vertex 83.7827 34.3239 5.5
      vertex 85.5675 39.1675 5.5
      vertex 83.8714 34.2819 5.5
    endloop
  endfacet
  facet normal -0 0 -1
    outer loop
      vertex 85.5675 39.1675 5.5
      vertex 83.7827 34.3239 5.5
      vertex 85.0535 39.2962 5.5
    endloop
  endfacet
  facet normal 0 0 -1
    outer loop
      vertex 83.6903 34.3569 5.5
      vertex 85.0535 39.2962 5.5
      vertex 83.7827 34.3239 5.5
    endloop
  endfacet
  facet normal -0 0 -1
    outer loop
      vertex 85.0535 39.2962 5.5
      vertex 83.6903 34.3569 5.5
      vertex 84.5293 39.374 5.5
    endloop
  endfacet
  facet normal 0 0 -1
    outer loop
      vertex 83.5951 34.3808 5.5
      vertex 84.5293 39.374 5.5
      vertex 83.6903 34.3569 5.5
    endloop
  endfacet
  facet normal -0 0 -1
    outer loop
      vertex 84.5293 39.374 5.5
      vertex 83.5951 34.3808 5.5
      vertex 84 39.4 5.5
    endloop
  endfacet
  facet normal 0 0 -1
    outer loop
      vertex 83.498 34.3952 5.5
      vertex 84 39.4 5.5
      vertex 83.5951 34.3808 5.5
    endloop
  endfacet
  facet normal 0 0 -1
    outer loop
      vertex 83.4 34.4 5.5
      vertex 84 39.4 5.5
      vertex 83.498 34.3952 5.5
    endloop
  endfacet
  facet normal 0 0 -1
    outer loop
      vertex -83.4 34.4 5.5
      vertex 84 39.4 5.5
      vertex 83.4 34.4 5.5
    endloop
  endfacet
  facet normal 0 0 -1
    outer loop
      vertex -83.4 34.4 5.5
      vertex -84 39.4 5.5
      vertex 84 39.4 5.5
    endloop
  endfacet
  facet normal 0 0 -1
    outer loop
      vertex -83.498 34.3952 5.5
      vertex -84 39.4 5.5
      vertex -83.4 34.4 5.5
    endloop
  endfacet
  facet normal 0 0 -1
    outer loop
      vertex -83.5951 34.3808 5.5
      vertex -84 39.4 5.5
      vertex -83.498 34.3952 5.5
    endloop
  endfacet
  facet normal 0 0 -1
    outer loop
      vertex -84.5293 39.374 5.5
      vertex -83.5951 34.3808 5.5
      vertex -83.6903 34.3569 5.5
    endloop
  endfacet
  facet normal 0 0 -1
    outer loop
      vertex -85.0535 39.2962 5.5
      vertex -83.6903 34.3569 5.5
      vertex -83.7827 34.3239 5.5
    endloop
  endfacet
  facet normal 0 0 -1
    outer loop
      vertex -85.5675 39.1675 5.5
      vertex -83.7827 34.3239 5.5
      vertex -83.8714 34.2819 5.5
    endloop
  endfacet
  facet normal 0 0 -1
    outer loop
      vertex -86.5455 38.7624 5.5
      vertex -83.8714 34.2819 5.5
      vertex -83.9556 34.2315 5.5
    endloop
  endfacet
  facet normal 0 0 -1
    outer loop
      vertex -87.0001 38.4899 5.5
      vertex -83.9556 34.2315 5.5
      vertex -84.0344 34.173 5.5
    endloop
  endfacet
  facet normal 0 0 -1
    outer loop
      vertex -87.4257 38.1743 5.5
      vertex -84.0344 34.173 5.5
      vertex -84.1071 34.1071 5.5
    endloop
  endfacet
  facet normal 0 0 -1
    outer loop
      vertex -88.1743 37.4257 5.5
      vertex -84.1071 34.1071 5.5
      vertex -84.173 34.0344 5.5
    endloop
  endfacet
  facet normal 0 0 -1
    outer loop
      vertex -88.4899 37.0001 5.5
      vertex -84.173 34.0344 5.5
      vertex -84.2315 33.9556 5.5
    endloop
  endfacet
  facet normal 0 0 -1
    outer loop
      vertex -88.7624 36.5455 5.5
      vertex -84.2315 33.9556 5.5
      vertex -84.2819 33.8714 5.5
    endloop
  endfacet
  facet normal 0 0 -1
    outer loop
      vertex -88.9889 36.0665 5.5
      vertex -84.2819 33.8714 5.5
      vertex -84.3239 33.7827 5.5
    endloop
  endfacet
  facet normal 0 0 -1
    outer loop
      vertex -89.2962 35.0535 5.5
      vertex -84.3239 33.7827 5.5
      vertex -84.3569 33.6903 5.5
    endloop
  endfacet
  facet normal 0 0 -1
    outer loop
      vertex -89.374 34.5293 5.5
      vertex -84.3569 33.6903 5.5
      vertex -84.3808 33.5951 5.5
    endloop
  endfacet
  facet normal 0 0 -1
    outer loop
      vertex -89.4 34 5.5
      vertex -84.3808 33.5951 5.5
      vertex -84.3952 33.498 5.5
    endloop
  endfacet
  facet normal 0 0 -1
    outer loop
      vertex -83.5951 34.3808 5.5
      vertex -84.5293 39.374 5.5
      vertex -84 39.4 5.5
    endloop
  endfacet
  facet normal 0 0 -1
    outer loop
      vertex -89.4 34 5.5
      vertex -84.3952 33.498 5.5
      vertex -84.4 33.4 5.5
    endloop
  endfacet
  facet normal -0 0 -1
    outer loop
      vertex -84.4 -33.4 5.5
      vertex -89.4 -34 5.5
      vertex -84.4 33.4 5.5
    endloop
  endfacet
  facet normal 0 0 -1
    outer loop
      vertex -88.4899 -37.0001 5.5
      vertex -84.173 -34.0344 5.5
      vertex -88.1743 -37.4257 5.5
    endloop
  endfacet
  facet normal 0 0 -1
    outer loop
      vertex -89.4 34 5.5
      vertex -84.4 33.4 5.5
      vertex -89.4 -34 5.5
    endloop
  endfacet
  facet normal -0 0 -1
    outer loop
      vertex -84.173 -34.0344 5.5
      vertex -88.4899 -37.0001 5.5
      vertex -84.2315 -33.9556 5.5
    endloop
  endfacet
  facet normal 0 0 -1
    outer loop
      vertex -84.3808 33.5951 5.5
      vertex -89.4 34 5.5
      vertex -89.374 34.5293 5.5
    endloop
  endfacet
  facet normal 0 0 -1
    outer loop
      vertex -88.7624 -36.5455 5.5
      vertex -84.2315 -33.9556 5.5
      vertex -88.4899 -37.0001 5.5
    endloop
  endfacet
  facet normal 0 0 -1
    outer loop
      vertex -83.6903 34.3569 5.5
      vertex -85.0535 39.2962 5.5
      vertex -84.5293 39.374 5.5
    endloop
  endfacet
  facet normal -0 0 -1
    outer loop
      vertex -84.2315 -33.9556 5.5
      vertex -88.7624 -36.5455 5.5
      vertex -84.2819 -33.8714 5.5
    endloop
  endfacet
  facet normal 0 0 -1
    outer loop
      vertex -83.7827 34.3239 5.5
      vertex -85.5675 39.1675 5.5
      vertex -85.0535 39.2962 5.5
    endloop
  endfacet
  facet normal 0 0 -1
    outer loop
      vertex -88.9889 -36.0665 5.5
      vertex -84.2819 -33.8714 5.5
      vertex -88.7624 -36.5455 5.5
    endloop
  endfacet
  facet normal 0 0 -1
    outer loop
      vertex -83.8714 34.2819 5.5
      vertex -86.0665 38.9889 5.5
      vertex -85.5675 39.1675 5.5
    endloop
  endfacet
  facet normal -0 0 -1
    outer loop
      vertex -84.2819 -33.8714 5.5
      vertex -88.9889 -36.0665 5.5
      vertex -84.3239 -33.7827 5.5
    endloop
  endfacet
  facet normal 0 0 -1
    outer loop
      vertex -83.8714 34.2819 5.5
      vertex -86.5455 38.7624 5.5
      vertex -86.0665 38.9889 5.5
    endloop
  endfacet
  facet normal 0 0 -1
    outer loop
      vertex -89.1675 -35.5675 5.5
      vertex -84.3239 -33.7827 5.5
      vertex -88.9889 -36.0665 5.5
    endloop
  endfacet
  facet normal 0 0 -1
    outer loop
      vertex -83.9556 34.2315 5.5
      vertex -87.0001 38.4899 5.5
      vertex -86.5455 38.7624 5.5
    endloop
  endfacet
  facet normal 0 0 -1
    outer loop
      vertex -89.2962 -35.0535 5.5
      vertex -84.3239 -33.7827 5.5
      vertex -89.1675 -35.5675 5.5
    endloop
  endfacet
  facet normal 0 0 -1
    outer loop
      vertex -84.0344 34.173 5.5
      vertex -87.4257 38.1743 5.5
      vertex -87.0001 38.4899 5.5
    endloop
  endfacet
  facet normal -0 0 -1
    outer loop
      vertex -84.3239 -33.7827 5.5
      vertex -89.2962 -35.0535 5.5
      vertex -84.3569 -33.6903 5.5
    endloop
  endfacet
  facet normal 0 0 -1
    outer loop
      vertex -84.1071 34.1071 5.5
      vertex -87.8184 37.8184 5.5
      vertex -87.4257 38.1743 5.5
    endloop
  endfacet
  facet normal 0 0 -1
    outer loop
      vertex -89.374 -34.5293 5.5
      vertex -84.3569 -33.6903 5.5
      vertex -89.2962 -35.0535 5.5
    endloop
  endfacet
  facet normal 0 0 -1
    outer loop
      vertex -84.1071 34.1071 5.5
      vertex -88.1743 37.4257 5.5
      vertex -87.8184 37.8184 5.5
    endloop
  endfacet
  facet normal -0 0 -1
    outer loop
      vertex -84.3569 -33.6903 5.5
      vertex -89.374 -34.5293 5.5
      vertex -84.3808 -33.5951 5.5
    endloop
  endfacet
  facet normal 0 0 -1
    outer loop
      vertex -84.173 34.0344 5.5
      vertex -88.4899 37.0001 5.5
      vertex -88.1743 37.4257 5.5
    endloop
  endfacet
  facet normal 0 0 -1
    outer loop
      vertex -89.4 -34 5.5
      vertex -84.3808 -33.5951 5.5
      vertex -89.374 -34.5293 5.5
    endloop
  endfacet
  facet normal 0 0 -1
    outer loop
      vertex -84.2315 33.9556 5.5
      vertex -88.7624 36.5455 5.5
      vertex -88.4899 37.0001 5.5
    endloop
  endfacet
  facet normal -0 0 -1
    outer loop
      vertex -84.3808 -33.5951 5.5
      vertex -89.4 -34 5.5
      vertex -84.3952 -33.498 5.5
    endloop
  endfacet
  facet normal 0 0 -1
    outer loop
      vertex -84.2819 33.8714 5.5
      vertex -88.9889 36.0665 5.5
      vertex -88.7624 36.5455 5.5
    endloop
  endfacet
  facet normal -0 0 -1
    outer loop
      vertex -84.3952 -33.498 5.5
      vertex -89.4 -34 5.5
      vertex -84.4 -33.4 5.5
    endloop
  endfacet
  facet normal 0 0 -1
    outer loop
      vertex -84.3239 33.7827 5.5
      vertex -89.1675 35.5675 5.5
      vertex -88.9889 36.0665 5.5
    endloop
  endfacet
  facet normal 0 0 -1
    outer loop
      vertex -84.3239 33.7827 5.5
      vertex -89.2962 35.0535 5.5
      vertex -89.1675 35.5675 5.5
    endloop
  endfacet
  facet normal 0 0 -1
    outer loop
      vertex -84.3569 33.6903 5.5
      vertex -89.374 34.5293 5.5
      vertex -89.2962 35.0535 5.5
    endloop
  endfacet
  facet normal 0.0490821 0.998795 -0
    outer loop
      vertex 84.5881 39.9711 6.1
      vertex 84 40 15.4
      vertex 84.5881 39.9711 15.4
    endloop
  endfacet
  facet normal 0.0490821 0.998795 0
    outer loop
      vertex 84 40 15.4
      vertex 84.5881 39.9711 6.1
      vertex 84 40 6.1
    endloop
  endfacet
  facet normal 0.302554 0.639593 -0.706669
    outer loop
      vertex 86.5455 38.7624 5.5
      vertex 86.2961 39.5433 6.1
      vertex 86.8284 39.2915 6.1
    endloop
  endfacet
  facet normal -0.707107 -3.84827e-20 0.707107
    outer loop
      vertex -90 34 15.4
      vertex -89.4 -34 16
      vertex -89.4 34 16
    endloop
  endfacet
  facet normal -0.707107 -3.84827e-20 0.707107
    outer loop
      vertex -89.4 -34 16
      vertex -90 34 15.4
      vertex -90 -34 15.4
    endloop
  endfacet
  facet normal 0.363772 0.606865 -0.706672
    outer loop
      vertex 87.0001 38.4899 5.5
      vertex 86.5455 38.7624 5.5
      vertex 86.8284 39.2915 6.1
    endloop
  endfacet
  facet normal -0.0347275 0.706686 -0.706674
    outer loop
      vertex -84.5293 39.374 5.5
      vertex -84.5881 39.9711 6.1
      vertex -84 40 6.1
    endloop
  endfacet
  facet normal -0.686315 0.171939 -0.706689
    outer loop
      vertex -89.2962 35.0535 5.5
      vertex -89.8847 35.1705 6.1
      vertex -89.7416 35.7417 6.1
    endloop
  endfacet
  facet normal 0.243015 0.970023 -0
    outer loop
      vertex 85.7417 39.7416 6.1
      vertex 85.1705 39.8847 15.4
      vertex 85.7417 39.7416 15.4
    endloop
  endfacet
  facet normal 0.243015 0.970023 0
    outer loop
      vertex 85.1705 39.8847 15.4
      vertex 85.7417 39.7416 6.1
      vertex 85.1705 39.8847 6.1
    endloop
  endfacet
  facet normal 0.699881 -0.103828 -0.706673
    outer loop
      vertex 89.8847 -35.1705 6.1
      vertex 89.374 -34.5293 5.5
      vertex 89.9711 -34.5881 6.1
    endloop
  endfacet
  facet normal 0.146746 0.989174 -0
    outer loop
      vertex 85.1705 39.8847 6.1
      vertex 84.5881 39.9711 15.4
      vertex 85.1705 39.8847 15.4
    endloop
  endfacet
  facet normal 0.146746 0.989174 0
    outer loop
      vertex 84.5881 39.9711 15.4
      vertex 85.1705 39.8847 6.1
      vertex 84.5881 39.9711 6.1
    endloop
  endfacet
  facet normal 0.666113 0.238412 0.70672
    outer loop
      vertex 89.5433 36.2961 15.4
      vertex 88.9889 36.0665 16
      vertex 89.1675 35.5675 16
    endloop
  endfacet
  facet normal 0.606866 0.363759 0.706677
    outer loop
      vertex 88.9888 37.3334 15.4
      vertex 88.4899 37.0001 16
      vertex 89.2915 36.8284 15.4
    endloop
  endfacet
  facet normal 0.639594 0.302439 0.706718
    outer loop
      vertex 89.5433 36.2961 15.4
      vertex 88.7624 36.5455 16
      vertex 88.9889 36.0665 16
    endloop
  endfacet
  facet normal 0.475118 0.524245 0.706704
    outer loop
      vertex 87.8064 38.6381 15.4
      vertex 87.4257 38.1743 16
      vertex 87.8184 37.8184 16
    endloop
  endfacet
  facet normal 0.475283 0.524194 0.70663
    outer loop
      vertex 88.2426 38.2426 15.4
      vertex 87.8064 38.6381 15.4
      vertex 87.8184 37.8184 16
    endloop
  endfacet
  facet normal 0.706681 -0.0347132 -0.706681
    outer loop
      vertex 90 -34 6.1
      vertex 89.374 -34.5293 5.5
      vertex 89.4 -34 5.5
    endloop
  endfacet
  facet normal 0.686315 0.171939 0.706689
    outer loop
      vertex 89.7416 35.7417 15.4
      vertex 89.2962 35.0535 16
      vertex 89.8847 35.1705 15.4
    endloop
  endfacet
  facet normal 0.686378 0.171862 0.706646
    outer loop
      vertex 89.7416 35.7417 15.4
      vertex 89.1675 35.5675 16
      vertex 89.2962 35.0535 16
    endloop
  endfacet
  facet normal -0.146746 0.989174 0
    outer loop
      vertex -84.5881 39.9711 6.1
      vertex -85.1705 39.8847 15.4
      vertex -84.5881 39.9711 15.4
    endloop
  endfacet
  facet normal -0.146746 0.989174 0
    outer loop
      vertex -85.1705 39.8847 15.4
      vertex -84.5881 39.9711 6.1
      vertex -85.1705 39.8847 6.1
    endloop
  endfacet
  facet normal 0.639593 0.302554 -0.706669
    outer loop
      vertex 89.5433 36.2961 6.1
      vertex 88.7624 36.5455 5.5
      vertex 89.2915 36.8284 6.1
    endloop
  endfacet
  facet normal 0.363759 -0.606866 0.706677
    outer loop
      vertex 87.0001 -38.4899 16
      vertex 86.8284 -39.2915 15.4
      vertex 87.3334 -38.9888 15.4
    endloop
  endfacet
  facet normal 0.103828 -0.699881 -0.706673
    outer loop
      vertex 84.5881 -39.9711 6.1
      vertex 84.5293 -39.374 5.5
      vertex 85.1705 -39.8847 6.1
    endloop
  endfacet
  facet normal 0.0347132 -0.706681 -0.706681
    outer loop
      vertex 84.5293 -39.374 5.5
      vertex 84 -40 6.1
      vertex 84 -39.4 5.5
    endloop
  endfacet
  facet normal 0.706681 0.0347132 -0.706681
    outer loop
      vertex 89.4 34 5.5
      vertex 89.374 34.5293 5.5
      vertex 90 34 6.1
    endloop
  endfacet
  facet normal 0.606866 0.363759 -0.706677
    outer loop
      vertex 89.2915 36.8284 6.1
      vertex 88.4899 37.0001 5.5
      vertex 88.9888 37.3334 6.1
    endloop
  endfacet
  facet normal 0.421389 -0.56834 -0.706698
    outer loop
      vertex 87.8064 -38.6381 6.1
      vertex 87.3334 -38.9888 6.1
      vertex 87.4257 -38.1743 5.5
    endloop
  endfacet
  facet normal -0.302554 0.639593 -0.706669
    outer loop
      vertex -86.5455 38.7624 5.5
      vertex -86.8284 39.2915 6.1
      vertex -86.2961 39.5433 6.1
    endloop
  endfacet
  facet normal -0.606866 0.363759 -0.706677
    outer loop
      vertex -88.4899 37.0001 5.5
      vertex -89.2915 36.8284 6.1
      vertex -88.9888 37.3334 6.1
    endloop
  endfacet
  facet normal -0.302439 0.639594 0.706718
    outer loop
      vertex -86.2961 39.5433 15.4
      vertex -86.5455 38.7624 16
      vertex -86.0665 38.9889 16
    endloop
  endfacet
  facet normal -0.302554 0.639593 0.706669
    outer loop
      vertex -86.2961 39.5433 15.4
      vertex -86.8284 39.2915 15.4
      vertex -86.5455 38.7624 16
    endloop
  endfacet
  facet normal 0.302439 0.639594 0.706718
    outer loop
      vertex 86.2961 39.5433 15.4
      vertex 86.0665 38.9889 16
      vertex 86.5455 38.7624 16
    endloop
  endfacet
  facet normal 0.171939 -0.686315 -0.706689
    outer loop
      vertex 85.1705 -39.8847 6.1
      vertex 85.0535 -39.2962 5.5
      vertex 85.7417 -39.7416 6.1
    endloop
  endfacet
  facet normal 0.238298 -0.666225 0.706653
    outer loop
      vertex 86.2961 -39.5433 15.4
      vertex 85.5675 -39.1675 16
      vertex 85.7417 -39.7416 15.4
    endloop
  endfacet
  facet normal -0.363772 -0.606865 0.706672
    outer loop
      vertex -86.5455 -38.7624 16
      vertex -87.0001 -38.4899 16
      vertex -86.8284 -39.2915 15.4
    endloop
  endfacet
  facet normal 0.568329 -0.42144 0.706676
    outer loop
      vertex 88.4899 -37.0001 16
      vertex 88.1743 -37.4257 16
      vertex 88.9888 -37.3334 15.4
    endloop
  endfacet
  facet normal 0.302439 0.639594 -0.706718
    outer loop
      vertex 86.5455 38.7624 5.5
      vertex 86.0665 38.9889 5.5
      vertex 86.2961 39.5433 6.1
    endloop
  endfacet
  facet normal -0.10387 0.699853 0.706694
    outer loop
      vertex -84.5293 39.374 16
      vertex -85.1705 39.8847 15.4
      vertex -85.0535 39.2962 16
    endloop
  endfacet
  facet normal 0.639594 -0.302439 0.706718
    outer loop
      vertex 88.9889 -36.0665 16
      vertex 88.7624 -36.5455 16
      vertex 89.5433 -36.2961 15.4
    endloop
  endfacet
  facet normal -0.103828 0.699881 0.706673
    outer loop
      vertex -84.5881 39.9711 15.4
      vertex -85.1705 39.8847 15.4
      vertex -84.5293 39.374 16
    endloop
  endfacet
  facet normal -0.0347275 0.706686 0.706674
    outer loop
      vertex -84 40 15.4
      vertex -84.5881 39.9711 15.4
      vertex -84.5293 39.374 16
    endloop
  endfacet
  facet normal 0.699853 -0.10387 -0.706694
    outer loop
      vertex 89.8847 -35.1705 6.1
      vertex 89.2962 -35.0535 5.5
      vertex 89.374 -34.5293 5.5
    endloop
  endfacet
  facet normal -0.475283 -0.524194 -0.70663
    outer loop
      vertex -87.8064 -38.6381 6.1
      vertex -88.2426 -38.2426 6.1
      vertex -87.8184 -37.8184 5.5
    endloop
  endfacet
  facet normal -0.42144 0.568329 -0.706676
    outer loop
      vertex -87.0001 38.4899 5.5
      vertex -87.4257 38.1743 5.5
      vertex -87.3334 38.9888 6.1
    endloop
  endfacet
  facet normal 0.302439 -0.639594 -0.706718
    outer loop
      vertex 86.2961 -39.5433 6.1
      vertex 86.0665 -38.9889 5.5
      vertex 86.5455 -38.7624 5.5
    endloop
  endfacet
  facet normal -0.363759 -0.606866 -0.706677
    outer loop
      vertex -86.8284 -39.2915 6.1
      vertex -87.3334 -38.9888 6.1
      vertex -87.0001 -38.4899 5.5
    endloop
  endfacet
  facet normal 0.10387 0.699853 0.706694
    outer loop
      vertex 85.1705 39.8847 15.4
      vertex 84.5293 39.374 16
      vertex 85.0535 39.2962 16
    endloop
  endfacet
  facet normal -0.475283 -0.524194 0.70663
    outer loop
      vertex -87.8184 -37.8184 16
      vertex -88.2426 -38.2426 15.4
      vertex -87.8064 -38.6381 15.4
    endloop
  endfacet
  facet normal -0.524194 -0.475283 0.70663
    outer loop
      vertex -87.8184 -37.8184 16
      vertex -88.6381 -37.8064 15.4
      vertex -88.2426 -38.2426 15.4
    endloop
  endfacet
  facet normal 0.475118 -0.524245 0.706704
    outer loop
      vertex 87.8184 -37.8184 16
      vertex 87.4257 -38.1743 16
      vertex 87.8064 -38.6381 15.4
    endloop
  endfacet
  facet normal -0.514121 -0.857718 0
    outer loop
      vertex -87.3334 -38.9888 6.1
      vertex -86.8284 -39.2915 15.4
      vertex -87.3334 -38.9888 15.4
    endloop
  endfacet
  facet normal -0.514121 -0.857718 -0
    outer loop
      vertex -86.8284 -39.2915 15.4
      vertex -87.3334 -38.9888 6.1
      vertex -86.8284 -39.2915 6.1
    endloop
  endfacet
  facet normal -0.336788 -0.94158 0
    outer loop
      vertex -86.2961 -39.5433 6.1
      vertex -85.7417 -39.7416 15.4
      vertex -86.2961 -39.5433 15.4
    endloop
  endfacet
  facet normal -0.336788 -0.94158 -0
    outer loop
      vertex -85.7417 -39.7416 15.4
      vertex -86.2961 -39.5433 6.1
      vertex -85.7417 -39.7416 6.1
    endloop
  endfacet
  facet normal -0.103828 -0.699881 -0.706673
    outer loop
      vertex -84.5881 -39.9711 6.1
      vertex -85.1705 -39.8847 6.1
      vertex -84.5293 -39.374 5.5
    endloop
  endfacet
  facet normal -0.243015 -0.970023 0
    outer loop
      vertex -85.7417 -39.7416 6.1
      vertex -85.1705 -39.8847 15.4
      vertex -85.7417 -39.7416 15.4
    endloop
  endfacet
  facet normal -0.243015 -0.970023 -0
    outer loop
      vertex -85.1705 -39.8847 15.4
      vertex -85.7417 -39.7416 6.1
      vertex -85.1705 -39.8847 6.1
    endloop
  endfacet
  facet normal 0.524245 -0.475118 -0.706704
    outer loop
      vertex 88.6381 -37.8064 6.1
      vertex 87.8184 -37.8184 5.5
      vertex 88.1743 -37.4257 5.5
    endloop
  endfacet
  facet normal 0.238412 0.666113 -0.70672
    outer loop
      vertex 86.0665 38.9889 5.5
      vertex 85.5675 39.1675 5.5
      vertex 86.2961 39.5433 6.1
    endloop
  endfacet
  facet normal -0.639593 0.302554 -0.706669
    outer loop
      vertex -88.7624 36.5455 5.5
      vertex -89.5433 36.2961 6.1
      vertex -89.2915 36.8284 6.1
    endloop
  endfacet
  facet normal -0.302439 0.639594 -0.706718
    outer loop
      vertex -86.0665 38.9889 5.5
      vertex -86.5455 38.7624 5.5
      vertex -86.2961 39.5433 6.1
    endloop
  endfacet
  facet normal -0.524245 0.475118 -0.706704
    outer loop
      vertex -88.1743 37.4257 5.5
      vertex -88.6381 37.8064 6.1
      vertex -87.8184 37.8184 5.5
    endloop
  endfacet
  facet normal -0.56834 -0.421389 -0.706698
    outer loop
      vertex -88.6381 -37.8064 6.1
      vertex -88.9888 -37.3334 6.1
      vertex -88.1743 -37.4257 5.5
    endloop
  endfacet
  facet normal -0.238412 0.666113 -0.70672
    outer loop
      vertex -86.0665 38.9889 5.5
      vertex -86.2961 39.5433 6.1
      vertex -85.5675 39.1675 5.5
    endloop
  endfacet
  facet normal -0.970023 0.243015 2.59289e-19
    outer loop
      vertex -89.8847 35.1705 6.1
      vertex -89.7416 35.7417 15.4
      vertex -89.7416 35.7417 6.1
    endloop
  endfacet
  facet normal -0.970023 0.243015 2.59289e-19
    outer loop
      vertex -89.7416 35.7417 15.4
      vertex -89.8847 35.1705 6.1
      vertex -89.8847 35.1705 15.4
    endloop
  endfacet
  facet normal -0.666113 0.238412 0.70672
    outer loop
      vertex -88.9889 36.0665 16
      vertex -89.5433 36.2961 15.4
      vertex -89.1675 35.5675 16
    endloop
  endfacet
  facet normal 0.639593 -0.302554 0.706669
    outer loop
      vertex 89.5433 -36.2961 15.4
      vertex 88.7624 -36.5455 16
      vertex 89.2915 -36.8284 15.4
    endloop
  endfacet
  facet normal -0.103828 -0.699881 0.706673
    outer loop
      vertex -84.5293 -39.374 16
      vertex -85.1705 -39.8847 15.4
      vertex -84.5881 -39.9711 15.4
    endloop
  endfacet
  facet normal -0.740823 0.6717 -2.29841e-18
    outer loop
      vertex -88.6381 37.8064 6.1
      vertex -88.2426 38.2426 15.4
      vertex -88.2426 38.2426 6.1
    endloop
  endfacet
  facet normal -0.740823 0.6717 -2.29841e-18
    outer loop
      vertex -88.2426 38.2426 15.4
      vertex -88.6381 37.8064 6.1
      vertex -88.6381 37.8064 15.4
    endloop
  endfacet
  facet normal 0.524245 0.475118 -0.706704
    outer loop
      vertex 88.1743 37.4257 5.5
      vertex 87.8184 37.8184 5.5
      vertex 88.6381 37.8064 6.1
    endloop
  endfacet
  facet normal -0.363759 0.606866 -0.706677
    outer loop
      vertex -87.0001 38.4899 5.5
      vertex -87.3334 38.9888 6.1
      vertex -86.8284 39.2915 6.1
    endloop
  endfacet
  facet normal 0.363772 -0.606865 -0.706672
    outer loop
      vertex 86.8284 -39.2915 6.1
      vertex 86.5455 -38.7624 5.5
      vertex 87.0001 -38.4899 5.5
    endloop
  endfacet
  facet normal 0.989174 -0.146746 -1.42969e-20
    outer loop
      vertex 89.8847 -35.1705 15.4
      vertex 89.9711 -34.5881 6.1
      vertex 89.9711 -34.5881 15.4
    endloop
  endfacet
  facet normal 0.989174 -0.146746 -1.42969e-20
    outer loop
      vertex 89.9711 -34.5881 6.1
      vertex 89.8847 -35.1705 15.4
      vertex 89.8847 -35.1705 6.1
    endloop
  endfacet
  facet normal 0.706681 -0.0347132 0.706681
    outer loop
      vertex 89.4 -34 16
      vertex 89.374 -34.5293 16
      vertex 90 -34 15.4
    endloop
  endfacet
  facet normal 0.699881 0.103828 -0.706673
    outer loop
      vertex 89.9711 34.5881 6.1
      vertex 89.374 34.5293 5.5
      vertex 89.8847 35.1705 6.1
    endloop
  endfacet
  facet normal 0.171862 0.686378 0.706646
    outer loop
      vertex 85.7417 39.7416 15.4
      vertex 85.0535 39.2962 16
      vertex 85.5675 39.1675 16
    endloop
  endfacet
  facet normal 0.238298 0.666225 0.706653
    outer loop
      vertex 85.7417 39.7416 15.4
      vertex 85.5675 39.1675 16
      vertex 86.2961 39.5433 15.4
    endloop
  endfacet
  facet normal 0.103828 0.699881 -0.706673
    outer loop
      vertex 85.1705 39.8847 6.1
      vertex 84.5293 39.374 5.5
      vertex 84.5881 39.9711 6.1
    endloop
  endfacet
  facet normal 0.0347275 0.706686 -0.706674
    outer loop
      vertex 84.5293 39.374 5.5
      vertex 84 40 6.1
      vertex 84.5881 39.9711 6.1
    endloop
  endfacet
  facet normal 0.595589 -0.803289 0
    outer loop
      vertex 87.3334 -38.9888 6.1
      vertex 87.8064 -38.6381 15.4
      vertex 87.3334 -38.9888 15.4
    endloop
  endfacet
  facet normal 0.595589 -0.803289 0
    outer loop
      vertex 87.8064 -38.6381 15.4
      vertex 87.3334 -38.9888 6.1
      vertex 87.8064 -38.6381 6.1
    endloop
  endfacet
  facet normal -0.666113 -0.238412 0.70672
    outer loop
      vertex -89.1675 -35.5675 16
      vertex -89.5433 -36.2961 15.4
      vertex -88.9889 -36.0665 16
    endloop
  endfacet
  facet normal 0.595589 0.803289 -0
    outer loop
      vertex 87.8064 38.6381 6.1
      vertex 87.3334 38.9888 15.4
      vertex 87.8064 38.6381 15.4
    endloop
  endfacet
  facet normal 0.595589 0.803289 0
    outer loop
      vertex 87.3334 38.9888 15.4
      vertex 87.8064 38.6381 6.1
      vertex 87.3334 38.9888 6.1
    endloop
  endfacet
  facet normal -0.42144 -0.568329 -0.706676
    outer loop
      vertex -87.3334 -38.9888 6.1
      vertex -87.4257 -38.1743 5.5
      vertex -87.0001 -38.4899 5.5
    endloop
  endfacet
  facet normal 0.524194 0.475283 0.70663
    outer loop
      vertex 88.2426 38.2426 15.4
      vertex 87.8184 37.8184 16
      vertex 88.6381 37.8064 15.4
    endloop
  endfacet
  facet normal 0.6717 0.740823 -0
    outer loop
      vertex 88.2426 38.2426 6.1
      vertex 87.8064 38.6381 15.4
      vertex 88.2426 38.2426 15.4
    endloop
  endfacet
  facet normal 0.6717 0.740823 0
    outer loop
      vertex 87.8064 38.6381 15.4
      vertex 88.2426 38.2426 6.1
      vertex 87.8064 38.6381 6.1
    endloop
  endfacet
  facet normal -0.639594 -0.302439 0.706718
    outer loop
      vertex -88.9889 -36.0665 16
      vertex -89.5433 -36.2961 15.4
      vertex -88.7624 -36.5455 16
    endloop
  endfacet
  facet normal -0.639593 -0.302554 0.706669
    outer loop
      vertex -88.7624 -36.5455 16
      vertex -89.5433 -36.2961 15.4
      vertex -89.2915 -36.8284 15.4
    endloop
  endfacet
  facet normal 0.970023 -0.243015 2.59289e-19
    outer loop
      vertex 89.7416 -35.7417 15.4
      vertex 89.8847 -35.1705 6.1
      vertex 89.8847 -35.1705 15.4
    endloop
  endfacet
  facet normal 0.970023 -0.243015 2.59289e-19
    outer loop
      vertex 89.8847 -35.1705 6.1
      vertex 89.7416 -35.7417 15.4
      vertex 89.7416 -35.7417 6.1
    endloop
  endfacet
  facet normal -0.524245 -0.475118 -0.706704
    outer loop
      vertex -87.8184 -37.8184 5.5
      vertex -88.6381 -37.8064 6.1
      vertex -88.1743 -37.4257 5.5
    endloop
  endfacet
  facet normal 0.903962 0.427612 4.63746e-19
    outer loop
      vertex 89.5433 36.2961 15.4
      vertex 89.2915 36.8284 6.1
      vertex 89.2915 36.8284 15.4
    endloop
  endfacet
  facet normal 0.903962 0.427612 4.63746e-19
    outer loop
      vertex 89.2915 36.8284 6.1
      vertex 89.5433 36.2961 15.4
      vertex 89.5433 36.2961 6.1
    endloop
  endfacet
  facet normal 0.427612 -0.903962 0
    outer loop
      vertex 86.2961 -39.5433 6.1
      vertex 86.8284 -39.2915 15.4
      vertex 86.2961 -39.5433 15.4
    endloop
  endfacet
  facet normal 0.427612 -0.903962 0
    outer loop
      vertex 86.8284 -39.2915 15.4
      vertex 86.2961 -39.5433 6.1
      vertex 86.8284 -39.2915 6.1
    endloop
  endfacet
  facet normal 0.6717 -0.740823 0
    outer loop
      vertex 87.8064 -38.6381 6.1
      vertex 88.2426 -38.2426 15.4
      vertex 87.8064 -38.6381 15.4
    endloop
  endfacet
  facet normal 0.6717 -0.740823 0
    outer loop
      vertex 88.2426 -38.2426 15.4
      vertex 87.8064 -38.6381 6.1
      vertex 88.2426 -38.2426 6.1
    endloop
  endfacet
  facet normal 0.475283 -0.524194 -0.70663
    outer loop
      vertex 88.2426 -38.2426 6.1
      vertex 87.8064 -38.6381 6.1
      vertex 87.8184 -37.8184 5.5
    endloop
  endfacet
  facet normal -0.171939 0.686315 -0.706689
    outer loop
      vertex -85.0535 39.2962 5.5
      vertex -85.7417 39.7416 6.1
      vertex -85.1705 39.8847 6.1
    endloop
  endfacet
  facet normal 0.524194 0.475283 -0.70663
    outer loop
      vertex 88.6381 37.8064 6.1
      vertex 87.8184 37.8184 5.5
      vertex 88.2426 38.2426 6.1
    endloop
  endfacet
  facet normal -0.302554 -0.639593 0.706669
    outer loop
      vertex -86.5455 -38.7624 16
      vertex -86.8284 -39.2915 15.4
      vertex -86.2961 -39.5433 15.4
    endloop
  endfacet
  facet normal 0.666225 -0.238298 0.706653
    outer loop
      vertex 89.7416 -35.7417 15.4
      vertex 89.1675 -35.5675 16
      vertex 89.5433 -36.2961 15.4
    endloop
  endfacet
  facet normal 0.238412 -0.666113 0.70672
    outer loop
      vertex 86.0665 -38.9889 16
      vertex 85.5675 -39.1675 16
      vertex 86.2961 -39.5433 15.4
    endloop
  endfacet
  facet normal -0.568329 -0.42144 0.706676
    outer loop
      vertex -88.4899 -37.0001 16
      vertex -88.9888 -37.3334 15.4
      vertex -88.1743 -37.4257 16
    endloop
  endfacet
  facet normal -0.42144 0.568329 0.706676
    outer loop
      vertex -87.3334 38.9888 15.4
      vertex -87.4257 38.1743 16
      vertex -87.0001 38.4899 16
    endloop
  endfacet
  facet normal 0.56834 0.421389 0.706698
    outer loop
      vertex 88.6381 37.8064 15.4
      vertex 88.1743 37.4257 16
      vertex 88.9888 37.3334 15.4
    endloop
  endfacet
  facet normal 0.103828 -0.699881 0.706673
    outer loop
      vertex 85.1705 -39.8847 15.4
      vertex 84.5293 -39.374 16
      vertex 84.5881 -39.9711 15.4
    endloop
  endfacet
  facet normal 0.171862 -0.686378 -0.706646
    outer loop
      vertex 85.7417 -39.7416 6.1
      vertex 85.0535 -39.2962 5.5
      vertex 85.5675 -39.1675 5.5
    endloop
  endfacet
  facet normal 0.238298 -0.666225 -0.706653
    outer loop
      vertex 85.7417 -39.7416 6.1
      vertex 85.5675 -39.1675 5.5
      vertex 86.2961 -39.5433 6.1
    endloop
  endfacet
  facet normal -0.568329 0.42144 0.706676
    outer loop
      vertex -88.1743 37.4257 16
      vertex -88.9888 37.3334 15.4
      vertex -88.4899 37.0001 16
    endloop
  endfacet
  facet normal -0.243015 0.970023 0
    outer loop
      vertex -85.1705 39.8847 6.1
      vertex -85.7417 39.7416 15.4
      vertex -85.1705 39.8847 15.4
    endloop
  endfacet
  facet normal -0.243015 0.970023 0
    outer loop
      vertex -85.7417 39.7416 15.4
      vertex -85.1705 39.8847 6.1
      vertex -85.7417 39.7416 6.1
    endloop
  endfacet
  facet normal 0.42144 0.568329 -0.706676
    outer loop
      vertex 87.4257 38.1743 5.5
      vertex 87.0001 38.4899 5.5
      vertex 87.3334 38.9888 6.1
    endloop
  endfacet
  facet normal -0.606865 0.363772 -0.706672
    outer loop
      vertex -88.7624 36.5455 5.5
      vertex -89.2915 36.8284 6.1
      vertex -88.4899 37.0001 5.5
    endloop
  endfacet
  facet normal -0.706681 0.0347132 -0.706681
    outer loop
      vertex -89.4 34 5.5
      vertex -90 34 6.1
      vertex -89.374 34.5293 5.5
    endloop
  endfacet
  facet normal -0.699881 0.103828 -0.706673
    outer loop
      vertex -89.374 34.5293 5.5
      vertex -89.9711 34.5881 6.1
      vertex -89.8847 35.1705 6.1
    endloop
  endfacet
  facet normal -0.6717 -0.740823 0
    outer loop
      vertex -88.2426 -38.2426 6.1
      vertex -87.8064 -38.6381 15.4
      vertex -88.2426 -38.2426 15.4
    endloop
  endfacet
  facet normal -0.6717 -0.740823 -0
    outer loop
      vertex -87.8064 -38.6381 15.4
      vertex -88.2426 -38.2426 6.1
      vertex -87.8064 -38.6381 6.1
    endloop
  endfacet
  facet normal -0.639594 0.302439 -0.706718
    outer loop
      vertex -88.9889 36.0665 5.5
      vertex -89.5433 36.2961 6.1
      vertex -88.7624 36.5455 5.5
    endloop
  endfacet
  facet normal 0.524245 -0.475118 0.706704
    outer loop
      vertex 88.1743 -37.4257 16
      vertex 87.8184 -37.8184 16
      vertex 88.6381 -37.8064 15.4
    endloop
  endfacet
  facet normal 0.666113 -0.238412 0.70672
    outer loop
      vertex 89.1675 -35.5675 16
      vertex 88.9889 -36.0665 16
      vertex 89.5433 -36.2961 15.4
    endloop
  endfacet
  facet normal 0.0347275 -0.706686 0.706674
    outer loop
      vertex 84.5293 -39.374 16
      vertex 84 -40 15.4
      vertex 84.5881 -39.9711 15.4
    endloop
  endfacet
  facet normal 0.0347132 -0.706681 0.706681
    outer loop
      vertex 84 -39.4 16
      vertex 84 -40 15.4
      vertex 84.5293 -39.374 16
    endloop
  endfacet
  facet normal -0.56834 0.421389 0.706698
    outer loop
      vertex -88.6381 37.8064 15.4
      vertex -88.9888 37.3334 15.4
      vertex -88.1743 37.4257 16
    endloop
  endfacet
  facet normal -0.706686 0.0347275 0.706674
    outer loop
      vertex -89.9711 34.5881 15.4
      vertex -90 34 15.4
      vertex -89.374 34.5293 16
    endloop
  endfacet
  facet normal -0.0347275 -0.706686 -0.706674
    outer loop
      vertex -84 -40 6.1
      vertex -84.5881 -39.9711 6.1
      vertex -84.5293 -39.374 5.5
    endloop
  endfacet
  facet normal 0.171862 0.686378 -0.706646
    outer loop
      vertex 85.5675 39.1675 5.5
      vertex 85.0535 39.2962 5.5
      vertex 85.7417 39.7416 6.1
    endloop
  endfacet
  facet normal 0.686315 -0.171939 0.706689
    outer loop
      vertex 89.8847 -35.1705 15.4
      vertex 89.2962 -35.0535 16
      vertex 89.7416 -35.7417 15.4
    endloop
  endfacet
  facet normal 0.42144 -0.568329 -0.706676
    outer loop
      vertex 87.3334 -38.9888 6.1
      vertex 87.0001 -38.4899 5.5
      vertex 87.4257 -38.1743 5.5
    endloop
  endfacet
  facet normal -0.0347275 -0.706686 0.706674
    outer loop
      vertex -84.5293 -39.374 16
      vertex -84.5881 -39.9711 15.4
      vertex -84 -40 15.4
    endloop
  endfacet
  facet normal -0.903962 0.427612 -4.63746e-19
    outer loop
      vertex -89.5433 36.2961 6.1
      vertex -89.2915 36.8284 15.4
      vertex -89.2915 36.8284 6.1
    endloop
  endfacet
  facet normal -0.903962 0.427612 -4.63746e-19
    outer loop
      vertex -89.2915 36.8284 15.4
      vertex -89.5433 36.2961 6.1
      vertex -89.5433 36.2961 15.4
    endloop
  endfacet
  facet normal -0.803289 0.595589 -4.87613e-19
    outer loop
      vertex -88.9888 37.3334 6.1
      vertex -88.6381 37.8064 15.4
      vertex -88.6381 37.8064 6.1
    endloop
  endfacet
  facet normal -0.803289 0.595589 -4.87613e-19
    outer loop
      vertex -88.6381 37.8064 15.4
      vertex -88.9888 37.3334 6.1
      vertex -88.9888 37.3334 15.4
    endloop
  endfacet
  facet normal 0.706681 0.0347132 0.706681
    outer loop
      vertex 90 34 15.4
      vertex 89.374 34.5293 16
      vertex 89.4 34 16
    endloop
  endfacet
  facet normal -0.595589 0.803289 0
    outer loop
      vertex -87.3334 38.9888 6.1
      vertex -87.8064 38.6381 15.4
      vertex -87.3334 38.9888 15.4
    endloop
  endfacet
  facet normal -0.595589 0.803289 0
    outer loop
      vertex -87.8064 38.6381 15.4
      vertex -87.3334 38.9888 6.1
      vertex -87.8064 38.6381 6.1
    endloop
  endfacet
  facet normal -0.427612 0.903962 0
    outer loop
      vertex -86.2961 39.5433 6.1
      vertex -86.8284 39.2915 15.4
      vertex -86.2961 39.5433 15.4
    endloop
  endfacet
  facet normal -0.427612 0.903962 0
    outer loop
      vertex -86.8284 39.2915 15.4
      vertex -86.2961 39.5433 6.1
      vertex -86.8284 39.2915 6.1
    endloop
  endfacet
  facet normal 0.666113 0.238412 -0.70672
    outer loop
      vertex 89.1675 35.5675 5.5
      vertex 88.9889 36.0665 5.5
      vertex 89.5433 36.2961 6.1
    endloop
  endfacet
  facet normal -0.606865 -0.363772 0.706672
    outer loop
      vertex -88.7624 -36.5455 16
      vertex -89.2915 -36.8284 15.4
      vertex -88.4899 -37.0001 16
    endloop
  endfacet
  facet normal -0.699881 0.103828 0.706673
    outer loop
      vertex -89.8847 35.1705 15.4
      vertex -89.9711 34.5881 15.4
      vertex -89.374 34.5293 16
    endloop
  endfacet
  facet normal 0.706686 0.0347275 -0.706674
    outer loop
      vertex 90 34 6.1
      vertex 89.374 34.5293 5.5
      vertex 89.9711 34.5881 6.1
    endloop
  endfacet
  facet normal 0.427612 0.903962 -0
    outer loop
      vertex 86.8284 39.2915 6.1
      vertex 86.2961 39.5433 15.4
      vertex 86.8284 39.2915 15.4
    endloop
  endfacet
  facet normal 0.427612 0.903962 0
    outer loop
      vertex 86.2961 39.5433 15.4
      vertex 86.8284 39.2915 6.1
      vertex 86.2961 39.5433 6.1
    endloop
  endfacet
  facet normal 0.740823 0.6717 2.29841e-18
    outer loop
      vertex 88.6381 37.8064 15.4
      vertex 88.2426 38.2426 6.1
      vertex 88.2426 38.2426 15.4
    endloop
  endfacet
  facet normal 0.740823 0.6717 2.29841e-18
    outer loop
      vertex 88.2426 38.2426 6.1
      vertex 88.6381 37.8064 15.4
      vertex 88.6381 37.8064 6.1
    endloop
  endfacet
  facet normal 0.699853 0.10387 0.706694
    outer loop
      vertex 89.8847 35.1705 15.4
      vertex 89.2962 35.0535 16
      vertex 89.374 34.5293 16
    endloop
  endfacet
  facet normal -0.475118 0.524245 0.706704
    outer loop
      vertex -87.8064 38.6381 15.4
      vertex -87.8184 37.8184 16
      vertex -87.4257 38.1743 16
    endloop
  endfacet
  facet normal 0.302554 -0.639593 -0.706669
    outer loop
      vertex 86.8284 -39.2915 6.1
      vertex 86.2961 -39.5433 6.1
      vertex 86.5455 -38.7624 5.5
    endloop
  endfacet
  facet normal 1 -0 0
    outer loop
      vertex 90 -34 15.4
      vertex 90 34 6.1
      vertex 90 34 15.4
    endloop
  endfacet
  facet normal 1 0 0
    outer loop
      vertex 90 34 6.1
      vertex 90 -34 15.4
      vertex 90 -34 6.1
    endloop
  endfacet
  facet normal 0.998795 0.0490821 2.57919e-19
    outer loop
      vertex 90 34 15.4
      vertex 89.9711 34.5881 6.1
      vertex 89.9711 34.5881 15.4
    endloop
  endfacet
  facet normal 0.998795 0.0490821 2.57919e-19
    outer loop
      vertex 89.9711 34.5881 6.1
      vertex 90 34 15.4
      vertex 90 34 6.1
    endloop
  endfacet
  facet normal -0.238298 0.666225 -0.706653
    outer loop
      vertex -85.5675 39.1675 5.5
      vertex -86.2961 39.5433 6.1
      vertex -85.7417 39.7416 6.1
    endloop
  endfacet
  facet normal 0.568329 0.42144 -0.706676
    outer loop
      vertex 88.4899 37.0001 5.5
      vertex 88.1743 37.4257 5.5
      vertex 88.9888 37.3334 6.1
    endloop
  endfacet
  facet normal 0.56834 0.421389 -0.706698
    outer loop
      vertex 88.9888 37.3334 6.1
      vertex 88.1743 37.4257 5.5
      vertex 88.6381 37.8064 6.1
    endloop
  endfacet
  facet normal 0.686315 0.171939 -0.706689
    outer loop
      vertex 89.8847 35.1705 6.1
      vertex 89.2962 35.0535 5.5
      vertex 89.7416 35.7417 6.1
    endloop
  endfacet
  facet normal 0.514121 -0.857718 0
    outer loop
      vertex 86.8284 -39.2915 6.1
      vertex 87.3334 -38.9888 15.4
      vertex 86.8284 -39.2915 15.4
    endloop
  endfacet
  facet normal 0.514121 -0.857718 0
    outer loop
      vertex 87.3334 -38.9888 15.4
      vertex 86.8284 -39.2915 6.1
      vertex 87.3334 -38.9888 6.1
    endloop
  endfacet
  facet normal 0.363772 -0.606865 0.706672
    outer loop
      vertex 87.0001 -38.4899 16
      vertex 86.5455 -38.7624 16
      vertex 86.8284 -39.2915 15.4
    endloop
  endfacet
  facet normal 0.42144 -0.568329 0.706676
    outer loop
      vertex 87.4257 -38.1743 16
      vertex 87.0001 -38.4899 16
      vertex 87.3334 -38.9888 15.4
    endloop
  endfacet
  facet normal -0.238412 -0.666113 0.70672
    outer loop
      vertex -86.0665 -38.9889 16
      vertex -86.2961 -39.5433 15.4
      vertex -85.5675 -39.1675 16
    endloop
  endfacet
  facet normal 0.606865 -0.363772 -0.706672
    outer loop
      vertex 89.2915 -36.8284 6.1
      vertex 88.4899 -37.0001 5.5
      vertex 88.7624 -36.5455 5.5
    endloop
  endfacet
  facet normal -0.568329 0.42144 -0.706676
    outer loop
      vertex -88.4899 37.0001 5.5
      vertex -88.9888 37.3334 6.1
      vertex -88.1743 37.4257 5.5
    endloop
  endfacet
  facet normal 0.803289 -0.595589 -4.87613e-19
    outer loop
      vertex 88.6381 -37.8064 15.4
      vertex 88.9888 -37.3334 6.1
      vertex 88.9888 -37.3334 15.4
    endloop
  endfacet
  facet normal 0.803289 -0.595589 -4.87613e-19
    outer loop
      vertex 88.9888 -37.3334 6.1
      vertex 88.6381 -37.8064 15.4
      vertex 88.6381 -37.8064 6.1
    endloop
  endfacet
  facet normal 0.56834 -0.421389 -0.706698
    outer loop
      vertex 88.6381 -37.8064 6.1
      vertex 88.1743 -37.4257 5.5
      vertex 88.9888 -37.3334 6.1
    endloop
  endfacet
  facet normal 0.998795 -0.0490821 -2.57919e-19
    outer loop
      vertex 89.9711 -34.5881 15.4
      vertex 90 -34 6.1
      vertex 90 -34 15.4
    endloop
  endfacet
  facet normal 0.998795 -0.0490821 -2.57919e-19
    outer loop
      vertex 90 -34 6.1
      vertex 89.9711 -34.5881 15.4
      vertex 89.9711 -34.5881 6.1
    endloop
  endfacet
  facet normal -0.524245 0.475118 0.706704
    outer loop
      vertex -87.8184 37.8184 16
      vertex -88.6381 37.8064 15.4
      vertex -88.1743 37.4257 16
    endloop
  endfacet
  facet normal 0.243015 -0.970023 0
    outer loop
      vertex 85.1705 -39.8847 6.1
      vertex 85.7417 -39.7416 15.4
      vertex 85.1705 -39.8847 15.4
    endloop
  endfacet
  facet normal 0.243015 -0.970023 0
    outer loop
      vertex 85.7417 -39.7416 15.4
      vertex 85.1705 -39.8847 6.1
      vertex 85.7417 -39.7416 6.1
    endloop
  endfacet
  facet normal -0.421389 0.56834 0.706698
    outer loop
      vertex -87.3334 38.9888 15.4
      vertex -87.8064 38.6381 15.4
      vertex -87.4257 38.1743 16
    endloop
  endfacet
  facet normal 0.336788 -0.94158 0
    outer loop
      vertex 85.7417 -39.7416 6.1
      vertex 86.2961 -39.5433 15.4
      vertex 85.7417 -39.7416 15.4
    endloop
  endfacet
  facet normal 0.336788 -0.94158 0
    outer loop
      vertex 86.2961 -39.5433 15.4
      vertex 85.7417 -39.7416 6.1
      vertex 86.2961 -39.5433 6.1
    endloop
  endfacet
  facet normal 0.475283 0.524194 -0.70663
    outer loop
      vertex 87.8184 37.8184 5.5
      vertex 87.8064 38.6381 6.1
      vertex 88.2426 38.2426 6.1
    endloop
  endfacet
  facet normal 0.699853 0.10387 -0.706694
    outer loop
      vertex 89.374 34.5293 5.5
      vertex 89.2962 35.0535 5.5
      vertex 89.8847 35.1705 6.1
    endloop
  endfacet
  facet normal -0.171939 -0.686315 0.706689
    outer loop
      vertex -85.0535 -39.2962 16
      vertex -85.7417 -39.7416 15.4
      vertex -85.1705 -39.8847 15.4
    endloop
  endfacet
  facet normal 0.363759 -0.606866 -0.706677
    outer loop
      vertex 87.3334 -38.9888 6.1
      vertex 86.8284 -39.2915 6.1
      vertex 87.0001 -38.4899 5.5
    endloop
  endfacet
  facet normal -0.989174 0.146746 -1.42969e-20
    outer loop
      vertex -89.9711 34.5881 6.1
      vertex -89.8847 35.1705 15.4
      vertex -89.8847 35.1705 6.1
    endloop
  endfacet
  facet normal -0.989174 0.146746 -1.42969e-20
    outer loop
      vertex -89.8847 35.1705 15.4
      vertex -89.9711 34.5881 6.1
      vertex -89.9711 34.5881 15.4
    endloop
  endfacet
  facet normal -0.998795 0.0490821 -2.57919e-19
    outer loop
      vertex -90 34 6.1
      vertex -89.9711 34.5881 15.4
      vertex -89.9711 34.5881 6.1
    endloop
  endfacet
  facet normal -0.998795 0.0490821 -2.57919e-19
    outer loop
      vertex -89.9711 34.5881 15.4
      vertex -90 34 6.1
      vertex -90 34 15.4
    endloop
  endfacet
  facet normal 0.524194 -0.475283 0.70663
    outer loop
      vertex 88.6381 -37.8064 15.4
      vertex 87.8184 -37.8184 16
      vertex 88.2426 -38.2426 15.4
    endloop
  endfacet
  facet normal -0.639593 0.302554 0.706669
    outer loop
      vertex -89.2915 36.8284 15.4
      vertex -89.5433 36.2961 15.4
      vertex -88.7624 36.5455 16
    endloop
  endfacet
  facet normal -0.0347132 -0.706681 0.706681
    outer loop
      vertex -84 -39.4 16
      vertex -84.5293 -39.374 16
      vertex -84 -40 15.4
    endloop
  endfacet
  facet normal -0.363759 0.606866 0.706677
    outer loop
      vertex -86.8284 39.2915 15.4
      vertex -87.3334 38.9888 15.4
      vertex -87.0001 38.4899 16
    endloop
  endfacet
  facet normal 0.606865 0.363772 0.706672
    outer loop
      vertex 89.2915 36.8284 15.4
      vertex 88.4899 37.0001 16
      vertex 88.7624 36.5455 16
    endloop
  endfacet
  facet normal -0.699853 0.10387 0.706694
    outer loop
      vertex -89.2962 35.0535 16
      vertex -89.8847 35.1705 15.4
      vertex -89.374 34.5293 16
    endloop
  endfacet
  facet normal -0.171862 -0.686378 0.706646
    outer loop
      vertex -85.5675 -39.1675 16
      vertex -85.7417 -39.7416 15.4
      vertex -85.0535 -39.2962 16
    endloop
  endfacet
  facet normal 0.686315 -0.171939 -0.706689
    outer loop
      vertex 89.7416 -35.7417 6.1
      vertex 89.2962 -35.0535 5.5
      vertex 89.8847 -35.1705 6.1
    endloop
  endfacet
  facet normal 0.639594 -0.302439 -0.706718
    outer loop
      vertex 89.5433 -36.2961 6.1
      vertex 88.7624 -36.5455 5.5
      vertex 88.9889 -36.0665 5.5
    endloop
  endfacet
  facet normal 0.94158 0.336788 -8.47529e-20
    outer loop
      vertex 89.7416 35.7417 15.4
      vertex 89.5433 36.2961 6.1
      vertex 89.5433 36.2961 15.4
    endloop
  endfacet
  facet normal 0.94158 0.336788 -8.47529e-20
    outer loop
      vertex 89.5433 36.2961 6.1
      vertex 89.7416 35.7417 15.4
      vertex 89.7416 35.7417 6.1
    endloop
  endfacet
  facet normal 0.302554 -0.639593 0.706669
    outer loop
      vertex 86.5455 -38.7624 16
      vertex 86.2961 -39.5433 15.4
      vertex 86.8284 -39.2915 15.4
    endloop
  endfacet
  facet normal 0.740823 -0.6717 -2.29841e-18
    outer loop
      vertex 88.2426 -38.2426 15.4
      vertex 88.6381 -37.8064 6.1
      vertex 88.6381 -37.8064 15.4
    endloop
  endfacet
  facet normal 0.740823 -0.6717 -2.29841e-18
    outer loop
      vertex 88.6381 -37.8064 6.1
      vertex 88.2426 -38.2426 15.4
      vertex 88.2426 -38.2426 6.1
    endloop
  endfacet
  facet normal 0.606866 -0.363759 -0.706677
    outer loop
      vertex 88.9888 -37.3334 6.1
      vertex 88.4899 -37.0001 5.5
      vertex 89.2915 -36.8284 6.1
    endloop
  endfacet
  facet normal 0.606865 -0.363772 0.706672
    outer loop
      vertex 88.7624 -36.5455 16
      vertex 88.4899 -37.0001 16
      vertex 89.2915 -36.8284 15.4
    endloop
  endfacet
  facet normal 0.606866 -0.363759 0.706677
    outer loop
      vertex 89.2915 -36.8284 15.4
      vertex 88.4899 -37.0001 16
      vertex 88.9888 -37.3334 15.4
    endloop
  endfacet
  facet normal -0.475283 0.524194 0.70663
    outer loop
      vertex -87.8064 38.6381 15.4
      vertex -88.2426 38.2426 15.4
      vertex -87.8184 37.8184 16
    endloop
  endfacet
  facet normal 0.171939 -0.686315 0.706689
    outer loop
      vertex 85.7417 -39.7416 15.4
      vertex 85.0535 -39.2962 16
      vertex 85.1705 -39.8847 15.4
    endloop
  endfacet
  facet normal 0.524245 0.475118 0.706704
    outer loop
      vertex 88.6381 37.8064 15.4
      vertex 87.8184 37.8184 16
      vertex 88.1743 37.4257 16
    endloop
  endfacet
  facet normal 0.568329 0.42144 0.706676
    outer loop
      vertex 88.9888 37.3334 15.4
      vertex 88.1743 37.4257 16
      vertex 88.4899 37.0001 16
    endloop
  endfacet
  facet normal -0.606866 0.363759 0.706677
    outer loop
      vertex -88.9888 37.3334 15.4
      vertex -89.2915 36.8284 15.4
      vertex -88.4899 37.0001 16
    endloop
  endfacet
  facet normal -0.6717 0.740823 0
    outer loop
      vertex -87.8064 38.6381 6.1
      vertex -88.2426 38.2426 15.4
      vertex -87.8064 38.6381 15.4
    endloop
  endfacet
  facet normal -0.6717 0.740823 0
    outer loop
      vertex -88.2426 38.2426 15.4
      vertex -87.8064 38.6381 6.1
      vertex -88.2426 38.2426 6.1
    endloop
  endfacet
  facet normal -0.475283 0.524194 -0.70663
    outer loop
      vertex -87.8184 37.8184 5.5
      vertex -88.2426 38.2426 6.1
      vertex -87.8064 38.6381 6.1
    endloop
  endfacet
  facet normal 0.903962 -0.427612 -4.63746e-19
    outer loop
      vertex 89.2915 -36.8284 15.4
      vertex 89.5433 -36.2961 6.1
      vertex 89.5433 -36.2961 15.4
    endloop
  endfacet
  facet normal 0.903962 -0.427612 -4.63746e-19
    outer loop
      vertex 89.5433 -36.2961 6.1
      vertex 89.2915 -36.8284 15.4
      vertex 89.2915 -36.8284 6.1
    endloop
  endfacet
  facet normal 0.699881 -0.103828 0.706673
    outer loop
      vertex 89.9711 -34.5881 15.4
      vertex 89.374 -34.5293 16
      vertex 89.8847 -35.1705 15.4
    endloop
  endfacet
  facet normal 0.699853 -0.10387 0.706694
    outer loop
      vertex 89.374 -34.5293 16
      vertex 89.2962 -35.0535 16
      vertex 89.8847 -35.1705 15.4
    endloop
  endfacet
  facet normal 0.706686 -0.0347275 -0.706674
    outer loop
      vertex 89.9711 -34.5881 6.1
      vertex 89.374 -34.5293 5.5
      vertex 90 -34 6.1
    endloop
  endfacet
  facet normal 0.666225 -0.238298 -0.706653
    outer loop
      vertex 89.5433 -36.2961 6.1
      vertex 89.1675 -35.5675 5.5
      vertex 89.7416 -35.7417 6.1
    endloop
  endfacet
  facet normal 0.686378 -0.171862 -0.706646
    outer loop
      vertex 89.7416 -35.7417 6.1
      vertex 89.1675 -35.5675 5.5
      vertex 89.2962 -35.0535 5.5
    endloop
  endfacet
  facet normal 0.989147 0.146928 3.70785e-19
    outer loop
      vertex -87.5308 -34.7023 16
      vertex -87.5827 -34.3529 13
      vertex -87.5827 -34.3529 16
    endloop
  endfacet
  facet normal 0.989147 0.146928 3.70785e-19
    outer loop
      vertex -87.5827 -34.3529 13
      vertex -87.5308 -34.7023 16
      vertex -87.5308 -34.7023 13
    endloop
  endfacet
  facet normal 0.336785 -0.941582 0
    outer loop
      vertex -85.3777 37.326 13
      vertex -85.045 37.445 16
      vertex -85.3777 37.326 16
    endloop
  endfacet
  facet normal 0.336785 -0.941582 0
    outer loop
      vertex -85.045 37.445 16
      vertex -85.3777 37.326 13
      vertex -85.045 37.445 13
    endloop
  endfacet
  facet normal 0.998801 0.0489636 -1.7375e-19
    outer loop
      vertex -87.5827 -34.3529 16
      vertex -87.6 -34 13
      vertex -87.6 -34 16
    endloop
  endfacet
  facet normal 0.998801 0.0489636 -1.7375e-19
    outer loop
      vertex -87.6 -34 13
      vertex -87.5827 -34.3529 16
      vertex -87.5827 -34.3529 13
    endloop
  endfacet
  facet normal 0.941582 0.336785 -2.94625e-18
    outer loop
      vertex -87.326 -35.3777 16
      vertex -87.445 -35.045 13
      vertex -87.445 -35.045 16
    endloop
  endfacet
  facet normal 0.941582 0.336785 -2.94625e-18
    outer loop
      vertex -87.445 -35.045 13
      vertex -87.326 -35.3777 16
      vertex -87.326 -35.3777 13
    endloop
  endfacet
  facet normal 0.427746 0.903899 -0
    outer loop
      vertex -85.3777 -37.326 13
      vertex -85.697 -37.1749 16
      vertex -85.3777 -37.326 16
    endloop
  endfacet
  facet normal 0.427746 0.903899 0
    outer loop
      vertex -85.697 -37.1749 16
      vertex -85.3777 -37.326 13
      vertex -85.697 -37.1749 13
    endloop
  endfacet
  facet normal -0.0489636 -0.998801 0
    outer loop
      vertex 84 37.6 13
      vertex 84.3529 37.5827 16
      vertex 84 37.6 16
    endloop
  endfacet
  facet normal -0.0489636 -0.998801 -0
    outer loop
      vertex 84.3529 37.5827 16
      vertex 84 37.6 13
      vertex 84.3529 37.5827 13
    endloop
  endfacet
  facet normal -0.970059 0.242869 1.06774e-19
    outer loop
      vertex 87.445 -35.045 13
      vertex 87.5308 -34.7023 16
      vertex 87.5308 -34.7023 13
    endloop
  endfacet
  facet normal -0.970059 0.242869 1.06774e-19
    outer loop
      vertex 87.5308 -34.7023 16
      vertex 87.445 -35.045 13
      vertex 87.445 -35.045 16
    endloop
  endfacet
  facet normal -0.989147 -0.146928 3.70785e-19
    outer loop
      vertex 87.5827 34.3529 13
      vertex 87.5308 34.7023 16
      vertex 87.5308 34.7023 13
    endloop
  endfacet
  facet normal -0.989147 -0.146928 3.70785e-19
    outer loop
      vertex 87.5308 34.7023 16
      vertex 87.5827 34.3529 13
      vertex 87.5827 34.3529 16
    endloop
  endfacet
  facet normal -0.998801 -0.0489636 -1.7375e-19
    outer loop
      vertex 87.6 34 13
      vertex 87.5827 34.3529 16
      vertex 87.5827 34.3529 13
    endloop
  endfacet
  facet normal -0.998801 -0.0489636 -1.7375e-19
    outer loop
      vertex 87.5827 34.3529 16
      vertex 87.6 34 13
      vertex 87.6 34 16
    endloop
  endfacet
  facet normal -0.903899 0.427746 2.97512e-19
    outer loop
      vertex 87.1749 -35.697 13
      vertex 87.326 -35.3777 16
      vertex 87.326 -35.3777 13
    endloop
  endfacet
  facet normal -0.903899 0.427746 2.97512e-19
    outer loop
      vertex 87.326 -35.3777 16
      vertex 87.1749 -35.697 13
      vertex 87.1749 -35.697 16
    endloop
  endfacet
  facet normal 0.336785 0.941582 -0
    outer loop
      vertex -85.045 -37.445 13
      vertex -85.3777 -37.326 16
      vertex -85.045 -37.445 16
    endloop
  endfacet
  facet normal 0.336785 0.941582 0
    outer loop
      vertex -85.3777 -37.326 16
      vertex -85.045 -37.445 13
      vertex -85.3777 -37.326 13
    endloop
  endfacet
  facet normal 0 -1 0
    outer loop
      vertex -84 37.6 13
      vertex 84 37.6 16
      vertex -84 37.6 16
    endloop
  endfacet
  facet normal 0 -1 -0
    outer loop
      vertex 84 37.6 16
      vertex -84 37.6 13
      vertex 84 37.6 13
    endloop
  endfacet
  facet normal 1 -0 0
    outer loop
      vertex -87.6 -34 16
      vertex -87.6 34 13
      vertex -87.6 34 16
    endloop
  endfacet
  facet normal 1 0 0
    outer loop
      vertex -87.6 34 13
      vertex -87.6 -34 16
      vertex -87.6 -34 13
    endloop
  endfacet
  facet normal -0.242869 -0.970059 0
    outer loop
      vertex 84.7023 37.5308 13
      vertex 85.045 37.445 16
      vertex 84.7023 37.5308 16
    endloop
  endfacet
  facet normal -0.242869 -0.970059 -0
    outer loop
      vertex 85.045 37.445 16
      vertex 84.7023 37.5308 13
      vertex 85.045 37.445 13
    endloop
  endfacet
  facet normal 0 1 -0
    outer loop
      vertex 84 -37.6 13
      vertex -84 -37.6 16
      vertex 84 -37.6 16
    endloop
  endfacet
  facet normal 0 1 0
    outer loop
      vertex -84 -37.6 16
      vertex 84 -37.6 13
      vertex -84 -37.6 13
    endloop
  endfacet
  facet normal 0.0489636 -0.998801 0
    outer loop
      vertex -84.3529 37.5827 13
      vertex -84 37.6 16
      vertex -84.3529 37.5827 16
    endloop
  endfacet
  facet normal 0.0489636 -0.998801 0
    outer loop
      vertex -84 37.6 16
      vertex -84.3529 37.5827 13
      vertex -84 37.6 13
    endloop
  endfacet
  facet normal 0.903899 0.427746 -2.97512e-19
    outer loop
      vertex -87.1749 -35.697 16
      vertex -87.326 -35.3777 13
      vertex -87.326 -35.3777 16
    endloop
  endfacet
  facet normal 0.903899 0.427746 -2.97512e-19
    outer loop
      vertex -87.326 -35.3777 13
      vertex -87.1749 -35.697 16
      vertex -87.1749 -35.697 13
    endloop
  endfacet
  facet normal -1 0 0
    outer loop
      vertex 87.6 -34 13
      vertex 87.6 34 16
      vertex 87.6 34 13
    endloop
  endfacet
  facet normal -1 -0 0
    outer loop
      vertex 87.6 34 16
      vertex 87.6 -34 13
      vertex 87.6 -34 16
    endloop
  endfacet
  facet normal 0.242869 -0.970059 0
    outer loop
      vertex -85.045 37.445 13
      vertex -84.7023 37.5308 16
      vertex -85.045 37.445 16
    endloop
  endfacet
  facet normal 0.242869 -0.970059 0
    outer loop
      vertex -84.7023 37.5308 16
      vertex -85.045 37.445 13
      vertex -84.7023 37.5308 13
    endloop
  endfacet
  facet normal 0.857743 -0.514079 1.7284e-18
    outer loop
      vertex -87.1749 35.697 16
      vertex -86.9933 36 13
      vertex -86.9933 36 16
    endloop
  endfacet
  facet normal 0.857743 -0.514079 1.7284e-18
    outer loop
      vertex -86.9933 36 13
      vertex -87.1749 35.697 16
      vertex -87.1749 35.697 13
    endloop
  endfacet
  facet normal -0.741066 -0.671432 -2.80029e-18
    outer loop
      vertex 86.7828 36.2838 13
      vertex 86.5456 36.5456 16
      vertex 86.5456 36.5456 13
    endloop
  endfacet
  facet normal -0.741066 -0.671432 -2.80029e-18
    outer loop
      vertex 86.5456 36.5456 16
      vertex 86.7828 36.2838 13
      vertex 86.7828 36.2838 16
    endloop
  endfacet
  facet normal -0.941582 0.336785 2.94625e-18
    outer loop
      vertex 87.326 -35.3777 13
      vertex 87.445 -35.045 16
      vertex 87.445 -35.045 13
    endloop
  endfacet
  facet normal -0.941582 0.336785 2.94625e-18
    outer loop
      vertex 87.445 -35.045 16
      vertex 87.326 -35.3777 13
      vertex 87.326 -35.3777 16
    endloop
  endfacet
  facet normal -0.595735 0.803181 0
    outer loop
      vertex 86.2838 -36.7828 13
      vertex 86 -36.9933 16
      vertex 86.2838 -36.7828 16
    endloop
  endfacet
  facet normal -0.595735 0.803181 0
    outer loop
      vertex 86 -36.9933 16
      vertex 86.2838 -36.7828 13
      vertex 86 -36.9933 13
    endloop
  endfacet
  facet normal -0.857743 0.514079 1.7284e-18
    outer loop
      vertex 86.9933 -36 13
      vertex 87.1749 -35.697 16
      vertex 87.1749 -35.697 13
    endloop
  endfacet
  facet normal -0.857743 0.514079 1.7284e-18
    outer loop
      vertex 87.1749 -35.697 16
      vertex 86.9933 -36 13
      vertex 86.9933 -36 16
    endloop
  endfacet
  facet normal 0.242869 0.970059 -0
    outer loop
      vertex -84.7023 -37.5308 13
      vertex -85.045 -37.445 16
      vertex -84.7023 -37.5308 16
    endloop
  endfacet
  facet normal 0.242869 0.970059 0
    outer loop
      vertex -85.045 -37.445 16
      vertex -84.7023 -37.5308 13
      vertex -85.045 -37.445 13
    endloop
  endfacet
  facet normal 0 0 1
    outer loop
      vertex 84 37.6 13
      vertex 87.6 34 13
      vertex 87.5827 34.3529 13
    endloop
  endfacet
  facet normal 0 0 1
    outer loop
      vertex 87.6 34 13
      vertex 38.3486 0 13
      vertex 87.6 -34 13
    endloop
  endfacet
  facet normal 0 0 1
    outer loop
      vertex 84 37.6 13
      vertex 87.5827 34.3529 13
      vertex 87.5308 34.7023 13
    endloop
  endfacet
  facet normal 0 -0 1
    outer loop
      vertex 84 -37.6 13
      vertex 87.6 -34 13
      vertex 38.3486 0 13
    endloop
  endfacet
  facet normal 0 0 1
    outer loop
      vertex 84 37.6 13
      vertex 87.5308 34.7023 13
      vertex 87.445 35.045 13
    endloop
  endfacet
  facet normal 0 0 1
    outer loop
      vertex 87.6 -34 13
      vertex 84 -37.6 13
      vertex 87.5827 -34.3529 13
    endloop
  endfacet
  facet normal 0 0 1
    outer loop
      vertex 84 37.6 13
      vertex 87.445 35.045 13
      vertex 87.326 35.3777 13
    endloop
  endfacet
  facet normal 0 0 1
    outer loop
      vertex 87.5827 -34.3529 13
      vertex 84 -37.6 13
      vertex 87.5308 -34.7023 13
    endloop
  endfacet
  facet normal 0 0 1
    outer loop
      vertex 84 37.6 13
      vertex 87.326 35.3777 13
      vertex 87.1749 35.697 13
    endloop
  endfacet
  facet normal 0 0 1
    outer loop
      vertex 87.5308 -34.7023 13
      vertex 84 -37.6 13
      vertex 87.445 -35.045 13
    endloop
  endfacet
  facet normal 0 0 1
    outer loop
      vertex 84 37.6 13
      vertex 87.1749 35.697 13
      vertex 86.9933 36 13
    endloop
  endfacet
  facet normal 0 0 1
    outer loop
      vertex 87.445 -35.045 13
      vertex 84 -37.6 13
      vertex 87.326 -35.3777 13
    endloop
  endfacet
  facet normal 0 0 1
    outer loop
      vertex 84 37.6 13
      vertex 86.9933 36 13
      vertex 86.7828 36.2838 13
    endloop
  endfacet
  facet normal 0 0 1
    outer loop
      vertex 87.326 -35.3777 13
      vertex 84 -37.6 13
      vertex 87.1749 -35.697 13
    endloop
  endfacet
  facet normal 0 0 1
    outer loop
      vertex 84 37.6 13
      vertex 86.7828 36.2838 13
      vertex 86.5456 36.5456 13
    endloop
  endfacet
  facet normal 0 0 1
    outer loop
      vertex 87.1749 -35.697 13
      vertex 84 -37.6 13
      vertex 86.9933 -36 13
    endloop
  endfacet
  facet normal 0 0 1
    outer loop
      vertex 84 37.6 13
      vertex 86.5456 36.5456 13
      vertex 86.2838 36.7828 13
    endloop
  endfacet
  facet normal 0 0 1
    outer loop
      vertex 86.9933 -36 13
      vertex 84 -37.6 13
      vertex 86.7828 -36.2838 13
    endloop
  endfacet
  facet normal 0 0 1
    outer loop
      vertex 84 37.6 13
      vertex 86.2838 36.7828 13
      vertex 86 36.9933 13
    endloop
  endfacet
  facet normal 0 0 1
    outer loop
      vertex 86.7828 -36.2838 13
      vertex 84 -37.6 13
      vertex 86.5456 -36.5456 13
    endloop
  endfacet
  facet normal 0 0 1
    outer loop
      vertex 84 37.6 13
      vertex 86 36.9933 13
      vertex 85.697 37.1749 13
    endloop
  endfacet
  facet normal 0 0 1
    outer loop
      vertex 86.5456 -36.5456 13
      vertex 84 -37.6 13
      vertex 86.2838 -36.7828 13
    endloop
  endfacet
  facet normal 0 0 1
    outer loop
      vertex 84 37.6 13
      vertex 85.697 37.1749 13
      vertex 85.3777 37.326 13
    endloop
  endfacet
  facet normal 0 0 1
    outer loop
      vertex 87.6 34 13
      vertex 84 37.6 13
      vertex 38.3486 0 13
    endloop
  endfacet
  facet normal 0 0 1
    outer loop
      vertex 84 37.6 13
      vertex 85.3777 37.326 13
      vertex 85.045 37.445 13
    endloop
  endfacet
  facet normal 0 0 1
    outer loop
      vertex 86.2838 -36.7828 13
      vertex 84 -37.6 13
      vertex 86 -36.9933 13
    endloop
  endfacet
  facet normal 0 0 1
    outer loop
      vertex 84 37.6 13
      vertex 85.045 37.445 13
      vertex 84.7023 37.5308 13
    endloop
  endfacet
  facet normal 0 0 1
    outer loop
      vertex 85.697 -37.1749 13
      vertex 84 -37.6 13
      vertex 85.3777 -37.326 13
    endloop
  endfacet
  facet normal 0 0 1
    outer loop
      vertex 84 37.6 13
      vertex 84.7023 37.5308 13
      vertex 84.3529 37.5827 13
    endloop
  endfacet
  facet normal 0 0 1
    outer loop
      vertex 85.3777 -37.326 13
      vertex 84 -37.6 13
      vertex 85.045 -37.445 13
    endloop
  endfacet
  facet normal 0 0 1
    outer loop
      vertex 85.045 -37.445 13
      vertex 84 -37.6 13
      vertex 84.7023 -37.5308 13
    endloop
  endfacet
  facet normal 0 0 1
    outer loop
      vertex 84.7023 -37.5308 13
      vertex 84 -37.6 13
      vertex 84.3529 -37.5827 13
    endloop
  endfacet
  facet normal 0 0 1
    outer loop
      vertex 86 -36.9933 13
      vertex 84 -37.6 13
      vertex 85.697 -37.1749 13
    endloop
  endfacet
  facet normal 0 0 1
    outer loop
      vertex 84 37.6 13
      vertex 36.6743 2.9 13
      vertex 38.3486 0 13
    endloop
  endfacet
  facet normal 0 0 1
    outer loop
      vertex 84 37.6 13
      vertex 33.3257 2.9 13
      vertex 36.6743 2.9 13
    endloop
  endfacet
  facet normal 0 0 1
    outer loop
      vertex 33.3257 2.9 13
      vertex 23.3486 0 13
      vertex 31.6514 0 13
    endloop
  endfacet
  facet normal 0 0 1
    outer loop
      vertex 21.6743 2.9 13
      vertex 33.3257 2.9 13
      vertex 84 37.6 13
    endloop
  endfacet
  facet normal 0 0 1
    outer loop
      vertex 33.3257 2.9 13
      vertex 21.6743 2.9 13
      vertex 23.3486 0 13
    endloop
  endfacet
  facet normal 0 0 1
    outer loop
      vertex 84 37.6 13
      vertex 18.3257 2.9 13
      vertex 21.6743 2.9 13
    endloop
  endfacet
  facet normal 0 0 1
    outer loop
      vertex 18.3257 2.9 13
      vertex -84 37.6 13
      vertex 16.6514 0 13
    endloop
  endfacet
  facet normal -0 0 1
    outer loop
      vertex -84 37.6 13
      vertex 18.3257 2.9 13
      vertex 84 37.6 13
    endloop
  endfacet
  facet normal -0 0 1
    outer loop
      vertex 36.6743 -2.9 13
      vertex 84 -37.6 13
      vertex 38.3486 0 13
    endloop
  endfacet
  facet normal -0 0 1
    outer loop
      vertex 33.3257 -2.9 13
      vertex 84 -37.6 13
      vertex 36.6743 -2.9 13
    endloop
  endfacet
  facet normal -0 0 1
    outer loop
      vertex 23.3486 0 13
      vertex 33.3257 -2.9 13
      vertex 31.6514 0 13
    endloop
  endfacet
  facet normal 0 0 1
    outer loop
      vertex 21.6743 -2.9 13
      vertex 33.3257 -2.9 13
      vertex 23.3486 0 13
    endloop
  endfacet
  facet normal 0 0 1
    outer loop
      vertex 33.3257 -2.9 13
      vertex 21.6743 -2.9 13
      vertex 84 -37.6 13
    endloop
  endfacet
  facet normal -0 0 1
    outer loop
      vertex 18.3257 -2.9 13
      vertex 84 -37.6 13
      vertex 21.6743 -2.9 13
    endloop
  endfacet
  facet normal 0 0 1
    outer loop
      vertex -84 -37.6 13
      vertex 16.6514 0 13
      vertex -84 37.6 13
    endloop
  endfacet
  facet normal 0 0 1
    outer loop
      vertex 16.6514 0 13
      vertex -84 -37.6 13
      vertex 18.3257 -2.9 13
    endloop
  endfacet
  facet normal 0 0 1
    outer loop
      vertex 18.3257 -2.9 13
      vertex -84 -37.6 13
      vertex 84 -37.6 13
    endloop
  endfacet
  facet normal 0 0 1
    outer loop
      vertex -87.6 34 13
      vertex -84 37.6 13
      vertex -84.3529 37.5827 13
    endloop
  endfacet
  facet normal 0 0 1
    outer loop
      vertex -84 37.6 13
      vertex -87.6 34 13
      vertex -84 -37.6 13
    endloop
  endfacet
  facet normal 0 0 1
    outer loop
      vertex -87.6 34 13
      vertex -84.3529 37.5827 13
      vertex -84.7023 37.5308 13
    endloop
  endfacet
  facet normal -0 0 1
    outer loop
      vertex -87.6 -34 13
      vertex -84 -37.6 13
      vertex -87.6 34 13
    endloop
  endfacet
  facet normal 0 0 1
    outer loop
      vertex -87.6 34 13
      vertex -84.7023 37.5308 13
      vertex -85.045 37.445 13
    endloop
  endfacet
  facet normal 0 0 1
    outer loop
      vertex -84 -37.6 13
      vertex -87.6 -34 13
      vertex -84.3529 -37.5827 13
    endloop
  endfacet
  facet normal 0 0 1
    outer loop
      vertex -87.6 34 13
      vertex -85.045 37.445 13
      vertex -85.3777 37.326 13
    endloop
  endfacet
  facet normal 0 0 1
    outer loop
      vertex -84.3529 -37.5827 13
      vertex -87.6 -34 13
      vertex -84.7023 -37.5308 13
    endloop
  endfacet
  facet normal 0 0 1
    outer loop
      vertex -87.6 34 13
      vertex -85.3777 37.326 13
      vertex -85.697 37.1749 13
    endloop
  endfacet
  facet normal 0 0 1
    outer loop
      vertex -84.7023 -37.5308 13
      vertex -87.6 -34 13
      vertex -85.045 -37.445 13
    endloop
  endfacet
  facet normal 0 0 1
    outer loop
      vertex -87.6 34 13
      vertex -85.697 37.1749 13
      vertex -86 36.9933 13
    endloop
  endfacet
  facet normal 0 0 1
    outer loop
      vertex -85.045 -37.445 13
      vertex -87.6 -34 13
      vertex -85.3777 -37.326 13
    endloop
  endfacet
  facet normal 0 0 1
    outer loop
      vertex -87.6 34 13
      vertex -86 36.9933 13
      vertex -86.2838 36.7828 13
    endloop
  endfacet
  facet normal 0 0 1
    outer loop
      vertex -85.3777 -37.326 13
      vertex -87.6 -34 13
      vertex -85.697 -37.1749 13
    endloop
  endfacet
  facet normal 0 0 1
    outer loop
      vertex -87.6 34 13
      vertex -86.2838 36.7828 13
      vertex -86.5456 36.5456 13
    endloop
  endfacet
  facet normal 0 0 1
    outer loop
      vertex -85.697 -37.1749 13
      vertex -87.6 -34 13
      vertex -86 -36.9933 13
    endloop
  endfacet
  facet normal 0 0 1
    outer loop
      vertex -87.6 34 13
      vertex -86.5456 36.5456 13
      vertex -86.7828 36.2838 13
    endloop
  endfacet
  facet normal 0 0 1
    outer loop
      vertex -86 -36.9933 13
      vertex -87.6 -34 13
      vertex -86.2838 -36.7828 13
    endloop
  endfacet
  facet normal 0 0 1
    outer loop
      vertex -87.6 34 13
      vertex -86.7828 36.2838 13
      vertex -86.9933 36 13
    endloop
  endfacet
  facet normal 0 0 1
    outer loop
      vertex -86.2838 -36.7828 13
      vertex -87.6 -34 13
      vertex -86.5456 -36.5456 13
    endloop
  endfacet
  facet normal 0 0 1
    outer loop
      vertex -87.6 34 13
      vertex -86.9933 36 13
      vertex -87.1749 35.697 13
    endloop
  endfacet
  facet normal 0 0 1
    outer loop
      vertex -86.5456 -36.5456 13
      vertex -87.6 -34 13
      vertex -86.7828 -36.2838 13
    endloop
  endfacet
  facet normal 0 0 1
    outer loop
      vertex -87.6 34 13
      vertex -87.1749 35.697 13
      vertex -87.326 35.3777 13
    endloop
  endfacet
  facet normal 0 0 1
    outer loop
      vertex -86.7828 -36.2838 13
      vertex -87.6 -34 13
      vertex -86.9933 -36 13
    endloop
  endfacet
  facet normal 0 0 1
    outer loop
      vertex -87.6 34 13
      vertex -87.326 35.3777 13
      vertex -87.445 35.045 13
    endloop
  endfacet
  facet normal 0 0 1
    outer loop
      vertex -86.9933 -36 13
      vertex -87.6 -34 13
      vertex -87.1749 -35.697 13
    endloop
  endfacet
  facet normal 0 0 1
    outer loop
      vertex -87.6 34 13
      vertex -87.445 35.045 13
      vertex -87.5308 34.7023 13
    endloop
  endfacet
  facet normal 0 0 1
    outer loop
      vertex -87.1749 -35.697 13
      vertex -87.6 -34 13
      vertex -87.326 -35.3777 13
    endloop
  endfacet
  facet normal 0 0 1
    outer loop
      vertex -87.6 34 13
      vertex -87.5308 34.7023 13
      vertex -87.5827 34.3529 13
    endloop
  endfacet
  facet normal 0 0 1
    outer loop
      vertex -87.326 -35.3777 13
      vertex -87.6 -34 13
      vertex -87.445 -35.045 13
    endloop
  endfacet
  facet normal 0 0 1
    outer loop
      vertex -87.445 -35.045 13
      vertex -87.6 -34 13
      vertex -87.5308 -34.7023 13
    endloop
  endfacet
  facet normal 0 0 1
    outer loop
      vertex -87.5308 -34.7023 13
      vertex -87.6 -34 13
      vertex -87.5827 -34.3529 13
    endloop
  endfacet
  facet normal 0.970059 0.242869 -1.06774e-19
    outer loop
      vertex -87.445 -35.045 16
      vertex -87.5308 -34.7023 13
      vertex -87.5308 -34.7023 16
    endloop
  endfacet
  facet normal 0.970059 0.242869 -1.06774e-19
    outer loop
      vertex -87.5308 -34.7023 13
      vertex -87.445 -35.045 16
      vertex -87.445 -35.045 13
    endloop
  endfacet
  facet normal 0.803181 0.595735 1.87274e-18
    outer loop
      vertex -86.7828 -36.2838 16
      vertex -86.9933 -36 13
      vertex -86.9933 -36 16
    endloop
  endfacet
  facet normal 0.803181 0.595735 1.87274e-18
    outer loop
      vertex -86.9933 -36 13
      vertex -86.7828 -36.2838 16
      vertex -86.7828 -36.2838 13
    endloop
  endfacet
  facet normal 0.970059 -0.242869 1.06774e-19
    outer loop
      vertex -87.5308 34.7023 16
      vertex -87.445 35.045 13
      vertex -87.445 35.045 16
    endloop
  endfacet
  facet normal 0.970059 -0.242869 1.06774e-19
    outer loop
      vertex -87.445 35.045 13
      vertex -87.5308 34.7023 16
      vertex -87.5308 34.7023 13
    endloop
  endfacet
  facet normal 0.514079 -0.857743 0
    outer loop
      vertex -86 36.9933 13
      vertex -85.697 37.1749 16
      vertex -86 36.9933 16
    endloop
  endfacet
  facet normal 0.514079 -0.857743 0
    outer loop
      vertex -85.697 37.1749 16
      vertex -86 36.9933 13
      vertex -85.697 37.1749 13
    endloop
  endfacet
  facet normal -0.857743 -0.514079 -1.7284e-18
    outer loop
      vertex 87.1749 35.697 13
      vertex 86.9933 36 16
      vertex 86.9933 36 13
    endloop
  endfacet
  facet normal -0.857743 -0.514079 -1.7284e-18
    outer loop
      vertex 86.9933 36 16
      vertex 87.1749 35.697 13
      vertex 87.1749 35.697 16
    endloop
  endfacet
  facet normal 0.514079 0.857743 -0
    outer loop
      vertex -85.697 -37.1749 13
      vertex -86 -36.9933 16
      vertex -85.697 -37.1749 16
    endloop
  endfacet
  facet normal 0.514079 0.857743 0
    outer loop
      vertex -86 -36.9933 16
      vertex -85.697 -37.1749 13
      vertex -86 -36.9933 13
    endloop
  endfacet
  facet normal 0.146928 0.989147 -0
    outer loop
      vertex -84.3529 -37.5827 13
      vertex -84.7023 -37.5308 16
      vertex -84.3529 -37.5827 16
    endloop
  endfacet
  facet normal 0.146928 0.989147 0
    outer loop
      vertex -84.7023 -37.5308 16
      vertex -84.3529 -37.5827 13
      vertex -84.7023 -37.5308 13
    endloop
  endfacet
  facet normal -0.336785 0.941582 0
    outer loop
      vertex 85.3777 -37.326 13
      vertex 85.045 -37.445 16
      vertex 85.3777 -37.326 16
    endloop
  endfacet
  facet normal -0.336785 0.941582 0
    outer loop
      vertex 85.045 -37.445 16
      vertex 85.3777 -37.326 13
      vertex 85.045 -37.445 13
    endloop
  endfacet
  facet normal -0.595735 -0.803181 0
    outer loop
      vertex 86 36.9933 13
      vertex 86.2838 36.7828 16
      vertex 86 36.9933 16
    endloop
  endfacet
  facet normal -0.595735 -0.803181 -0
    outer loop
      vertex 86.2838 36.7828 16
      vertex 86 36.9933 13
      vertex 86.2838 36.7828 13
    endloop
  endfacet
  facet normal -0.671432 0.741066 0
    outer loop
      vertex 86.5456 -36.5456 13
      vertex 86.2838 -36.7828 16
      vertex 86.5456 -36.5456 16
    endloop
  endfacet
  facet normal -0.671432 0.741066 0
    outer loop
      vertex 86.2838 -36.7828 16
      vertex 86.5456 -36.5456 13
      vertex 86.2838 -36.7828 13
    endloop
  endfacet
  facet normal 0.595735 -0.803181 0
    outer loop
      vertex -86.2838 36.7828 13
      vertex -86 36.9933 16
      vertex -86.2838 36.7828 16
    endloop
  endfacet
  facet normal 0.595735 -0.803181 0
    outer loop
      vertex -86 36.9933 16
      vertex -86.2838 36.7828 13
      vertex -86 36.9933 13
    endloop
  endfacet
  facet normal -0.903899 -0.427746 -2.97512e-19
    outer loop
      vertex 87.326 35.3777 13
      vertex 87.1749 35.697 16
      vertex 87.1749 35.697 13
    endloop
  endfacet
  facet normal -0.903899 -0.427746 -2.97512e-19
    outer loop
      vertex 87.1749 35.697 16
      vertex 87.326 35.3777 13
      vertex 87.326 35.3777 16
    endloop
  endfacet
  facet normal 0.146928 -0.989147 0
    outer loop
      vertex -84.7023 37.5308 13
      vertex -84.3529 37.5827 16
      vertex -84.7023 37.5308 16
    endloop
  endfacet
  facet normal 0.146928 -0.989147 0
    outer loop
      vertex -84.3529 37.5827 16
      vertex -84.7023 37.5308 13
      vertex -84.3529 37.5827 13
    endloop
  endfacet
  facet normal -0.427746 0.903899 0
    outer loop
      vertex 85.697 -37.1749 13
      vertex 85.3777 -37.326 16
      vertex 85.697 -37.1749 16
    endloop
  endfacet
  facet normal -0.427746 0.903899 0
    outer loop
      vertex 85.3777 -37.326 16
      vertex 85.697 -37.1749 13
      vertex 85.3777 -37.326 13
    endloop
  endfacet
  facet normal 0.998801 -0.0489636 1.7375e-19
    outer loop
      vertex -87.6 34 16
      vertex -87.5827 34.3529 13
      vertex -87.5827 34.3529 16
    endloop
  endfacet
  facet normal 0.998801 -0.0489636 1.7375e-19
    outer loop
      vertex -87.5827 34.3529 13
      vertex -87.6 34 16
      vertex -87.6 34 13
    endloop
  endfacet
  facet normal 0.989147 -0.146928 -3.70785e-19
    outer loop
      vertex -87.5827 34.3529 16
      vertex -87.5308 34.7023 13
      vertex -87.5308 34.7023 16
    endloop
  endfacet
  facet normal 0.989147 -0.146928 -3.70785e-19
    outer loop
      vertex -87.5308 34.7023 13
      vertex -87.5827 34.3529 16
      vertex -87.5827 34.3529 13
    endloop
  endfacet
  facet normal 0.741066 0.671432 -2.80029e-18
    outer loop
      vertex -86.5456 -36.5456 16
      vertex -86.7828 -36.2838 13
      vertex -86.7828 -36.2838 16
    endloop
  endfacet
  facet normal 0.741066 0.671432 -2.80029e-18
    outer loop
      vertex -86.7828 -36.2838 13
      vertex -86.5456 -36.5456 16
      vertex -86.5456 -36.5456 13
    endloop
  endfacet
  facet normal -0.514079 -0.857743 0
    outer loop
      vertex 85.697 37.1749 13
      vertex 86 36.9933 16
      vertex 85.697 37.1749 16
    endloop
  endfacet
  facet normal -0.514079 -0.857743 -0
    outer loop
      vertex 86 36.9933 16
      vertex 85.697 37.1749 13
      vertex 86 36.9933 13
    endloop
  endfacet
  facet normal 0.0489636 0.998801 -0
    outer loop
      vertex -84 -37.6 13
      vertex -84.3529 -37.5827 16
      vertex -84 -37.6 16
    endloop
  endfacet
  facet normal 0.0489636 0.998801 0
    outer loop
      vertex -84.3529 -37.5827 16
      vertex -84 -37.6 13
      vertex -84.3529 -37.5827 13
    endloop
  endfacet
  facet normal -0.0489636 0.998801 0
    outer loop
      vertex 84.3529 -37.5827 13
      vertex 84 -37.6 16
      vertex 84.3529 -37.5827 16
    endloop
  endfacet
  facet normal -0.0489636 0.998801 0
    outer loop
      vertex 84 -37.6 16
      vertex 84.3529 -37.5827 13
      vertex 84 -37.6 13
    endloop
  endfacet
  facet normal 0.671432 -0.741066 0
    outer loop
      vertex -86.5456 36.5456 13
      vertex -86.2838 36.7828 16
      vertex -86.5456 36.5456 16
    endloop
  endfacet
  facet normal 0.671432 -0.741066 0
    outer loop
      vertex -86.2838 36.7828 16
      vertex -86.5456 36.5456 13
      vertex -86.2838 36.7828 13
    endloop
  endfacet
  facet normal -0.242869 0.970059 0
    outer loop
      vertex 85.045 -37.445 13
      vertex 84.7023 -37.5308 16
      vertex 85.045 -37.445 16
    endloop
  endfacet
  facet normal -0.242869 0.970059 0
    outer loop
      vertex 84.7023 -37.5308 16
      vertex 85.045 -37.445 13
      vertex 84.7023 -37.5308 13
    endloop
  endfacet
  facet normal 0.427746 -0.903899 0
    outer loop
      vertex -85.697 37.1749 13
      vertex -85.3777 37.326 16
      vertex -85.697 37.1749 16
    endloop
  endfacet
  facet normal 0.427746 -0.903899 0
    outer loop
      vertex -85.3777 37.326 16
      vertex -85.697 37.1749 13
      vertex -85.3777 37.326 13
    endloop
  endfacet
  facet normal -0.803181 0.595735 -1.87274e-18
    outer loop
      vertex 86.7828 -36.2838 13
      vertex 86.9933 -36 16
      vertex 86.9933 -36 13
    endloop
  endfacet
  facet normal -0.803181 0.595735 -1.87274e-18
    outer loop
      vertex 86.9933 -36 16
      vertex 86.7828 -36.2838 13
      vertex 86.7828 -36.2838 16
    endloop
  endfacet
  facet normal 0.595735 0.803181 -0
    outer loop
      vertex -86 -36.9933 13
      vertex -86.2838 -36.7828 16
      vertex -86 -36.9933 16
    endloop
  endfacet
  facet normal 0.595735 0.803181 0
    outer loop
      vertex -86.2838 -36.7828 16
      vertex -86 -36.9933 13
      vertex -86.2838 -36.7828 13
    endloop
  endfacet
  facet normal -0.671432 -0.741066 0
    outer loop
      vertex 86.2838 36.7828 13
      vertex 86.5456 36.5456 16
      vertex 86.2838 36.7828 16
    endloop
  endfacet
  facet normal -0.671432 -0.741066 -0
    outer loop
      vertex 86.5456 36.5456 16
      vertex 86.2838 36.7828 13
      vertex 86.5456 36.5456 13
    endloop
  endfacet
  facet normal -0.941582 -0.336785 -2.94625e-18
    outer loop
      vertex 87.445 35.045 13
      vertex 87.326 35.3777 16
      vertex 87.326 35.3777 13
    endloop
  endfacet
  facet normal -0.941582 -0.336785 -2.94625e-18
    outer loop
      vertex 87.326 35.3777 16
      vertex 87.445 35.045 13
      vertex 87.445 35.045 16
    endloop
  endfacet
  facet normal 0.941582 -0.336785 2.94625e-18
    outer loop
      vertex -87.445 35.045 16
      vertex -87.326 35.3777 13
      vertex -87.326 35.3777 16
    endloop
  endfacet
  facet normal 0.941582 -0.336785 2.94625e-18
    outer loop
      vertex -87.326 35.3777 13
      vertex -87.445 35.045 16
      vertex -87.445 35.045 13
    endloop
  endfacet
  facet normal -0.146928 -0.989147 0
    outer loop
      vertex 84.3529 37.5827 13
      vertex 84.7023 37.5308 16
      vertex 84.3529 37.5827 16
    endloop
  endfacet
  facet normal -0.146928 -0.989147 -0
    outer loop
      vertex 84.7023 37.5308 16
      vertex 84.3529 37.5827 13
      vertex 84.7023 37.5308 13
    endloop
  endfacet
  facet normal 0.803181 -0.595735 -1.87274e-18
    outer loop
      vertex -86.9933 36 16
      vertex -86.7828 36.2838 13
      vertex -86.7828 36.2838 16
    endloop
  endfacet
  facet normal 0.803181 -0.595735 -1.87274e-18
    outer loop
      vertex -86.7828 36.2838 13
      vertex -86.9933 36 16
      vertex -86.9933 36 13
    endloop
  endfacet
  facet normal 0.671432 0.741066 -0
    outer loop
      vertex -86.2838 -36.7828 13
      vertex -86.5456 -36.5456 16
      vertex -86.2838 -36.7828 16
    endloop
  endfacet
  facet normal 0.671432 0.741066 0
    outer loop
      vertex -86.5456 -36.5456 16
      vertex -86.2838 -36.7828 13
      vertex -86.5456 -36.5456 13
    endloop
  endfacet
  facet normal 0.857743 0.514079 -1.7284e-18
    outer loop
      vertex -86.9933 -36 16
      vertex -87.1749 -35.697 13
      vertex -87.1749 -35.697 16
    endloop
  endfacet
  facet normal 0.857743 0.514079 -1.7284e-18
    outer loop
      vertex -87.1749 -35.697 13
      vertex -86.9933 -36 16
      vertex -86.9933 -36 13
    endloop
  endfacet
  facet normal 0.903899 -0.427746 2.97512e-19
    outer loop
      vertex -87.326 35.3777 16
      vertex -87.1749 35.697 13
      vertex -87.1749 35.697 16
    endloop
  endfacet
  facet normal 0.903899 -0.427746 2.97512e-19
    outer loop
      vertex -87.1749 35.697 13
      vertex -87.326 35.3777 16
      vertex -87.326 35.3777 13
    endloop
  endfacet
  facet normal -0.336785 -0.941582 0
    outer loop
      vertex 85.045 37.445 13
      vertex 85.3777 37.326 16
      vertex 85.045 37.445 16
    endloop
  endfacet
  facet normal -0.336785 -0.941582 -0
    outer loop
      vertex 85.3777 37.326 16
      vertex 85.045 37.445 13
      vertex 85.3777 37.326 13
    endloop
  endfacet
  facet normal -0.146928 0.989147 0
    outer loop
      vertex 84.7023 -37.5308 13
      vertex 84.3529 -37.5827 16
      vertex 84.7023 -37.5308 16
    endloop
  endfacet
  facet normal -0.146928 0.989147 0
    outer loop
      vertex 84.3529 -37.5827 16
      vertex 84.7023 -37.5308 13
      vertex 84.3529 -37.5827 13
    endloop
  endfacet
  facet normal -0.514079 0.857743 0
    outer loop
      vertex 86 -36.9933 13
      vertex 85.697 -37.1749 16
      vertex 86 -36.9933 16
    endloop
  endfacet
  facet normal -0.514079 0.857743 0
    outer loop
      vertex 85.697 -37.1749 16
      vertex 86 -36.9933 13
      vertex 85.697 -37.1749 13
    endloop
  endfacet
  facet normal -0.998801 0.0489636 1.7375e-19
    outer loop
      vertex 87.5827 -34.3529 13
      vertex 87.6 -34 16
      vertex 87.6 -34 13
    endloop
  endfacet
  facet normal -0.998801 0.0489636 1.7375e-19
    outer loop
      vertex 87.6 -34 16
      vertex 87.5827 -34.3529 13
      vertex 87.5827 -34.3529 16
    endloop
  endfacet
  facet normal -0.989147 0.146928 -3.70785e-19
    outer loop
      vertex 87.5308 -34.7023 13
      vertex 87.5827 -34.3529 16
      vertex 87.5827 -34.3529 13
    endloop
  endfacet
  facet normal -0.989147 0.146928 -3.70785e-19
    outer loop
      vertex 87.5827 -34.3529 16
      vertex 87.5308 -34.7023 13
      vertex 87.5308 -34.7023 16
    endloop
  endfacet
  facet normal -0.970059 -0.242869 -1.06774e-19
    outer loop
      vertex 87.5308 34.7023 13
      vertex 87.445 35.045 16
      vertex 87.445 35.045 13
    endloop
  endfacet
  facet normal -0.970059 -0.242869 -1.06774e-19
    outer loop
      vertex 87.445 35.045 16
      vertex 87.5308 34.7023 13
      vertex 87.5308 34.7023 16
    endloop
  endfacet
  facet normal -0.427746 -0.903899 0
    outer loop
      vertex 85.3777 37.326 13
      vertex 85.697 37.1749 16
      vertex 85.3777 37.326 16
    endloop
  endfacet
  facet normal -0.427746 -0.903899 -0
    outer loop
      vertex 85.697 37.1749 16
      vertex 85.3777 37.326 13
      vertex 85.697 37.1749 13
    endloop
  endfacet
  facet normal -0.803181 -0.595735 1.87274e-18
    outer loop
      vertex 86.9933 36 13
      vertex 86.7828 36.2838 16
      vertex 86.7828 36.2838 13
    endloop
  endfacet
  facet normal -0.803181 -0.595735 1.87274e-18
    outer loop
      vertex 86.7828 36.2838 16
      vertex 86.9933 36 13
      vertex 86.9933 36 16
    endloop
  endfacet
  facet normal -0.741066 0.671432 2.80029e-18
    outer loop
      vertex 86.5456 -36.5456 13
      vertex 86.7828 -36.2838 16
      vertex 86.7828 -36.2838 13
    endloop
  endfacet
  facet normal -0.741066 0.671432 2.80029e-18
    outer loop
      vertex 86.7828 -36.2838 16
      vertex 86.5456 -36.5456 13
      vertex 86.5456 -36.5456 16
    endloop
  endfacet
  facet normal 0.741066 -0.671432 2.80029e-18
    outer loop
      vertex -86.7828 36.2838 16
      vertex -86.5456 36.5456 13
      vertex -86.5456 36.5456 16
    endloop
  endfacet
  facet normal 0.741066 -0.671432 2.80029e-18
    outer loop
      vertex -86.5456 36.5456 13
      vertex -86.7828 36.2838 16
      vertex -86.7828 36.2838 13
    endloop
  endfacet
  facet normal -0.989182 -0.146696 1.5057e-19
    outer loop
      vertex -84.3808 -33.5951 0
      vertex -84.3952 -33.498 5.5
      vertex -84.3952 -33.498 0
    endloop
  endfacet
  facet normal -0.989182 -0.146696 1.5057e-19
    outer loop
      vertex -84.3952 -33.498 5.5
      vertex -84.3808 -33.5951 0
      vertex -84.3808 -33.5951 5.5
    endloop
  endfacet
  facet normal -0.9038 0.427955 -2.93724e-19
    outer loop
      vertex -84.3239 33.7827 0
      vertex -84.2819 33.8714 5.5
      vertex -84.2819 33.8714 0
    endloop
  endfacet
  facet normal -0.9038 0.427955 -2.93724e-19
    outer loop
      vertex -84.2819 33.8714 5.5
      vertex -84.3239 33.7827 0
      vertex -84.3239 33.7827 5.5
    endloop
  endfacet
  facet normal -0.998803 -0.0489209 -3.40576e-20
    outer loop
      vertex -84.3952 -33.498 0
      vertex -84.4 -33.4 5.5
      vertex -84.4 -33.4 0
    endloop
  endfacet
  facet normal -0.998803 -0.0489209 -3.40576e-20
    outer loop
      vertex -84.4 -33.4 5.5
      vertex -84.3952 -33.498 0
      vertex -84.3952 -33.498 5.5
    endloop
  endfacet
  facet normal 0.9038 -0.427955 -2.93724e-19
    outer loop
      vertex 84.2819 -33.8714 5.5
      vertex 84.3239 -33.7827 0
      vertex 84.3239 -33.7827 5.5
    endloop
  endfacet
  facet normal 0.9038 -0.427955 -2.93724e-19
    outer loop
      vertex 84.3239 -33.7827 0
      vertex 84.2819 -33.8714 5.5
      vertex 84.2819 -33.8714 0
    endloop
  endfacet
  facet normal -0.9038 -0.427955 2.93724e-19
    outer loop
      vertex -84.2819 -33.8714 0
      vertex -84.3239 -33.7827 5.5
      vertex -84.3239 -33.7827 0
    endloop
  endfacet
  facet normal -0.9038 -0.427955 2.93724e-19
    outer loop
      vertex -84.3239 -33.7827 5.5
      vertex -84.2819 -33.8714 0
      vertex -84.2819 -33.8714 5.5
    endloop
  endfacet
  facet normal 0.989182 0.146696 1.5057e-19
    outer loop
      vertex 84.3952 33.498 5.5
      vertex 84.3808 33.5951 0
      vertex 84.3808 33.5951 5.5
    endloop
  endfacet
  facet normal 0.989182 0.146696 1.5057e-19
    outer loop
      vertex 84.3808 33.5951 0
      vertex 84.3952 33.498 5.5
      vertex 84.3952 33.498 0
    endloop
  endfacet
  facet normal 0.998803 0.0489209 -3.40576e-20
    outer loop
      vertex 84.4 33.4 5.5
      vertex 84.3952 33.498 0
      vertex 84.3952 33.498 5.5
    endloop
  endfacet
  facet normal 0.998803 0.0489209 -3.40576e-20
    outer loop
      vertex 84.3952 33.498 0
      vertex 84.4 33.4 5.5
      vertex 84.4 33.4 0
    endloop
  endfacet
  facet normal 0.0489209 0.998803 -0
    outer loop
      vertex 83.498 34.3952 0
      vertex 83.4 34.4 5.5
      vertex 83.498 34.3952 5.5
    endloop
  endfacet
  facet normal 0.0489209 0.998803 0
    outer loop
      vertex 83.4 34.4 5.5
      vertex 83.498 34.3952 0
      vertex 83.4 34.4 0
    endloop
  endfacet
  facet normal -0.858032 0.513596 -3.45703e-20
    outer loop
      vertex -84.2819 33.8714 0
      vertex -84.2315 33.9556 5.5
      vertex -84.2315 33.9556 0
    endloop
  endfacet
  facet normal -0.858032 0.513596 -3.45703e-20
    outer loop
      vertex -84.2315 33.9556 5.5
      vertex -84.2819 33.8714 0
      vertex -84.2819 33.8714 5.5
    endloop
  endfacet
  facet normal -0.0489209 0.998803 0
    outer loop
      vertex -83.4 34.4 0
      vertex -83.498 34.3952 5.5
      vertex -83.4 34.4 5.5
    endloop
  endfacet
  facet normal -0.0489209 0.998803 0
    outer loop
      vertex -83.498 34.3952 5.5
      vertex -83.4 34.4 0
      vertex -83.498 34.3952 0
    endloop
  endfacet
  facet normal 0 1 -0
    outer loop
      vertex 83.4 34.4 0
      vertex -83.4 34.4 5.5
      vertex 83.4 34.4 5.5
    endloop
  endfacet
  facet normal 0 1 0
    outer loop
      vertex -83.4 34.4 5.5
      vertex 83.4 34.4 0
      vertex -83.4 34.4 0
    endloop
  endfacet
  facet normal -1 0 0
    outer loop
      vertex -84.4 -33.4 0
      vertex -84.4 33.4 5.5
      vertex -84.4 33.4 0
    endloop
  endfacet
  facet normal -1 -0 0
    outer loop
      vertex -84.4 33.4 5.5
      vertex -84.4 -33.4 0
      vertex -84.4 -33.4 5.5
    endloop
  endfacet
  facet normal -0.146696 -0.989182 0
    outer loop
      vertex -83.5951 -34.3808 0
      vertex -83.498 -34.3952 5.5
      vertex -83.5951 -34.3808 5.5
    endloop
  endfacet
  facet normal -0.146696 -0.989182 -0
    outer loop
      vertex -83.498 -34.3952 5.5
      vertex -83.5951 -34.3808 0
      vertex -83.498 -34.3952 0
    endloop
  endfacet
  facet normal -0.941742 -0.336336 4.24636e-20
    outer loop
      vertex -84.3239 -33.7827 0
      vertex -84.3569 -33.6903 5.5
      vertex -84.3569 -33.6903 0
    endloop
  endfacet
  facet normal -0.941742 -0.336336 4.24636e-20
    outer loop
      vertex -84.3569 -33.6903 5.5
      vertex -84.3239 -33.7827 0
      vertex -84.3239 -33.7827 5.5
    endloop
  endfacet
  facet normal -0.59608 0.802925 0
    outer loop
      vertex -83.9556 34.2315 0
      vertex -84.0344 34.173 5.5
      vertex -83.9556 34.2315 5.5
    endloop
  endfacet
  facet normal -0.59608 0.802925 0
    outer loop
      vertex -84.0344 34.173 5.5
      vertex -83.9556 34.2315 0
      vertex -84.0344 34.173 0
    endloop
  endfacet
  facet normal 0 -1 0
    outer loop
      vertex -83.4 -34.4 0
      vertex 83.4 -34.4 5.5
      vertex -83.4 -34.4 5.5
    endloop
  endfacet
  facet normal 0 -1 -0
    outer loop
      vertex 83.4 -34.4 5.5
      vertex -83.4 -34.4 0
      vertex 83.4 -34.4 0
    endloop
  endfacet
  facet normal 0.941742 -0.336336 -4.24636e-20
    outer loop
      vertex 84.3239 -33.7827 5.5
      vertex 84.3569 -33.6903 0
      vertex 84.3569 -33.6903 5.5
    endloop
  endfacet
  facet normal 0.941742 -0.336336 -4.24636e-20
    outer loop
      vertex 84.3569 -33.6903 0
      vertex 84.3239 -33.7827 5.5
      vertex 84.3239 -33.7827 0
    endloop
  endfacet
  facet normal 0.0489209 -0.998803 0
    outer loop
      vertex 83.4 -34.4 0
      vertex 83.498 -34.3952 5.5
      vertex 83.4 -34.4 5.5
    endloop
  endfacet
  facet normal 0.0489209 -0.998803 0
    outer loop
      vertex 83.498 -34.3952 5.5
      vertex 83.4 -34.4 0
      vertex 83.498 -34.3952 0
    endloop
  endfacet
  facet normal 0.243494 0.969902 -0
    outer loop
      vertex 83.6903 34.3569 0
      vertex 83.5951 34.3808 5.5
      vertex 83.6903 34.3569 5.5
    endloop
  endfacet
  facet normal 0.243494 0.969902 0
    outer loop
      vertex 83.5951 34.3808 5.5
      vertex 83.6903 34.3569 0
      vertex 83.5951 34.3808 0
    endloop
  endfacet
  facet normal 1 -0 0
    outer loop
      vertex 84.4 -33.4 5.5
      vertex 84.4 33.4 0
      vertex 84.4 33.4 5.5
    endloop
  endfacet
  facet normal 1 0 0
    outer loop
      vertex 84.4 33.4 0
      vertex 84.4 -33.4 5.5
      vertex 84.4 -33.4 0
    endloop
  endfacet
  facet normal -0.243494 0.969902 0
    outer loop
      vertex -83.5951 34.3808 0
      vertex -83.6903 34.3569 5.5
      vertex -83.5951 34.3808 5.5
    endloop
  endfacet
  facet normal -0.243494 0.969902 0
    outer loop
      vertex -83.6903 34.3569 5.5
      vertex -83.5951 34.3808 0
      vertex -83.6903 34.3569 0
    endloop
  endfacet
  facet normal 0.989182 -0.146696 -1.5057e-19
    outer loop
      vertex 84.3808 -33.5951 5.5
      vertex 84.3952 -33.498 0
      vertex 84.3952 -33.498 5.5
    endloop
  endfacet
  facet normal 0.989182 -0.146696 -1.5057e-19
    outer loop
      vertex 84.3952 -33.498 0
      vertex 84.3808 -33.5951 5.5
      vertex 84.3808 -33.5951 0
    endloop
  endfacet
  facet normal -0.941742 0.336336 -4.24636e-20
    outer loop
      vertex -84.3569 33.6903 0
      vertex -84.3239 33.7827 5.5
      vertex -84.3239 33.7827 0
    endloop
  endfacet
  facet normal -0.941742 0.336336 -4.24636e-20
    outer loop
      vertex -84.3239 33.7827 5.5
      vertex -84.3569 33.6903 0
      vertex -84.3569 33.6903 5.5
    endloop
  endfacet
  facet normal 0.740908 0.671607 -8.69045e-20
    outer loop
      vertex 84.173 34.0344 5.5
      vertex 84.1071 34.1071 0
      vertex 84.1071 34.1071 5.5
    endloop
  endfacet
  facet normal 0.740908 0.671607 -8.69045e-20
    outer loop
      vertex 84.1071 34.1071 0
      vertex 84.173 34.0344 5.5
      vertex 84.173 34.0344 0
    endloop
  endfacet
  facet normal -0.336336 0.941742 0
    outer loop
      vertex -83.6903 34.3569 0
      vertex -83.7827 34.3239 5.5
      vertex -83.6903 34.3569 5.5
    endloop
  endfacet
  facet normal -0.336336 0.941742 0
    outer loop
      vertex -83.7827 34.3239 5.5
      vertex -83.6903 34.3569 0
      vertex -83.7827 34.3239 0
    endloop
  endfacet
  facet normal -0.336336 -0.941742 0
    outer loop
      vertex -83.7827 -34.3239 0
      vertex -83.6903 -34.3569 5.5
      vertex -83.7827 -34.3239 5.5
    endloop
  endfacet
  facet normal -0.336336 -0.941742 -0
    outer loop
      vertex -83.6903 -34.3569 5.5
      vertex -83.7827 -34.3239 0
      vertex -83.6903 -34.3569 0
    endloop
  endfacet
  facet normal -0.969902 -0.243494 -1.33108e-19
    outer loop
      vertex -84.3569 -33.6903 0
      vertex -84.3808 -33.5951 5.5
      vertex -84.3808 -33.5951 0
    endloop
  endfacet
  facet normal -0.969902 -0.243494 -1.33108e-19
    outer loop
      vertex -84.3808 -33.5951 5.5
      vertex -84.3569 -33.6903 0
      vertex -84.3569 -33.6903 5.5
    endloop
  endfacet
  facet normal -0.671607 -0.740908 0
    outer loop
      vertex -84.1071 -34.1071 0
      vertex -84.0344 -34.173 5.5
      vertex -84.1071 -34.1071 5.5
    endloop
  endfacet
  facet normal -0.671607 -0.740908 -0
    outer loop
      vertex -84.0344 -34.173 5.5
      vertex -84.1071 -34.1071 0
      vertex -84.0344 -34.173 0
    endloop
  endfacet
  facet normal -0.969902 0.243494 1.33108e-19
    outer loop
      vertex -84.3808 33.5951 0
      vertex -84.3569 33.6903 5.5
      vertex -84.3569 33.6903 0
    endloop
  endfacet
  facet normal -0.969902 0.243494 1.33108e-19
    outer loop
      vertex -84.3569 33.6903 5.5
      vertex -84.3808 33.5951 0
      vertex -84.3808 33.5951 5.5
    endloop
  endfacet
  facet normal 0.336336 -0.941742 0
    outer loop
      vertex 83.6903 -34.3569 0
      vertex 83.7827 -34.3239 5.5
      vertex 83.6903 -34.3569 5.5
    endloop
  endfacet
  facet normal 0.336336 -0.941742 0
    outer loop
      vertex 83.7827 -34.3239 5.5
      vertex 83.6903 -34.3569 0
      vertex 83.7827 -34.3239 0
    endloop
  endfacet
  facet normal 0.146696 -0.989182 0
    outer loop
      vertex 83.498 -34.3952 0
      vertex 83.5951 -34.3808 5.5
      vertex 83.498 -34.3952 5.5
    endloop
  endfacet
  facet normal 0.146696 -0.989182 0
    outer loop
      vertex 83.5951 -34.3808 5.5
      vertex 83.498 -34.3952 0
      vertex 83.5951 -34.3808 0
    endloop
  endfacet
  facet normal 0.243494 -0.969902 0
    outer loop
      vertex 83.5951 -34.3808 0
      vertex 83.6903 -34.3569 5.5
      vertex 83.5951 -34.3808 5.5
    endloop
  endfacet
  facet normal 0.243494 -0.969902 0
    outer loop
      vertex 83.6903 -34.3569 5.5
      vertex 83.5951 -34.3808 0
      vertex 83.6903 -34.3569 0
    endloop
  endfacet
  facet normal -0.740908 0.671607 8.69045e-20
    outer loop
      vertex -84.173 34.0344 0
      vertex -84.1071 34.1071 5.5
      vertex -84.1071 34.1071 0
    endloop
  endfacet
  facet normal -0.740908 0.671607 8.69045e-20
    outer loop
      vertex -84.1071 34.1071 5.5
      vertex -84.173 34.0344 0
      vertex -84.173 34.0344 5.5
    endloop
  endfacet
  facet normal -0.740908 -0.671607 -8.69045e-20
    outer loop
      vertex -84.1071 -34.1071 0
      vertex -84.173 -34.0344 5.5
      vertex -84.173 -34.0344 0
    endloop
  endfacet
  facet normal -0.740908 -0.671607 -8.69045e-20
    outer loop
      vertex -84.173 -34.0344 5.5
      vertex -84.1071 -34.1071 0
      vertex -84.1071 -34.1071 5.5
    endloop
  endfacet
  facet normal 0.513596 -0.858032 0
    outer loop
      vertex 83.8714 -34.2819 0
      vertex 83.9556 -34.2315 5.5
      vertex 83.8714 -34.2819 5.5
    endloop
  endfacet
  facet normal 0.513596 -0.858032 0
    outer loop
      vertex 83.9556 -34.2315 5.5
      vertex 83.8714 -34.2819 0
      vertex 83.9556 -34.2315 0
    endloop
  endfacet
  facet normal 0.427955 -0.9038 0
    outer loop
      vertex 83.7827 -34.3239 0
      vertex 83.8714 -34.2819 5.5
      vertex 83.7827 -34.3239 5.5
    endloop
  endfacet
  facet normal 0.427955 -0.9038 0
    outer loop
      vertex 83.8714 -34.2819 5.5
      vertex 83.7827 -34.3239 0
      vertex 83.8714 -34.2819 0
    endloop
  endfacet
  facet normal 0.336336 0.941742 -0
    outer loop
      vertex 83.7827 34.3239 0
      vertex 83.6903 34.3569 5.5
      vertex 83.7827 34.3239 5.5
    endloop
  endfacet
  facet normal 0.336336 0.941742 0
    outer loop
      vertex 83.6903 34.3569 5.5
      vertex 83.7827 34.3239 0
      vertex 83.6903 34.3569 0
    endloop
  endfacet
  facet normal -0.427955 0.9038 0
    outer loop
      vertex -83.7827 34.3239 0
      vertex -83.8714 34.2819 5.5
      vertex -83.7827 34.3239 5.5
    endloop
  endfacet
  facet normal -0.427955 0.9038 0
    outer loop
      vertex -83.8714 34.2819 5.5
      vertex -83.7827 34.3239 0
      vertex -83.8714 34.2819 0
    endloop
  endfacet
  facet normal -0.146696 0.989182 0
    outer loop
      vertex -83.498 34.3952 0
      vertex -83.5951 34.3808 5.5
      vertex -83.498 34.3952 5.5
    endloop
  endfacet
  facet normal -0.146696 0.989182 0
    outer loop
      vertex -83.5951 34.3808 5.5
      vertex -83.498 34.3952 0
      vertex -83.5951 34.3808 0
    endloop
  endfacet
  facet normal 0.969902 0.243494 -1.33108e-19
    outer loop
      vertex 84.3808 33.5951 5.5
      vertex 84.3569 33.6903 0
      vertex 84.3569 33.6903 5.5
    endloop
  endfacet
  facet normal 0.969902 0.243494 -1.33108e-19
    outer loop
      vertex 84.3569 33.6903 0
      vertex 84.3808 33.5951 5.5
      vertex 84.3808 33.5951 0
    endloop
  endfacet
  facet normal -0.59608 -0.802925 0
    outer loop
      vertex -84.0344 -34.173 0
      vertex -83.9556 -34.2315 5.5
      vertex -84.0344 -34.173 5.5
    endloop
  endfacet
  facet normal -0.59608 -0.802925 -0
    outer loop
      vertex -83.9556 -34.2315 5.5
      vertex -84.0344 -34.173 0
      vertex -83.9556 -34.2315 0
    endloop
  endfacet
  facet normal -0.243494 -0.969902 0
    outer loop
      vertex -83.6903 -34.3569 0
      vertex -83.5951 -34.3808 5.5
      vertex -83.6903 -34.3569 5.5
    endloop
  endfacet
  facet normal -0.243494 -0.969902 -0
    outer loop
      vertex -83.5951 -34.3808 5.5
      vertex -83.6903 -34.3569 0
      vertex -83.5951 -34.3808 0
    endloop
  endfacet
  facet normal -0.998803 0.0489209 3.40576e-20
    outer loop
      vertex -84.4 33.4 0
      vertex -84.3952 33.498 5.5
      vertex -84.3952 33.498 0
    endloop
  endfacet
  facet normal -0.998803 0.0489209 3.40576e-20
    outer loop
      vertex -84.3952 33.498 5.5
      vertex -84.4 33.4 0
      vertex -84.4 33.4 5.5
    endloop
  endfacet
  facet normal -0.989182 0.146696 -1.5057e-19
    outer loop
      vertex -84.3952 33.498 0
      vertex -84.3808 33.5951 5.5
      vertex -84.3808 33.5951 0
    endloop
  endfacet
  facet normal -0.989182 0.146696 -1.5057e-19
    outer loop
      vertex -84.3808 33.5951 5.5
      vertex -84.3952 33.498 0
      vertex -84.3952 33.498 5.5
    endloop
  endfacet
  facet normal -0.0489209 -0.998803 0
    outer loop
      vertex -83.498 -34.3952 0
      vertex -83.4 -34.4 5.5
      vertex -83.498 -34.3952 5.5
    endloop
  endfacet
  facet normal -0.0489209 -0.998803 -0
    outer loop
      vertex -83.4 -34.4 5.5
      vertex -83.498 -34.3952 0
      vertex -83.4 -34.4 0
    endloop
  endfacet
  facet normal -0.513596 -0.858032 0
    outer loop
      vertex -83.9556 -34.2315 0
      vertex -83.8714 -34.2819 5.5
      vertex -83.9556 -34.2315 5.5
    endloop
  endfacet
  facet normal -0.513596 -0.858032 -0
    outer loop
      vertex -83.8714 -34.2819 5.5
      vertex -83.9556 -34.2315 0
      vertex -83.8714 -34.2819 0
    endloop
  endfacet
  facet normal 0.671607 0.740908 -0
    outer loop
      vertex 84.1071 34.1071 0
      vertex 84.0344 34.173 5.5
      vertex 84.1071 34.1071 5.5
    endloop
  endfacet
  facet normal 0.671607 0.740908 0
    outer loop
      vertex 84.0344 34.173 5.5
      vertex 84.1071 34.1071 0
      vertex 84.0344 34.173 0
    endloop
  endfacet
  facet normal 0.802925 0.59608 5.21219e-19
    outer loop
      vertex 84.2315 33.9556 5.5
      vertex 84.173 34.0344 0
      vertex 84.173 34.0344 5.5
    endloop
  endfacet
  facet normal 0.802925 0.59608 5.21219e-19
    outer loop
      vertex 84.173 34.0344 0
      vertex 84.2315 33.9556 5.5
      vertex 84.2315 33.9556 0
    endloop
  endfacet
  facet normal 0.146696 0.989182 -0
    outer loop
      vertex 83.5951 34.3808 0
      vertex 83.498 34.3952 5.5
      vertex 83.5951 34.3808 5.5
    endloop
  endfacet
  facet normal 0.146696 0.989182 0
    outer loop
      vertex 83.498 34.3952 5.5
      vertex 83.5951 34.3808 0
      vertex 83.498 34.3952 0
    endloop
  endfacet
  facet normal -0.802925 -0.59608 5.21219e-19
    outer loop
      vertex -84.173 -34.0344 0
      vertex -84.2315 -33.9556 5.5
      vertex -84.2315 -33.9556 0
    endloop
  endfacet
  facet normal -0.802925 -0.59608 5.21219e-19
    outer loop
      vertex -84.2315 -33.9556 5.5
      vertex -84.173 -34.0344 0
      vertex -84.173 -34.0344 5.5
    endloop
  endfacet
  facet normal 0.858032 -0.513596 -3.45703e-20
    outer loop
      vertex 84.2315 -33.9556 5.5
      vertex 84.2819 -33.8714 0
      vertex 84.2819 -33.8714 5.5
    endloop
  endfacet
  facet normal 0.858032 -0.513596 -3.45703e-20
    outer loop
      vertex 84.2819 -33.8714 0
      vertex 84.2315 -33.9556 5.5
      vertex 84.2315 -33.9556 0
    endloop
  endfacet
  facet normal 0.969902 -0.243494 1.33108e-19
    outer loop
      vertex 84.3569 -33.6903 5.5
      vertex 84.3808 -33.5951 0
      vertex 84.3808 -33.5951 5.5
    endloop
  endfacet
  facet normal 0.969902 -0.243494 1.33108e-19
    outer loop
      vertex 84.3808 -33.5951 0
      vertex 84.3569 -33.6903 5.5
      vertex 84.3569 -33.6903 0
    endloop
  endfacet
  facet normal 0.802925 -0.59608 -5.21219e-19
    outer loop
      vertex 84.173 -34.0344 5.5
      vertex 84.2315 -33.9556 0
      vertex 84.2315 -33.9556 5.5
    endloop
  endfacet
  facet normal 0.802925 -0.59608 -5.21219e-19
    outer loop
      vertex 84.2315 -33.9556 0
      vertex 84.173 -34.0344 5.5
      vertex 84.173 -34.0344 0
    endloop
  endfacet
  facet normal -0.671607 0.740908 0
    outer loop
      vertex -84.0344 34.173 0
      vertex -84.1071 34.1071 5.5
      vertex -84.0344 34.173 5.5
    endloop
  endfacet
  facet normal -0.671607 0.740908 0
    outer loop
      vertex -84.1071 34.1071 5.5
      vertex -84.0344 34.173 0
      vertex -84.1071 34.1071 0
    endloop
  endfacet
  facet normal 0.59608 -0.802925 0
    outer loop
      vertex 83.9556 -34.2315 0
      vertex 84.0344 -34.173 5.5
      vertex 83.9556 -34.2315 5.5
    endloop
  endfacet
  facet normal 0.59608 -0.802925 0
    outer loop
      vertex 84.0344 -34.173 5.5
      vertex 83.9556 -34.2315 0
      vertex 84.0344 -34.173 0
    endloop
  endfacet
  facet normal 0.858032 0.513596 3.45703e-20
    outer loop
      vertex 84.2819 33.8714 5.5
      vertex 84.2315 33.9556 0
      vertex 84.2315 33.9556 5.5
    endloop
  endfacet
  facet normal 0.858032 0.513596 3.45703e-20
    outer loop
      vertex 84.2315 33.9556 0
      vertex 84.2819 33.8714 5.5
      vertex 84.2819 33.8714 0
    endloop
  endfacet
  facet normal 0.998803 -0.0489209 3.40576e-20
    outer loop
      vertex 84.3952 -33.498 5.5
      vertex 84.4 -33.4 0
      vertex 84.4 -33.4 5.5
    endloop
  endfacet
  facet normal 0.998803 -0.0489209 3.40576e-20
    outer loop
      vertex 84.4 -33.4 0
      vertex 84.3952 -33.498 5.5
      vertex 84.3952 -33.498 0
    endloop
  endfacet
  facet normal 0.740908 -0.671607 8.69045e-20
    outer loop
      vertex 84.1071 -34.1071 5.5
      vertex 84.173 -34.0344 0
      vertex 84.173 -34.0344 5.5
    endloop
  endfacet
  facet normal 0.740908 -0.671607 8.69045e-20
    outer loop
      vertex 84.173 -34.0344 0
      vertex 84.1071 -34.1071 5.5
      vertex 84.1071 -34.1071 0
    endloop
  endfacet
  facet normal -0.513596 0.858032 0
    outer loop
      vertex -83.8714 34.2819 0
      vertex -83.9556 34.2315 5.5
      vertex -83.8714 34.2819 5.5
    endloop
  endfacet
  facet normal -0.513596 0.858032 0
    outer loop
      vertex -83.9556 34.2315 5.5
      vertex -83.8714 34.2819 0
      vertex -83.9556 34.2315 0
    endloop
  endfacet
  facet normal 0.513596 0.858032 -0
    outer loop
      vertex 83.9556 34.2315 0
      vertex 83.8714 34.2819 5.5
      vertex 83.9556 34.2315 5.5
    endloop
  endfacet
  facet normal 0.513596 0.858032 0
    outer loop
      vertex 83.8714 34.2819 5.5
      vertex 83.9556 34.2315 0
      vertex 83.8714 34.2819 0
    endloop
  endfacet
  facet normal 0.671607 -0.740908 0
    outer loop
      vertex 84.0344 -34.173 0
      vertex 84.1071 -34.1071 5.5
      vertex 84.0344 -34.173 5.5
    endloop
  endfacet
  facet normal 0.671607 -0.740908 0
    outer loop
      vertex 84.1071 -34.1071 5.5
      vertex 84.0344 -34.173 0
      vertex 84.1071 -34.1071 0
    endloop
  endfacet
  facet normal 0.9038 0.427955 2.93724e-19
    outer loop
      vertex 84.3239 33.7827 5.5
      vertex 84.2819 33.8714 0
      vertex 84.2819 33.8714 5.5
    endloop
  endfacet
  facet normal 0.9038 0.427955 2.93724e-19
    outer loop
      vertex 84.2819 33.8714 0
      vertex 84.3239 33.7827 5.5
      vertex 84.3239 33.7827 0
    endloop
  endfacet
  facet normal 0.941742 0.336336 4.24636e-20
    outer loop
      vertex 84.3569 33.6903 5.5
      vertex 84.3239 33.7827 0
      vertex 84.3239 33.7827 5.5
    endloop
  endfacet
  facet normal 0.941742 0.336336 4.24636e-20
    outer loop
      vertex 84.3239 33.7827 0
      vertex 84.3569 33.6903 5.5
      vertex 84.3569 33.6903 0
    endloop
  endfacet
  facet normal -0.858032 -0.513596 3.45703e-20
    outer loop
      vertex -84.2315 -33.9556 0
      vertex -84.2819 -33.8714 5.5
      vertex -84.2819 -33.8714 0
    endloop
  endfacet
  facet normal -0.858032 -0.513596 3.45703e-20
    outer loop
      vertex -84.2819 -33.8714 5.5
      vertex -84.2315 -33.9556 0
      vertex -84.2315 -33.9556 5.5
    endloop
  endfacet
  facet normal -0.427955 -0.9038 0
    outer loop
      vertex -83.8714 -34.2819 0
      vertex -83.7827 -34.3239 5.5
      vertex -83.8714 -34.2819 5.5
    endloop
  endfacet
  facet normal -0.427955 -0.9038 -0
    outer loop
      vertex -83.7827 -34.3239 5.5
      vertex -83.8714 -34.2819 0
      vertex -83.7827 -34.3239 0
    endloop
  endfacet
  facet normal -0.802925 0.59608 -5.21219e-19
    outer loop
      vertex -84.2315 33.9556 0
      vertex -84.173 34.0344 5.5
      vertex -84.173 34.0344 0
    endloop
  endfacet
  facet normal -0.802925 0.59608 -5.21219e-19
    outer loop
      vertex -84.173 34.0344 5.5
      vertex -84.2315 33.9556 0
      vertex -84.2315 33.9556 5.5
    endloop
  endfacet
  facet normal 0.427955 0.9038 -0
    outer loop
      vertex 83.8714 34.2819 0
      vertex 83.7827 34.3239 5.5
      vertex 83.8714 34.2819 5.5
    endloop
  endfacet
  facet normal 0.427955 0.9038 0
    outer loop
      vertex 83.7827 34.3239 5.5
      vertex 83.8714 34.2819 0
      vertex 83.7827 34.3239 0
    endloop
  endfacet
  facet normal 0 0 -1
    outer loop
      vertex 83.4 -34.4 0
      vertex 84.4 -33.4 0
      vertex 84.3952 -33.498 0
    endloop
  endfacet
  facet normal 0 0 -1
    outer loop
      vertex 84.4 -33.4 0
      vertex 36.7 0 0
      vertex 84.4 33.4 0
    endloop
  endfacet
  facet normal 0 0 -1
    outer loop
      vertex 83.4 -34.4 0
      vertex 84.3952 -33.498 0
      vertex 84.3808 -33.5951 0
    endloop
  endfacet
  facet normal 0 0 -1
    outer loop
      vertex 36.6918 0.166629 0
      vertex 84.4 33.4 0
      vertex 36.7 0 0
    endloop
  endfacet
  facet normal 0 0 -1
    outer loop
      vertex 83.4 -34.4 0
      vertex 84.3808 -33.5951 0
      vertex 84.3569 -33.6903 0
    endloop
  endfacet
  facet normal 0 0 -1
    outer loop
      vertex 36.6673 0.331653 0
      vertex 84.4 33.4 0
      vertex 36.6918 0.166629 0
    endloop
  endfacet
  facet normal 0 0 -1
    outer loop
      vertex 83.4 -34.4 0
      vertex 84.3569 -33.6903 0
      vertex 84.3239 -33.7827 0
    endloop
  endfacet
  facet normal 0 0 -1
    outer loop
      vertex 36.6268 0.493484 0
      vertex 84.4 33.4 0
      vertex 36.6673 0.331653 0
    endloop
  endfacet
  facet normal 0 0 -1
    outer loop
      vertex 83.4 -34.4 0
      vertex 84.3239 -33.7827 0
      vertex 84.2819 -33.8714 0
    endloop
  endfacet
  facet normal 0 0 -1
    outer loop
      vertex 36.5706 0.650561 0
      vertex 84.4 33.4 0
      vertex 36.6268 0.493484 0
    endloop
  endfacet
  facet normal 0 0 -1
    outer loop
      vertex 83.4 -34.4 0
      vertex 84.2819 -33.8714 0
      vertex 84.2315 -33.9556 0
    endloop
  endfacet
  facet normal 0 -0 -1
    outer loop
      vertex 83.4 34.4 0
      vertex 84.4 33.4 0
      vertex 36.5706 0.650561 0
    endloop
  endfacet
  facet normal 0 0 -1
    outer loop
      vertex 83.4 -34.4 0
      vertex 84.2315 -33.9556 0
      vertex 84.173 -34.0344 0
    endloop
  endfacet
  facet normal 0 0 -1
    outer loop
      vertex 84.3952 33.498 0
      vertex 83.4 34.4 0
      vertex 84.3808 33.5951 0
    endloop
  endfacet
  facet normal 0 0 -1
    outer loop
      vertex 83.4 -34.4 0
      vertex 84.173 -34.0344 0
      vertex 84.1071 -34.1071 0
    endloop
  endfacet
  facet normal 0 0 -1
    outer loop
      vertex 84.3808 33.5951 0
      vertex 83.4 34.4 0
      vertex 84.3569 33.6903 0
    endloop
  endfacet
  facet normal 0 0 -1
    outer loop
      vertex 83.4 -34.4 0
      vertex 84.1071 -34.1071 0
      vertex 84.0344 -34.173 0
    endloop
  endfacet
  facet normal 0 0 -1
    outer loop
      vertex 84.3239 33.7827 0
      vertex 83.4 34.4 0
      vertex 84.2819 33.8714 0
    endloop
  endfacet
  facet normal 0 0 -1
    outer loop
      vertex 83.4 -34.4 0
      vertex 84.0344 -34.173 0
      vertex 83.9556 -34.2315 0
    endloop
  endfacet
  facet normal -0 0 -1
    outer loop
      vertex 84.4 -33.4 0
      vertex 83.4 -34.4 0
      vertex 36.5706 -0.650561 0
    endloop
  endfacet
  facet normal 0 0 -1
    outer loop
      vertex 83.4 -34.4 0
      vertex 83.9556 -34.2315 0
      vertex 83.8714 -34.2819 0
    endloop
  endfacet
  facet normal 0 0 -1
    outer loop
      vertex 84.2315 33.9556 0
      vertex 83.4 34.4 0
      vertex 84.173 34.0344 0
    endloop
  endfacet
  facet normal 0 0 -1
    outer loop
      vertex 83.4 -34.4 0
      vertex 83.8714 -34.2819 0
      vertex 83.7827 -34.3239 0
    endloop
  endfacet
  facet normal 0 0 -1
    outer loop
      vertex 84.0344 34.173 0
      vertex 83.4 34.4 0
      vertex 83.9556 34.2315 0
    endloop
  endfacet
  facet normal 0 0 -1
    outer loop
      vertex 83.4 -34.4 0
      vertex 83.7827 -34.3239 0
      vertex 83.6903 -34.3569 0
    endloop
  endfacet
  facet normal 0 0 -1
    outer loop
      vertex 83.9556 34.2315 0
      vertex 83.4 34.4 0
      vertex 83.8714 34.2819 0
    endloop
  endfacet
  facet normal 0 0 -1
    outer loop
      vertex 83.4 -34.4 0
      vertex 83.6903 -34.3569 0
      vertex 83.5951 -34.3808 0
    endloop
  endfacet
  facet normal 0 0 -1
    outer loop
      vertex 83.8714 34.2819 0
      vertex 83.4 34.4 0
      vertex 83.7827 34.3239 0
    endloop
  endfacet
  facet normal 0 0 -1
    outer loop
      vertex 83.4 -34.4 0
      vertex 83.5951 -34.3808 0
      vertex 83.498 -34.3952 0
    endloop
  endfacet
  facet normal 0 0 -1
    outer loop
      vertex 83.7827 34.3239 0
      vertex 83.4 34.4 0
      vertex 83.6903 34.3569 0
    endloop
  endfacet
  facet normal 0 0 -1
    outer loop
      vertex 83.6903 34.3569 0
      vertex 83.4 34.4 0
      vertex 83.5951 34.3808 0
    endloop
  endfacet
  facet normal 0 0 -1
    outer loop
      vertex 83.5951 34.3808 0
      vertex 83.4 34.4 0
      vertex 83.498 34.3952 0
    endloop
  endfacet
  facet normal 0 0 -1
    outer loop
      vertex 84.1071 34.1071 0
      vertex 83.4 34.4 0
      vertex 84.0344 34.173 0
    endloop
  endfacet
  facet normal 0 0 -1
    outer loop
      vertex 84.4 -33.4 0
      vertex 36.6918 -0.166629 0
      vertex 36.7 0 0
    endloop
  endfacet
  facet normal 0 0 -1
    outer loop
      vertex 84.4 -33.4 0
      vertex 36.6673 -0.331653 0
      vertex 36.6918 -0.166629 0
    endloop
  endfacet
  facet normal 0 0 -1
    outer loop
      vertex 84.4 -33.4 0
      vertex 36.6268 -0.493484 0
      vertex 36.6673 -0.331653 0
    endloop
  endfacet
  facet normal 0 0 -1
    outer loop
      vertex 84.4 -33.4 0
      vertex 36.5706 -0.650561 0
      vertex 36.6268 -0.493484 0
    endloop
  endfacet
  facet normal 0 0 -1
    outer loop
      vertex 83.4 -34.4 0
      vertex 36.4993 -0.801374 0
      vertex 36.5706 -0.650561 0
    endloop
  endfacet
  facet normal 0 0 -1
    outer loop
      vertex 83.4 -34.4 0
      vertex 36.4135 -0.944468 0
      vertex 36.4993 -0.801374 0
    endloop
  endfacet
  facet normal 0 0 -1
    outer loop
      vertex 83.4 -34.4 0
      vertex 36.3141 -1.07847 0
      vertex 36.4135 -0.944468 0
    endloop
  endfacet
  facet normal 0 0 -1
    outer loop
      vertex 83.4 -34.4 0
      vertex 36.2021 -1.20208 0
      vertex 36.3141 -1.07847 0
    endloop
  endfacet
  facet normal 0 0 -1
    outer loop
      vertex 83.4 -34.4 0
      vertex 36.0785 -1.31412 0
      vertex 36.2021 -1.20208 0
    endloop
  endfacet
  facet normal 0 0 -1
    outer loop
      vertex 83.4 -34.4 0
      vertex 35.9445 -1.4135 0
      vertex 36.0785 -1.31412 0
    endloop
  endfacet
  facet normal 0 0 -1
    outer loop
      vertex 83.4 -34.4 0
      vertex 35.8014 -1.49927 0
      vertex 35.9445 -1.4135 0
    endloop
  endfacet
  facet normal 0 0 -1
    outer loop
      vertex 83.4 -34.4 0
      vertex 35.6506 -1.57059 0
      vertex 35.8014 -1.49927 0
    endloop
  endfacet
  facet normal 0 0 -1
    outer loop
      vertex 83.4 -34.4 0
      vertex 35.4935 -1.6268 0
      vertex 35.6506 -1.57059 0
    endloop
  endfacet
  facet normal 0 0 -1
    outer loop
      vertex 83.4 -34.4 0
      vertex 35.3317 -1.66733 0
      vertex 35.4935 -1.6268 0
    endloop
  endfacet
  facet normal 0 0 -1
    outer loop
      vertex 83.4 -34.4 0
      vertex 35.1666 -1.69181 0
      vertex 35.3317 -1.66733 0
    endloop
  endfacet
  facet normal 0 0 -1
    outer loop
      vertex 16 -8.35 0
      vertex 35.1666 -1.69181 0
      vertex 83.4 -34.4 0
    endloop
  endfacet
  facet normal 0 0 -1
    outer loop
      vertex 35.1666 -1.69181 0
      vertex 16 -8.35 0
      vertex 35 -1.7 0
    endloop
  endfacet
  facet normal -0 0 -1
    outer loop
      vertex 35 -1.7 0
      vertex 16 -8.35 0
      vertex 34.8334 -1.69181 0
    endloop
  endfacet
  facet normal -0 0 -1
    outer loop
      vertex 34.8334 -1.69181 0
      vertex 16 -8.35 0
      vertex 34.6683 -1.66733 0
    endloop
  endfacet
  facet normal -0 0 -1
    outer loop
      vertex 34.6683 -1.66733 0
      vertex 16 -8.35 0
      vertex 34.5065 -1.6268 0
    endloop
  endfacet
  facet normal -0 0 -1
    outer loop
      vertex 34.5065 -1.6268 0
      vertex 16 -8.35 0
      vertex 34.3494 -1.57059 0
    endloop
  endfacet
  facet normal -0 0 -1
    outer loop
      vertex 34.3494 -1.57059 0
      vertex 16 -8.35 0
      vertex 34.1986 -1.49927 0
    endloop
  endfacet
  facet normal 0 0 -1
    outer loop
      vertex 33.3082 -0.166629 0
      vertex 21.7 0 0
      vertex 33.3 0 0
    endloop
  endfacet
  facet normal 0 0 -1
    outer loop
      vertex 21.6918 -0.166629 0
      vertex 33.3082 -0.166629 0
      vertex 33.3327 -0.331653 0
    endloop
  endfacet
  facet normal 0 0 -1
    outer loop
      vertex 21.6673 -0.331653 0
      vertex 33.3327 -0.331653 0
      vertex 33.3732 -0.493484 0
    endloop
  endfacet
  facet normal 0 0 -1
    outer loop
      vertex 21.6268 -0.493484 0
      vertex 33.3732 -0.493484 0
      vertex 33.4294 -0.650561 0
    endloop
  endfacet
  facet normal 0 0 -1
    outer loop
      vertex 21.5706 -0.650561 0
      vertex 33.4294 -0.650561 0
      vertex 33.5007 -0.801374 0
    endloop
  endfacet
  facet normal 0 0 -1
    outer loop
      vertex 21.4993 -0.801374 0
      vertex 33.5007 -0.801374 0
      vertex 33.5865 -0.944468 0
    endloop
  endfacet
  facet normal 0 0 -1
    outer loop
      vertex 21.4135 -0.944468 0
      vertex 33.5865 -0.944468 0
      vertex 33.6859 -1.07847 0
    endloop
  endfacet
  facet normal 0 0 -1
    outer loop
      vertex 21.3141 -1.07847 0
      vertex 33.6859 -1.07847 0
      vertex 33.7979 -1.20208 0
    endloop
  endfacet
  facet normal 0 0 -1
    outer loop
      vertex 21.2021 -1.20208 0
      vertex 33.7979 -1.20208 0
      vertex 33.9215 -1.31412 0
    endloop
  endfacet
  facet normal 0 0 -1
    outer loop
      vertex 21.0785 -1.31412 0
      vertex 33.9215 -1.31412 0
      vertex 34.0555 -1.4135 0
    endloop
  endfacet
  facet normal -0 0 -1
    outer loop
      vertex 34.1986 -1.49927 0
      vertex 16 -8.35 0
      vertex 34.0555 -1.4135 0
    endloop
  endfacet
  facet normal 0 0 -1
    outer loop
      vertex 33.3082 -0.166629 0
      vertex 21.6918 -0.166629 0
      vertex 21.7 0 0
    endloop
  endfacet
  facet normal 0 0 -1
    outer loop
      vertex 33.3327 -0.331653 0
      vertex 21.6673 -0.331653 0
      vertex 21.6918 -0.166629 0
    endloop
  endfacet
  facet normal 0 0 -1
    outer loop
      vertex 33.3732 -0.493484 0
      vertex 21.6268 -0.493484 0
      vertex 21.6673 -0.331653 0
    endloop
  endfacet
  facet normal 0 0 -1
    outer loop
      vertex 33.4294 -0.650561 0
      vertex 21.5706 -0.650561 0
      vertex 21.6268 -0.493484 0
    endloop
  endfacet
  facet normal 0 0 -1
    outer loop
      vertex 33.5007 -0.801374 0
      vertex 21.4993 -0.801374 0
      vertex 21.5706 -0.650561 0
    endloop
  endfacet
  facet normal 0 0 -1
    outer loop
      vertex 33.5865 -0.944468 0
      vertex 21.4135 -0.944468 0
      vertex 21.4993 -0.801374 0
    endloop
  endfacet
  facet normal 0 0 -1
    outer loop
      vertex 33.6859 -1.07847 0
      vertex 21.3141 -1.07847 0
      vertex 21.4135 -0.944468 0
    endloop
  endfacet
  facet normal 0 0 -1
    outer loop
      vertex 33.7979 -1.20208 0
      vertex 21.2021 -1.20208 0
      vertex 21.3141 -1.07847 0
    endloop
  endfacet
  facet normal 0 -0 -1
    outer loop
      vertex 20.9445 -1.4135 0
      vertex 34.0555 -1.4135 0
      vertex 16 -8.35 0
    endloop
  endfacet
  facet normal 0 0 -1
    outer loop
      vertex 33.9215 -1.31412 0
      vertex 21.0785 -1.31412 0
      vertex 21.2021 -1.20208 0
    endloop
  endfacet
  facet normal 0 0 -1
    outer loop
      vertex 34.0555 -1.4135 0
      vertex 20.9445 -1.4135 0
      vertex 21.0785 -1.31412 0
    endloop
  endfacet
  facet normal 0 0 -1
    outer loop
      vertex 20.9445 -1.4135 0
      vertex 16 -8.35 0
      vertex 20.8014 -1.49927 0
    endloop
  endfacet
  facet normal 0 0 -1
    outer loop
      vertex 20.8014 -1.49927 0
      vertex 16 -8.35 0
      vertex 20.6506 -1.57059 0
    endloop
  endfacet
  facet normal 0 0 -1
    outer loop
      vertex 20.6506 -1.57059 0
      vertex 16 -8.35 0
      vertex 20.4935 -1.6268 0
    endloop
  endfacet
  facet normal 0 0 -1
    outer loop
      vertex 20.4935 -1.6268 0
      vertex 16 -8.35 0
      vertex 20.3317 -1.66733 0
    endloop
  endfacet
  facet normal 0 0 -1
    outer loop
      vertex 20.3317 -1.66733 0
      vertex 16 -8.35 0
      vertex 20.1666 -1.69181 0
    endloop
  endfacet
  facet normal 0 0 -1
    outer loop
      vertex 20.1666 -1.69181 0
      vertex 16 -8.35 0
      vertex 20 -1.7 0
    endloop
  endfacet
  facet normal -0 0 -1
    outer loop
      vertex 20 -1.7 0
      vertex 16 -8.35 0
      vertex 19.8334 -1.69181 0
    endloop
  endfacet
  facet normal -0 0 -1
    outer loop
      vertex 19.8334 -1.69181 0
      vertex 16 -8.35 0
      vertex 19.6683 -1.66733 0
    endloop
  endfacet
  facet normal -0 0 -1
    outer loop
      vertex 19.6683 -1.66733 0
      vertex 16 -8.35 0
      vertex 19.5065 -1.6268 0
    endloop
  endfacet
  facet normal -0 0 -1
    outer loop
      vertex 19.5065 -1.6268 0
      vertex 16 -8.35 0
      vertex 19.3494 -1.57059 0
    endloop
  endfacet
  facet normal -0 0 -1
    outer loop
      vertex 18.3082 -0.166629 0
      vertex 16 -8.35 0
      vertex 18.3 0 0
    endloop
  endfacet
  facet normal -0 0 -1
    outer loop
      vertex 18.3327 -0.331653 0
      vertex 16 -8.35 0
      vertex 18.3082 -0.166629 0
    endloop
  endfacet
  facet normal -0 0 -1
    outer loop
      vertex 18.3732 -0.493484 0
      vertex 16 -8.35 0
      vertex 18.3327 -0.331653 0
    endloop
  endfacet
  facet normal -0 0 -1
    outer loop
      vertex 18.4294 -0.650561 0
      vertex 16 -8.35 0
      vertex 18.3732 -0.493484 0
    endloop
  endfacet
  facet normal -0 0 -1
    outer loop
      vertex 18.5007 -0.801374 0
      vertex 16 -8.35 0
      vertex 18.4294 -0.650561 0
    endloop
  endfacet
  facet normal -0 0 -1
    outer loop
      vertex 18.5865 -0.944468 0
      vertex 16 -8.35 0
      vertex 18.5007 -0.801374 0
    endloop
  endfacet
  facet normal -0 0 -1
    outer loop
      vertex 18.6859 -1.07847 0
      vertex 16 -8.35 0
      vertex 18.5865 -0.944468 0
    endloop
  endfacet
  facet normal -0 0 -1
    outer loop
      vertex 18.7979 -1.20208 0
      vertex 16 -8.35 0
      vertex 18.6859 -1.07847 0
    endloop
  endfacet
  facet normal -0 0 -1
    outer loop
      vertex 18.9215 -1.31412 0
      vertex 16 -8.35 0
      vertex 18.7979 -1.20208 0
    endloop
  endfacet
  facet normal -0 0 -1
    outer loop
      vertex 19.0555 -1.4135 0
      vertex 16 -8.35 0
      vertex 18.9215 -1.31412 0
    endloop
  endfacet
  facet normal -0 0 -1
    outer loop
      vertex 19.1986 -1.49927 0
      vertex 16 -8.35 0
      vertex 19.0555 -1.4135 0
    endloop
  endfacet
  facet normal -0 0 -1
    outer loop
      vertex 19.3494 -1.57059 0
      vertex 16 -8.35 0
      vertex 19.1986 -1.49927 0
    endloop
  endfacet
  facet normal 0 0 -1
    outer loop
      vertex -83.4 -34.4 0
      vertex 16 -8.35 0
      vertex 83.4 -34.4 0
    endloop
  endfacet
  facet normal 0 0 -1
    outer loop
      vertex -84.4 -33.4 0
      vertex -44 -8.35 0
      vertex -83.4 -34.4 0
    endloop
  endfacet
  facet normal -0 0 -1
    outer loop
      vertex 16 -8.35 0
      vertex -83.4 -34.4 0
      vertex -44 -8.35 0
    endloop
  endfacet
  facet normal 0 0 -1
    outer loop
      vertex 84.173 34.0344 0
      vertex 83.4 34.4 0
      vertex 84.1071 34.1071 0
    endloop
  endfacet
  facet normal 0 0 -1
    outer loop
      vertex 84.2819 33.8714 0
      vertex 83.4 34.4 0
      vertex 84.2315 33.9556 0
    endloop
  endfacet
  facet normal 0 0 -1
    outer loop
      vertex 84.3569 33.6903 0
      vertex 83.4 34.4 0
      vertex 84.3239 33.7827 0
    endloop
  endfacet
  facet normal 0 0 -1
    outer loop
      vertex 84.4 33.4 0
      vertex 83.4 34.4 0
      vertex 84.3952 33.498 0
    endloop
  endfacet
  facet normal 0 0 -1
    outer loop
      vertex 36.4993 0.801374 0
      vertex 83.4 34.4 0
      vertex 36.5706 0.650561 0
    endloop
  endfacet
  facet normal 0 0 -1
    outer loop
      vertex 36.4135 0.944468 0
      vertex 83.4 34.4 0
      vertex 36.4993 0.801374 0
    endloop
  endfacet
  facet normal 0 0 -1
    outer loop
      vertex 36.3141 1.07847 0
      vertex 83.4 34.4 0
      vertex 36.4135 0.944468 0
    endloop
  endfacet
  facet normal 0 0 -1
    outer loop
      vertex 36.2021 1.20208 0
      vertex 83.4 34.4 0
      vertex 36.3141 1.07847 0
    endloop
  endfacet
  facet normal 0 0 -1
    outer loop
      vertex 36.0785 1.31412 0
      vertex 83.4 34.4 0
      vertex 36.2021 1.20208 0
    endloop
  endfacet
  facet normal 0 0 -1
    outer loop
      vertex 35.9445 1.4135 0
      vertex 83.4 34.4 0
      vertex 36.0785 1.31412 0
    endloop
  endfacet
  facet normal 0 0 -1
    outer loop
      vertex 35.8014 1.49927 0
      vertex 83.4 34.4 0
      vertex 35.9445 1.4135 0
    endloop
  endfacet
  facet normal 0 0 -1
    outer loop
      vertex 35.6506 1.57059 0
      vertex 83.4 34.4 0
      vertex 35.8014 1.49927 0
    endloop
  endfacet
  facet normal 0 0 -1
    outer loop
      vertex 35.4935 1.6268 0
      vertex 83.4 34.4 0
      vertex 35.6506 1.57059 0
    endloop
  endfacet
  facet normal 0 0 -1
    outer loop
      vertex 35.3317 1.66733 0
      vertex 83.4 34.4 0
      vertex 35.4935 1.6268 0
    endloop
  endfacet
  facet normal 0 0 -1
    outer loop
      vertex 35.1666 1.69181 0
      vertex 83.4 34.4 0
      vertex 35.3317 1.66733 0
    endloop
  endfacet
  facet normal 0 0 -1
    outer loop
      vertex 16 8.35 0
      vertex 35.1666 1.69181 0
      vertex 35 1.7 0
    endloop
  endfacet
  facet normal 0 0 -1
    outer loop
      vertex 16 8.35 0
      vertex 35 1.7 0
      vertex 34.8334 1.69181 0
    endloop
  endfacet
  facet normal 0 0 -1
    outer loop
      vertex 16 8.35 0
      vertex 34.8334 1.69181 0
      vertex 34.6683 1.66733 0
    endloop
  endfacet
  facet normal 0 0 -1
    outer loop
      vertex 16 8.35 0
      vertex 34.6683 1.66733 0
      vertex 34.5065 1.6268 0
    endloop
  endfacet
  facet normal 0 0 -1
    outer loop
      vertex 16 8.35 0
      vertex 34.5065 1.6268 0
      vertex 34.3494 1.57059 0
    endloop
  endfacet
  facet normal 0 0 -1
    outer loop
      vertex 16 8.35 0
      vertex 34.3494 1.57059 0
      vertex 34.1986 1.49927 0
    endloop
  endfacet
  facet normal 0 0 -1
    outer loop
      vertex 16 8.35 0
      vertex 34.1986 1.49927 0
      vertex 34.0555 1.4135 0
    endloop
  endfacet
  facet normal 0 0 -1
    outer loop
      vertex 21.7 0 0
      vertex 33.3082 0.166629 0
      vertex 33.3 0 0
    endloop
  endfacet
  facet normal 0 0 -1
    outer loop
      vertex 21.6918 0.166629 0
      vertex 33.3082 0.166629 0
      vertex 21.7 0 0
    endloop
  endfacet
  facet normal 0 0 -1
    outer loop
      vertex 33.3082 0.166629 0
      vertex 21.6918 0.166629 0
      vertex 33.3327 0.331653 0
    endloop
  endfacet
  facet normal 0 0 -1
    outer loop
      vertex 21.6673 0.331653 0
      vertex 33.3327 0.331653 0
      vertex 21.6918 0.166629 0
    endloop
  endfacet
  facet normal 0 0 -1
    outer loop
      vertex 33.3327 0.331653 0
      vertex 21.6673 0.331653 0
      vertex 33.3732 0.493484 0
    endloop
  endfacet
  facet normal 0 0 -1
    outer loop
      vertex 21.6268 0.493484 0
      vertex 33.3732 0.493484 0
      vertex 21.6673 0.331653 0
    endloop
  endfacet
  facet normal 0 0 -1
    outer loop
      vertex 33.3732 0.493484 0
      vertex 21.6268 0.493484 0
      vertex 33.4294 0.650561 0
    endloop
  endfacet
  facet normal 0 0 -1
    outer loop
      vertex 21.5706 0.650561 0
      vertex 33.4294 0.650561 0
      vertex 21.6268 0.493484 0
    endloop
  endfacet
  facet normal 0 0 -1
    outer loop
      vertex 33.4294 0.650561 0
      vertex 21.5706 0.650561 0
      vertex 33.5007 0.801374 0
    endloop
  endfacet
  facet normal 0 0 -1
    outer loop
      vertex 21.4993 0.801374 0
      vertex 33.5007 0.801374 0
      vertex 21.5706 0.650561 0
    endloop
  endfacet
  facet normal 0 0 -1
    outer loop
      vertex 33.5007 0.801374 0
      vertex 21.4993 0.801374 0
      vertex 33.5865 0.944468 0
    endloop
  endfacet
  facet normal 0 0 -1
    outer loop
      vertex 21.4135 0.944468 0
      vertex 33.5865 0.944468 0
      vertex 21.4993 0.801374 0
    endloop
  endfacet
  facet normal 0 0 -1
    outer loop
      vertex 33.5865 0.944468 0
      vertex 21.4135 0.944468 0
      vertex 33.6859 1.07847 0
    endloop
  endfacet
  facet normal 0 0 -1
    outer loop
      vertex 21.3141 1.07847 0
      vertex 33.6859 1.07847 0
      vertex 21.4135 0.944468 0
    endloop
  endfacet
  facet normal 0 0 -1
    outer loop
      vertex 33.6859 1.07847 0
      vertex 21.3141 1.07847 0
      vertex 33.7979 1.20208 0
    endloop
  endfacet
  facet normal 0 0 -1
    outer loop
      vertex 21.2021 1.20208 0
      vertex 33.7979 1.20208 0
      vertex 21.3141 1.07847 0
    endloop
  endfacet
  facet normal 0 0 -1
    outer loop
      vertex 33.7979 1.20208 0
      vertex 21.2021 1.20208 0
      vertex 33.9215 1.31412 0
    endloop
  endfacet
  facet normal 0 0 -1
    outer loop
      vertex 21.0785 1.31412 0
      vertex 33.9215 1.31412 0
      vertex 21.2021 1.20208 0
    endloop
  endfacet
  facet normal 0 0 -1
    outer loop
      vertex 33.9215 1.31412 0
      vertex 21.0785 1.31412 0
      vertex 34.0555 1.4135 0
    endloop
  endfacet
  facet normal 0 0 -1
    outer loop
      vertex 20.9445 1.4135 0
      vertex 34.0555 1.4135 0
      vertex 21.0785 1.31412 0
    endloop
  endfacet
  facet normal 0 0 -1
    outer loop
      vertex 34.0555 1.4135 0
      vertex 20.9445 1.4135 0
      vertex 16 8.35 0
    endloop
  endfacet
  facet normal 0 0 -1
    outer loop
      vertex 16 8.35 0
      vertex 20.9445 1.4135 0
      vertex 20.8014 1.49927 0
    endloop
  endfacet
  facet normal 0 0 -1
    outer loop
      vertex 16 8.35 0
      vertex 20.8014 1.49927 0
      vertex 20.6506 1.57059 0
    endloop
  endfacet
  facet normal 0 0 -1
    outer loop
      vertex 16 8.35 0
      vertex 20.6506 1.57059 0
      vertex 20.4935 1.6268 0
    endloop
  endfacet
  facet normal 0 0 -1
    outer loop
      vertex 16 8.35 0
      vertex 20.4935 1.6268 0
      vertex 20.3317 1.66733 0
    endloop
  endfacet
  facet normal 0 0 -1
    outer loop
      vertex 16 8.35 0
      vertex 20.3317 1.66733 0
      vertex 20.1666 1.69181 0
    endloop
  endfacet
  facet normal 0 0 -1
    outer loop
      vertex 16 8.35 0
      vertex 20.1666 1.69181 0
      vertex 20 1.7 0
    endloop
  endfacet
  facet normal 0 0 -1
    outer loop
      vertex 16 8.35 0
      vertex 20 1.7 0
      vertex 19.8334 1.69181 0
    endloop
  endfacet
  facet normal 0 0 -1
    outer loop
      vertex 16 8.35 0
      vertex 19.8334 1.69181 0
      vertex 19.6683 1.66733 0
    endloop
  endfacet
  facet normal 0 0 -1
    outer loop
      vertex 16 8.35 0
      vertex 19.6683 1.66733 0
      vertex 19.5065 1.6268 0
    endloop
  endfacet
  facet normal 0 0 -1
    outer loop
      vertex 16 8.35 0
      vertex 19.5065 1.6268 0
      vertex 19.3494 1.57059 0
    endloop
  endfacet
  facet normal 0 0 -1
    outer loop
      vertex 16 8.35 0
      vertex 19.3494 1.57059 0
      vertex 19.1986 1.49927 0
    endloop
  endfacet
  facet normal 0 0 -1
    outer loop
      vertex 16 8.35 0
      vertex 18.3 0 0
      vertex 16 -8.35 0
    endloop
  endfacet
  facet normal 0 0 -1
    outer loop
      vertex 18.3 0 0
      vertex 16 8.35 0
      vertex 18.3082 0.166629 0
    endloop
  endfacet
  facet normal 0 0 -1
    outer loop
      vertex 18.3082 0.166629 0
      vertex 16 8.35 0
      vertex 18.3327 0.331653 0
    endloop
  endfacet
  facet normal 0 0 -1
    outer loop
      vertex 18.3327 0.331653 0
      vertex 16 8.35 0
      vertex 18.3732 0.493484 0
    endloop
  endfacet
  facet normal 0 0 -1
    outer loop
      vertex 16 8.35 0
      vertex 18.4294 0.650561 0
      vertex 18.3732 0.493484 0
    endloop
  endfacet
  facet normal 0 0 -1
    outer loop
      vertex 16 8.35 0
      vertex 18.5007 0.801374 0
      vertex 18.4294 0.650561 0
    endloop
  endfacet
  facet normal 0 0 -1
    outer loop
      vertex 16 8.35 0
      vertex 18.5865 0.944468 0
      vertex 18.5007 0.801374 0
    endloop
  endfacet
  facet normal 0 0 -1
    outer loop
      vertex 16 8.35 0
      vertex 18.6859 1.07847 0
      vertex 18.5865 0.944468 0
    endloop
  endfacet
  facet normal 0 0 -1
    outer loop
      vertex 16 8.35 0
      vertex 18.7979 1.20208 0
      vertex 18.6859 1.07847 0
    endloop
  endfacet
  facet normal 0 0 -1
    outer loop
      vertex 16 8.35 0
      vertex 18.9215 1.31412 0
      vertex 18.7979 1.20208 0
    endloop
  endfacet
  facet normal 0 0 -1
    outer loop
      vertex 16 8.35 0
      vertex 19.0555 1.4135 0
      vertex 18.9215 1.31412 0
    endloop
  endfacet
  facet normal 0 0 -1
    outer loop
      vertex 16 8.35 0
      vertex 19.1986 1.49927 0
      vertex 19.0555 1.4135 0
    endloop
  endfacet
  facet normal 0 0 -1
    outer loop
      vertex 35.1666 1.69181 0
      vertex 16 8.35 0
      vertex 83.4 34.4 0
    endloop
  endfacet
  facet normal 0 0 -1
    outer loop
      vertex -83.4 34.4 0
      vertex 16 8.35 0
      vertex -44 8.35 0
    endloop
  endfacet
  facet normal 0 0 -1
    outer loop
      vertex 16 8.35 0
      vertex -83.4 34.4 0
      vertex 83.4 34.4 0
    endloop
  endfacet
  facet normal -0 0 -1
    outer loop
      vertex -44 -8.35 0
      vertex -84.4 -33.4 0
      vertex -44 8.35 0
    endloop
  endfacet
  facet normal 0 0 -1
    outer loop
      vertex -84.4 -33.4 0
      vertex -83.4 -34.4 0
      vertex -83.498 -34.3952 0
    endloop
  endfacet
  facet normal 0 0 -1
    outer loop
      vertex -84.4 33.4 0
      vertex -44 8.35 0
      vertex -84.4 -33.4 0
    endloop
  endfacet
  facet normal 0 0 -1
    outer loop
      vertex -84.4 -33.4 0
      vertex -83.498 -34.3952 0
      vertex -83.5951 -34.3808 0
    endloop
  endfacet
  facet normal 0 0 -1
    outer loop
      vertex -44 8.35 0
      vertex -84.4 33.4 0
      vertex -83.4 34.4 0
    endloop
  endfacet
  facet normal 0 0 -1
    outer loop
      vertex -84.4 -33.4 0
      vertex -83.5951 -34.3808 0
      vertex -83.6903 -34.3569 0
    endloop
  endfacet
  facet normal 0 0 -1
    outer loop
      vertex -83.4 34.4 0
      vertex -84.4 33.4 0
      vertex -83.498 34.3952 0
    endloop
  endfacet
  facet normal 0 0 -1
    outer loop
      vertex -84.4 -33.4 0
      vertex -83.6903 -34.3569 0
      vertex -83.7827 -34.3239 0
    endloop
  endfacet
  facet normal 0 0 -1
    outer loop
      vertex -83.498 34.3952 0
      vertex -84.4 33.4 0
      vertex -83.5951 34.3808 0
    endloop
  endfacet
  facet normal 0 0 -1
    outer loop
      vertex -84.4 -33.4 0
      vertex -83.7827 -34.3239 0
      vertex -83.8714 -34.2819 0
    endloop
  endfacet
  facet normal 0 0 -1
    outer loop
      vertex -83.5951 34.3808 0
      vertex -84.4 33.4 0
      vertex -83.6903 34.3569 0
    endloop
  endfacet
  facet normal 0 0 -1
    outer loop
      vertex -84.4 -33.4 0
      vertex -83.8714 -34.2819 0
      vertex -83.9556 -34.2315 0
    endloop
  endfacet
  facet normal 0 0 -1
    outer loop
      vertex -83.6903 34.3569 0
      vertex -84.4 33.4 0
      vertex -83.7827 34.3239 0
    endloop
  endfacet
  facet normal 0 0 -1
    outer loop
      vertex -84.4 -33.4 0
      vertex -83.9556 -34.2315 0
      vertex -84.0344 -34.173 0
    endloop
  endfacet
  facet normal 0 0 -1
    outer loop
      vertex -83.7827 34.3239 0
      vertex -84.4 33.4 0
      vertex -83.8714 34.2819 0
    endloop
  endfacet
  facet normal 0 0 -1
    outer loop
      vertex -84.4 -33.4 0
      vertex -84.0344 -34.173 0
      vertex -84.1071 -34.1071 0
    endloop
  endfacet
  facet normal 0 0 -1
    outer loop
      vertex -83.8714 34.2819 0
      vertex -84.4 33.4 0
      vertex -83.9556 34.2315 0
    endloop
  endfacet
  facet normal 0 0 -1
    outer loop
      vertex -84.4 -33.4 0
      vertex -84.1071 -34.1071 0
      vertex -84.173 -34.0344 0
    endloop
  endfacet
  facet normal 0 0 -1
    outer loop
      vertex -83.9556 34.2315 0
      vertex -84.4 33.4 0
      vertex -84.0344 34.173 0
    endloop
  endfacet
  facet normal 0 0 -1
    outer loop
      vertex -84.4 -33.4 0
      vertex -84.173 -34.0344 0
      vertex -84.2315 -33.9556 0
    endloop
  endfacet
  facet normal 0 0 -1
    outer loop
      vertex -84.0344 34.173 0
      vertex -84.4 33.4 0
      vertex -84.1071 34.1071 0
    endloop
  endfacet
  facet normal 0 0 -1
    outer loop
      vertex -84.4 -33.4 0
      vertex -84.2315 -33.9556 0
      vertex -84.2819 -33.8714 0
    endloop
  endfacet
  facet normal 0 0 -1
    outer loop
      vertex -84.1071 34.1071 0
      vertex -84.4 33.4 0
      vertex -84.173 34.0344 0
    endloop
  endfacet
  facet normal 0 0 -1
    outer loop
      vertex -84.4 -33.4 0
      vertex -84.2819 -33.8714 0
      vertex -84.3239 -33.7827 0
    endloop
  endfacet
  facet normal 0 0 -1
    outer loop
      vertex -84.173 34.0344 0
      vertex -84.4 33.4 0
      vertex -84.2315 33.9556 0
    endloop
  endfacet
  facet normal 0 0 -1
    outer loop
      vertex -84.4 -33.4 0
      vertex -84.3239 -33.7827 0
      vertex -84.3569 -33.6903 0
    endloop
  endfacet
  facet normal 0 0 -1
    outer loop
      vertex -84.2315 33.9556 0
      vertex -84.4 33.4 0
      vertex -84.2819 33.8714 0
    endloop
  endfacet
  facet normal 0 0 -1
    outer loop
      vertex -84.4 -33.4 0
      vertex -84.3569 -33.6903 0
      vertex -84.3808 -33.5951 0
    endloop
  endfacet
  facet normal 0 0 -1
    outer loop
      vertex -84.2819 33.8714 0
      vertex -84.4 33.4 0
      vertex -84.3239 33.7827 0
    endloop
  endfacet
  facet normal 0 0 -1
    outer loop
      vertex -84.4 -33.4 0
      vertex -84.3808 -33.5951 0
      vertex -84.3952 -33.498 0
    endloop
  endfacet
  facet normal 0 0 -1
    outer loop
      vertex -84.3239 33.7827 0
      vertex -84.4 33.4 0
      vertex -84.3569 33.6903 0
    endloop
  endfacet
  facet normal 0 0 -1
    outer loop
      vertex -84.3569 33.6903 0
      vertex -84.4 33.4 0
      vertex -84.3808 33.5951 0
    endloop
  endfacet
  facet normal 0 0 -1
    outer loop
      vertex -84.3808 33.5951 0
      vertex -84.4 33.4 0
      vertex -84.3952 33.498 0
    endloop
  endfacet
  facet normal 0.59608 0.802925 -0
    outer loop
      vertex 84.0344 34.173 0
      vertex 83.9556 34.2315 5.5
      vertex 84.0344 34.173 5.5
    endloop
  endfacet
  facet normal 0.59608 0.802925 0
    outer loop
      vertex 83.9556 34.2315 5.5
      vertex 84.0344 34.173 0
      vertex 83.9556 34.2315 0
    endloop
  endfacet
  facet normal -0.989158 -0.146854 -4.71875e-19
    outer loop
      vertex 36.6918 0.166629 0
      vertex 36.6673 0.331653 3.6
      vertex 36.6673 0.331653 0
    endloop
  endfacet
  facet normal -0.989158 -0.146854 -4.71875e-19
    outer loop
      vertex 36.6673 0.331653 3.6
      vertex 36.6918 0.166629 0
      vertex 36.6918 0.166629 3.6
    endloop
  endfacet
  facet normal -0.998791 -0.0491516 5.07199e-21
    outer loop
      vertex 36.7 0 0
      vertex 36.6918 0.166629 3.6
      vertex 36.6918 0.166629 0
    endloop
  endfacet
  facet normal -0.998791 -0.0491516 5.07199e-21
    outer loop
      vertex 36.6918 0.166629 3.6
      vertex 36.7 0 0
      vertex 36.7 0 3.6
    endloop
  endfacet
  facet normal -0.970083 -0.242774 -2.94443e-19
    outer loop
      vertex 36.6673 0.331653 0
      vertex 36.6268 0.493484 3.6
      vertex 36.6268 0.493484 0
    endloop
  endfacet
  facet normal -0.970083 -0.242774 -2.94443e-19
    outer loop
      vertex 36.6268 0.493484 3.6
      vertex 36.6673 0.331653 0
      vertex 36.6673 0.331653 3.6
    endloop
  endfacet
  facet normal -0.42754 0.903996 0
    outer loop
      vertex 35.8014 -1.49927 0
      vertex 35.6506 -1.57059 3.6
      vertex 35.8014 -1.49927 3.6
    endloop
  endfacet
  facet normal -0.42754 0.903996 0
    outer loop
      vertex 35.6506 -1.57059 3.6
      vertex 35.8014 -1.49927 0
      vertex 35.6506 -1.57059 0
    endloop
  endfacet
  facet normal 0.0491004 -0.998794 0
    outer loop
      vertex 34.8334 1.69181 0
      vertex 35 1.7 3.6
      vertex 34.8334 1.69181 3.6
    endloop
  endfacet
  facet normal 0.0491004 -0.998794 0
    outer loop
      vertex 35 1.7 3.6
      vertex 34.8334 1.69181 0
      vertex 35 1.7 0
    endloop
  endfacet
  facet normal 0.42754 -0.903996 0
    outer loop
      vertex 34.1986 1.49927 0
      vertex 34.3494 1.57059 3.6
      vertex 34.1986 1.49927 3.6
    endloop
  endfacet
  facet normal 0.42754 -0.903996 0
    outer loop
      vertex 34.3494 1.57059 3.6
      vertex 34.1986 1.49927 0
      vertex 34.3494 1.57059 0
    endloop
  endfacet
  facet normal -0.741051 -0.671448 -1.08889e-18
    outer loop
      vertex 36.3141 1.07847 0
      vertex 36.2021 1.20208 3.6
      vertex 36.2021 1.20208 0
    endloop
  endfacet
  facet normal -0.741051 -0.671448 -1.08889e-18
    outer loop
      vertex 36.2021 1.20208 3.6
      vertex 36.3141 1.07847 0
      vertex 36.3141 1.07847 3.6
    endloop
  endfacet
  facet normal 0.14667 0.989185 -0
    outer loop
      vertex 34.8334 -1.69181 0
      vertex 34.6683 -1.66733 3.6
      vertex 34.8334 -1.69181 3.6
    endloop
  endfacet
  facet normal 0.14667 0.989185 0
    outer loop
      vertex 34.6683 -1.66733 3.6
      vertex 34.8334 -1.69181 0
      vertex 34.6683 -1.66733 0
    endloop
  endfacet
  facet normal -0.42754 -0.903996 0
    outer loop
      vertex 35.6506 1.57059 0
      vertex 35.8014 1.49927 3.6
      vertex 35.6506 1.57059 3.6
    endloop
  endfacet
  facet normal -0.42754 -0.903996 -0
    outer loop
      vertex 35.8014 1.49927 3.6
      vertex 35.6506 1.57059 0
      vertex 35.8014 1.49927 0
    endloop
  endfacet
  facet normal 0.14667 -0.989185 0
    outer loop
      vertex 34.6683 1.66733 0
      vertex 34.8334 1.69181 3.6
      vertex 34.6683 1.66733 3.6
    endloop
  endfacet
  facet normal 0.14667 -0.989185 0
    outer loop
      vertex 34.8334 1.69181 3.6
      vertex 34.6683 1.66733 0
      vertex 34.8334 1.69181 0
    endloop
  endfacet
  facet normal -0.242987 0.97003 0
    outer loop
      vertex 35.4935 -1.6268 0
      vertex 35.3317 -1.66733 3.6
      vertex 35.4935 -1.6268 3.6
    endloop
  endfacet
  facet normal -0.242987 0.97003 0
    outer loop
      vertex 35.3317 -1.66733 3.6
      vertex 35.4935 -1.6268 0
      vertex 35.3317 -1.66733 0
    endloop
  endfacet
  facet normal 0.595695 -0.803211 0
    outer loop
      vertex 33.9215 1.31412 0
      vertex 34.0555 1.4135 3.6
      vertex 33.9215 1.31412 3.6
    endloop
  endfacet
  facet normal 0.595695 -0.803211 0
    outer loop
      vertex 34.0555 1.4135 3.6
      vertex 33.9215 1.31412 0
      vertex 34.0555 1.4135 0
    endloop
  endfacet
  facet normal 0.904057 -0.427412 6.55516e-19
    outer loop
      vertex 33.4294 0.650561 3.6
      vertex 33.5007 0.801374 0
      vertex 33.5007 0.801374 3.6
    endloop
  endfacet
  facet normal 0.904057 -0.427412 6.55516e-19
    outer loop
      vertex 33.5007 0.801374 0
      vertex 33.4294 0.650561 3.6
      vertex 33.4294 0.650561 0
    endloop
  endfacet
  facet normal 0.42754 0.903996 -0
    outer loop
      vertex 34.3494 -1.57059 0
      vertex 34.1986 -1.49927 3.6
      vertex 34.3494 -1.57059 3.6
    endloop
  endfacet
  facet normal 0.42754 0.903996 0
    outer loop
      vertex 34.1986 -1.49927 3.6
      vertex 34.3494 -1.57059 0
      vertex 34.1986 -1.49927 0
    endloop
  endfacet
  facet normal 0.595695 0.803211 -0
    outer loop
      vertex 34.0555 -1.4135 0
      vertex 33.9215 -1.31412 3.6
      vertex 34.0555 -1.4135 3.6
    endloop
  endfacet
  facet normal 0.595695 0.803211 0
    outer loop
      vertex 33.9215 -1.31412 3.6
      vertex 34.0555 -1.4135 0
      vertex 33.9215 -1.31412 0
    endloop
  endfacet
  facet normal 0.904057 0.427412 -6.55516e-19
    outer loop
      vertex 33.5007 -0.801374 3.6
      vertex 33.4294 -0.650561 0
      vertex 33.4294 -0.650561 3.6
    endloop
  endfacet
  facet normal 0.904057 0.427412 -6.55516e-19
    outer loop
      vertex 33.4294 -0.650561 0
      vertex 33.5007 -0.801374 3.6
      vertex 33.5007 -0.801374 0
    endloop
  endfacet
  facet normal -0.514099 -0.857731 0
    outer loop
      vertex 35.8014 1.49927 0
      vertex 35.9445 1.4135 3.6
      vertex 35.8014 1.49927 3.6
    endloop
  endfacet
  facet normal -0.514099 -0.857731 -0
    outer loop
      vertex 35.9445 1.4135 3.6
      vertex 35.8014 1.49927 0
      vertex 35.9445 1.4135 0
    endloop
  endfacet
  facet normal -0.595695 0.803211 0
    outer loop
      vertex 36.0785 -1.31412 0
      vertex 35.9445 -1.4135 3.6
      vertex 36.0785 -1.31412 3.6
    endloop
  endfacet
  facet normal -0.595695 0.803211 0
    outer loop
      vertex 35.9445 -1.4135 3.6
      vertex 36.0785 -1.31412 0
      vertex 35.9445 -1.4135 0
    endloop
  endfacet
  facet normal 0.998791 0.0491516 5.07199e-21
    outer loop
      vertex 33.3082 -0.166629 3.6
      vertex 33.3 0 0
      vertex 33.3 0 3.6
    endloop
  endfacet
  facet normal 0.998791 0.0491516 5.07199e-21
    outer loop
      vertex 33.3 0 0
      vertex 33.3082 -0.166629 3.6
      vertex 33.3082 -0.166629 0
    endloop
  endfacet
  facet normal 0.336883 0.941546 -0
    outer loop
      vertex 34.5065 -1.6268 0
      vertex 34.3494 -1.57059 3.6
      vertex 34.5065 -1.6268 3.6
    endloop
  endfacet
  facet normal 0.336883 0.941546 0
    outer loop
      vertex 34.3494 -1.57059 3.6
      vertex 34.5065 -1.6268 0
      vertex 34.3494 -1.57059 0
    endloop
  endfacet
  facet normal -0.595695 -0.803211 0
    outer loop
      vertex 35.9445 1.4135 0
      vertex 36.0785 1.31412 3.6
      vertex 35.9445 1.4135 3.6
    endloop
  endfacet
  facet normal -0.595695 -0.803211 -0
    outer loop
      vertex 36.0785 1.31412 3.6
      vertex 35.9445 1.4135 0
      vertex 36.0785 1.31412 0
    endloop
  endfacet
  facet normal -0.970083 0.242774 2.94443e-19
    outer loop
      vertex 36.6268 -0.493484 0
      vertex 36.6673 -0.331653 3.6
      vertex 36.6673 -0.331653 0
    endloop
  endfacet
  facet normal -0.970083 0.242774 2.94443e-19
    outer loop
      vertex 36.6673 -0.331653 3.6
      vertex 36.6268 -0.493484 0
      vertex 36.6268 -0.493484 3.6
    endloop
  endfacet
  facet normal 0.94155 0.336874 7.79326e-20
    outer loop
      vertex 33.4294 -0.650561 3.6
      vertex 33.3732 -0.493484 0
      vertex 33.3732 -0.493484 3.6
    endloop
  endfacet
  facet normal 0.94155 0.336874 7.79326e-20
    outer loop
      vertex 33.3732 -0.493484 0
      vertex 33.4294 -0.650561 3.6
      vertex 33.4294 -0.650561 0
    endloop
  endfacet
  facet normal -0.242987 -0.97003 0
    outer loop
      vertex 35.3317 1.66733 0
      vertex 35.4935 1.6268 3.6
      vertex 35.3317 1.66733 3.6
    endloop
  endfacet
  facet normal -0.242987 -0.97003 -0
    outer loop
      vertex 35.4935 1.6268 3.6
      vertex 35.3317 1.66733 0
      vertex 35.4935 1.6268 0
    endloop
  endfacet
  facet normal 0.741051 -0.671448 1.08889e-18
    outer loop
      vertex 33.6859 1.07847 3.6
      vertex 33.7979 1.20208 0
      vertex 33.7979 1.20208 3.6
    endloop
  endfacet
  facet normal 0.741051 -0.671448 1.08889e-18
    outer loop
      vertex 33.7979 1.20208 0
      vertex 33.6859 1.07847 3.6
      vertex 33.6859 1.07847 0
    endloop
  endfacet
  facet normal -0.0491004 0.998794 0
    outer loop
      vertex 35.1666 -1.69181 0
      vertex 35 -1.7 3.6
      vertex 35.1666 -1.69181 3.6
    endloop
  endfacet
  facet normal -0.0491004 0.998794 0
    outer loop
      vertex 35 -1.7 3.6
      vertex 35.1666 -1.69181 0
      vertex 35 -1.7 0
    endloop
  endfacet
  facet normal -0.803158 -0.595766 -2.45762e-19
    outer loop
      vertex 36.4135 0.944468 0
      vertex 36.3141 1.07847 3.6
      vertex 36.3141 1.07847 0
    endloop
  endfacet
  facet normal -0.803158 -0.595766 -2.45762e-19
    outer loop
      vertex 36.3141 1.07847 3.6
      vertex 36.4135 0.944468 0
      vertex 36.4135 0.944468 3.6
    endloop
  endfacet
  facet normal 0.970083 0.242774 -2.94443e-19
    outer loop
      vertex 33.3732 -0.493484 3.6
      vertex 33.3327 -0.331653 0
      vertex 33.3327 -0.331653 3.6
    endloop
  endfacet
  facet normal 0.970083 0.242774 -2.94443e-19
    outer loop
      vertex 33.3327 -0.331653 0
      vertex 33.3732 -0.493484 3.6
      vertex 33.3732 -0.493484 0
    endloop
  endfacet
  facet normal -0.989158 0.146854 4.71875e-19
    outer loop
      vertex 36.6673 -0.331653 0
      vertex 36.6918 -0.166629 3.6
      vertex 36.6918 -0.166629 0
    endloop
  endfacet
  facet normal -0.989158 0.146854 4.71875e-19
    outer loop
      vertex 36.6918 -0.166629 3.6
      vertex 36.6673 -0.331653 0
      vertex 36.6673 -0.331653 3.6
    endloop
  endfacet
  facet normal -0.514099 0.857731 0
    outer loop
      vertex 35.9445 -1.4135 0
      vertex 35.8014 -1.49927 3.6
      vertex 35.9445 -1.4135 3.6
    endloop
  endfacet
  facet normal -0.514099 0.857731 0
    outer loop
      vertex 35.8014 -1.49927 3.6
      vertex 35.9445 -1.4135 0
      vertex 35.8014 -1.49927 0
    endloop
  endfacet
  facet normal 0.94155 -0.336874 -7.79326e-20
    outer loop
      vertex 33.3732 0.493484 3.6
      vertex 33.4294 0.650561 0
      vertex 33.4294 0.650561 3.6
    endloop
  endfacet
  facet normal 0.94155 -0.336874 -7.79326e-20
    outer loop
      vertex 33.4294 0.650561 0
      vertex 33.3732 0.493484 3.6
      vertex 33.3732 0.493484 0
    endloop
  endfacet
  facet normal -0.67161 -0.740905 0
    outer loop
      vertex 36.0785 1.31412 0
      vertex 36.2021 1.20208 3.6
      vertex 36.0785 1.31412 3.6
    endloop
  endfacet
  facet normal -0.67161 -0.740905 -0
    outer loop
      vertex 36.2021 1.20208 3.6
      vertex 36.0785 1.31412 0
      vertex 36.2021 1.20208 0
    endloop
  endfacet
  facet normal 0.989158 -0.146854 4.71875e-19
    outer loop
      vertex 33.3082 0.166629 3.6
      vertex 33.3327 0.331653 0
      vertex 33.3327 0.331653 3.6
    endloop
  endfacet
  facet normal 0.989158 -0.146854 4.71875e-19
    outer loop
      vertex 33.3327 0.331653 0
      vertex 33.3082 0.166629 3.6
      vertex 33.3082 0.166629 0
    endloop
  endfacet
  facet normal -0.904057 0.427412 6.55516e-19
    outer loop
      vertex 36.4993 -0.801374 0
      vertex 36.5706 -0.650561 3.6
      vertex 36.5706 -0.650561 0
    endloop
  endfacet
  facet normal -0.904057 0.427412 6.55516e-19
    outer loop
      vertex 36.5706 -0.650561 3.6
      vertex 36.4993 -0.801374 0
      vertex 36.4993 -0.801374 3.6
    endloop
  endfacet
  facet normal -0.336883 -0.941546 0
    outer loop
      vertex 35.4935 1.6268 0
      vertex 35.6506 1.57059 3.6
      vertex 35.4935 1.6268 3.6
    endloop
  endfacet
  facet normal -0.336883 -0.941546 -0
    outer loop
      vertex 35.6506 1.57059 3.6
      vertex 35.4935 1.6268 0
      vertex 35.6506 1.57059 0
    endloop
  endfacet
  facet normal -0.998791 0.0491516 -5.07199e-21
    outer loop
      vertex 36.6918 -0.166629 0
      vertex 36.7 0 3.6
      vertex 36.7 0 0
    endloop
  endfacet
  facet normal -0.998791 0.0491516 -5.07199e-21
    outer loop
      vertex 36.7 0 3.6
      vertex 36.6918 -0.166629 0
      vertex 36.6918 -0.166629 3.6
    endloop
  endfacet
  facet normal -0.14667 0.989185 0
    outer loop
      vertex 35.3317 -1.66733 0
      vertex 35.1666 -1.69181 3.6
      vertex 35.3317 -1.66733 3.6
    endloop
  endfacet
  facet normal -0.14667 0.989185 0
    outer loop
      vertex 35.1666 -1.69181 3.6
      vertex 35.3317 -1.66733 0
      vertex 35.1666 -1.69181 0
    endloop
  endfacet
  facet normal -0.94155 -0.336874 7.79326e-20
    outer loop
      vertex 36.6268 0.493484 0
      vertex 36.5706 0.650561 3.6
      vertex 36.5706 0.650561 0
    endloop
  endfacet
  facet normal -0.94155 -0.336874 7.79326e-20
    outer loop
      vertex 36.5706 0.650561 3.6
      vertex 36.6268 0.493484 0
      vertex 36.6268 0.493484 3.6
    endloop
  endfacet
  facet normal -0.803158 0.595766 2.45762e-19
    outer loop
      vertex 36.3141 -1.07847 0
      vertex 36.4135 -0.944468 3.6
      vertex 36.4135 -0.944468 0
    endloop
  endfacet
  facet normal -0.803158 0.595766 2.45762e-19
    outer loop
      vertex 36.4135 -0.944468 3.6
      vertex 36.3141 -1.07847 0
      vertex 36.3141 -1.07847 3.6
    endloop
  endfacet
  facet normal -0.857642 0.514247 1.3167e-18
    outer loop
      vertex 36.4135 -0.944468 0
      vertex 36.4993 -0.801374 3.6
      vertex 36.4993 -0.801374 0
    endloop
  endfacet
  facet normal -0.857642 0.514247 1.3167e-18
    outer loop
      vertex 36.4993 -0.801374 3.6
      vertex 36.4135 -0.944468 0
      vertex 36.4135 -0.944468 3.6
    endloop
  endfacet
  facet normal 0.242987 -0.97003 0
    outer loop
      vertex 34.5065 1.6268 0
      vertex 34.6683 1.66733 3.6
      vertex 34.5065 1.6268 3.6
    endloop
  endfacet
  facet normal 0.242987 -0.97003 0
    outer loop
      vertex 34.6683 1.66733 3.6
      vertex 34.5065 1.6268 0
      vertex 34.6683 1.66733 0
    endloop
  endfacet
  facet normal -0.94155 0.336874 -7.79326e-20
    outer loop
      vertex 36.5706 -0.650561 0
      vertex 36.6268 -0.493484 3.6
      vertex 36.6268 -0.493484 0
    endloop
  endfacet
  facet normal -0.94155 0.336874 -7.79326e-20
    outer loop
      vertex 36.6268 -0.493484 3.6
      vertex 36.5706 -0.650561 0
      vertex 36.5706 -0.650561 3.6
    endloop
  endfacet
  facet normal -0.0491004 -0.998794 0
    outer loop
      vertex 35 1.7 0
      vertex 35.1666 1.69181 3.6
      vertex 35 1.7 3.6
    endloop
  endfacet
  facet normal -0.0491004 -0.998794 -0
    outer loop
      vertex 35.1666 1.69181 3.6
      vertex 35 1.7 0
      vertex 35.1666 1.69181 0
    endloop
  endfacet
  facet normal 0.514099 -0.857731 0
    outer loop
      vertex 34.0555 1.4135 0
      vertex 34.1986 1.49927 3.6
      vertex 34.0555 1.4135 3.6
    endloop
  endfacet
  facet normal 0.514099 -0.857731 0
    outer loop
      vertex 34.1986 1.49927 3.6
      vertex 34.0555 1.4135 0
      vertex 34.1986 1.49927 0
    endloop
  endfacet
  facet normal -0.904057 -0.427412 -6.55516e-19
    outer loop
      vertex 36.5706 0.650561 0
      vertex 36.4993 0.801374 3.6
      vertex 36.4993 0.801374 0
    endloop
  endfacet
  facet normal -0.904057 -0.427412 -6.55516e-19
    outer loop
      vertex 36.4993 0.801374 3.6
      vertex 36.5706 0.650561 0
      vertex 36.5706 0.650561 3.6
    endloop
  endfacet
  facet normal -0.14667 -0.989185 0
    outer loop
      vertex 35.1666 1.69181 0
      vertex 35.3317 1.66733 3.6
      vertex 35.1666 1.69181 3.6
    endloop
  endfacet
  facet normal -0.14667 -0.989185 -0
    outer loop
      vertex 35.3317 1.66733 3.6
      vertex 35.1666 1.69181 0
      vertex 35.3317 1.66733 0
    endloop
  endfacet
  facet normal 0.242987 0.97003 -0
    outer loop
      vertex 34.6683 -1.66733 0
      vertex 34.5065 -1.6268 3.6
      vertex 34.6683 -1.66733 3.6
    endloop
  endfacet
  facet normal 0.242987 0.97003 0
    outer loop
      vertex 34.5065 -1.6268 3.6
      vertex 34.6683 -1.66733 0
      vertex 34.5065 -1.6268 0
    endloop
  endfacet
  facet normal 0.857642 0.514247 -1.3167e-18
    outer loop
      vertex 33.5865 -0.944468 3.6
      vertex 33.5007 -0.801374 0
      vertex 33.5007 -0.801374 3.6
    endloop
  endfacet
  facet normal 0.857642 0.514247 -1.3167e-18
    outer loop
      vertex 33.5007 -0.801374 0
      vertex 33.5865 -0.944468 3.6
      vertex 33.5865 -0.944468 0
    endloop
  endfacet
  facet normal -0.857642 -0.514247 -1.3167e-18
    outer loop
      vertex 36.4993 0.801374 0
      vertex 36.4135 0.944468 3.6
      vertex 36.4135 0.944468 0
    endloop
  endfacet
  facet normal -0.857642 -0.514247 -1.3167e-18
    outer loop
      vertex 36.4135 0.944468 3.6
      vertex 36.4993 0.801374 0
      vertex 36.4993 0.801374 3.6
    endloop
  endfacet
  facet normal 0.336883 -0.941546 0
    outer loop
      vertex 34.3494 1.57059 0
      vertex 34.5065 1.6268 3.6
      vertex 34.3494 1.57059 3.6
    endloop
  endfacet
  facet normal 0.336883 -0.941546 0
    outer loop
      vertex 34.5065 1.6268 3.6
      vertex 34.3494 1.57059 0
      vertex 34.5065 1.6268 0
    endloop
  endfacet
  facet normal 0.741051 0.671448 -1.08889e-18
    outer loop
      vertex 33.7979 -1.20208 3.6
      vertex 33.6859 -1.07847 0
      vertex 33.6859 -1.07847 3.6
    endloop
  endfacet
  facet normal 0.741051 0.671448 -1.08889e-18
    outer loop
      vertex 33.6859 -1.07847 0
      vertex 33.7979 -1.20208 3.6
      vertex 33.7979 -1.20208 0
    endloop
  endfacet
  facet normal 0.67161 -0.740905 0
    outer loop
      vertex 33.7979 1.20208 0
      vertex 33.9215 1.31412 3.6
      vertex 33.7979 1.20208 3.6
    endloop
  endfacet
  facet normal 0.67161 -0.740905 0
    outer loop
      vertex 33.9215 1.31412 3.6
      vertex 33.7979 1.20208 0
      vertex 33.9215 1.31412 0
    endloop
  endfacet
  facet normal 0.514099 0.857731 -0
    outer loop
      vertex 34.1986 -1.49927 0
      vertex 34.0555 -1.4135 3.6
      vertex 34.1986 -1.49927 3.6
    endloop
  endfacet
  facet normal 0.514099 0.857731 0
    outer loop
      vertex 34.0555 -1.4135 3.6
      vertex 34.1986 -1.49927 0
      vertex 34.0555 -1.4135 0
    endloop
  endfacet
  facet normal 0.970083 -0.242774 2.94443e-19
    outer loop
      vertex 33.3327 0.331653 3.6
      vertex 33.3732 0.493484 0
      vertex 33.3732 0.493484 3.6
    endloop
  endfacet
  facet normal 0.970083 -0.242774 2.94443e-19
    outer loop
      vertex 33.3732 0.493484 0
      vertex 33.3327 0.331653 3.6
      vertex 33.3327 0.331653 0
    endloop
  endfacet
  facet normal -0.336883 0.941546 0
    outer loop
      vertex 35.6506 -1.57059 0
      vertex 35.4935 -1.6268 3.6
      vertex 35.6506 -1.57059 3.6
    endloop
  endfacet
  facet normal -0.336883 0.941546 0
    outer loop
      vertex 35.4935 -1.6268 3.6
      vertex 35.6506 -1.57059 0
      vertex 35.4935 -1.6268 0
    endloop
  endfacet
  facet normal 0.803158 0.595766 -2.45762e-19
    outer loop
      vertex 33.6859 -1.07847 3.6
      vertex 33.5865 -0.944468 0
      vertex 33.5865 -0.944468 3.6
    endloop
  endfacet
  facet normal 0.803158 0.595766 -2.45762e-19
    outer loop
      vertex 33.5865 -0.944468 0
      vertex 33.6859 -1.07847 3.6
      vertex 33.6859 -1.07847 0
    endloop
  endfacet
  facet normal 0.989158 0.146854 -4.71875e-19
    outer loop
      vertex 33.3327 -0.331653 3.6
      vertex 33.3082 -0.166629 0
      vertex 33.3082 -0.166629 3.6
    endloop
  endfacet
  facet normal 0.989158 0.146854 -4.71875e-19
    outer loop
      vertex 33.3082 -0.166629 0
      vertex 33.3327 -0.331653 3.6
      vertex 33.3327 -0.331653 0
    endloop
  endfacet
  facet normal 0.67161 0.740905 -0
    outer loop
      vertex 33.9215 -1.31412 0
      vertex 33.7979 -1.20208 3.6
      vertex 33.9215 -1.31412 3.6
    endloop
  endfacet
  facet normal 0.67161 0.740905 0
    outer loop
      vertex 33.7979 -1.20208 3.6
      vertex 33.9215 -1.31412 0
      vertex 33.7979 -1.20208 0
    endloop
  endfacet
  facet normal 0.803158 -0.595766 2.45762e-19
    outer loop
      vertex 33.5865 0.944468 3.6
      vertex 33.6859 1.07847 0
      vertex 33.6859 1.07847 3.6
    endloop
  endfacet
  facet normal 0.803158 -0.595766 2.45762e-19
    outer loop
      vertex 33.6859 1.07847 0
      vertex 33.5865 0.944468 3.6
      vertex 33.5865 0.944468 0
    endloop
  endfacet
  facet normal 0.857642 -0.514247 1.3167e-18
    outer loop
      vertex 33.5007 0.801374 3.6
      vertex 33.5865 0.944468 0
      vertex 33.5865 0.944468 3.6
    endloop
  endfacet
  facet normal 0.857642 -0.514247 1.3167e-18
    outer loop
      vertex 33.5865 0.944468 0
      vertex 33.5007 0.801374 3.6
      vertex 33.5007 0.801374 0
    endloop
  endfacet
  facet normal 0.0491004 0.998794 -0
    outer loop
      vertex 35 -1.7 0
      vertex 34.8334 -1.69181 3.6
      vertex 35 -1.7 3.6
    endloop
  endfacet
  facet normal 0.0491004 0.998794 0
    outer loop
      vertex 34.8334 -1.69181 3.6
      vertex 35 -1.7 0
      vertex 34.8334 -1.69181 0
    endloop
  endfacet
  facet normal 0.998791 -0.0491516 -5.07199e-21
    outer loop
      vertex 33.3 0 3.6
      vertex 33.3082 0.166629 0
      vertex 33.3082 0.166629 3.6
    endloop
  endfacet
  facet normal 0.998791 -0.0491516 -5.07199e-21
    outer loop
      vertex 33.3082 0.166629 0
      vertex 33.3 0 3.6
      vertex 33.3 0 0
    endloop
  endfacet
  facet normal -0.741051 0.671448 1.08889e-18
    outer loop
      vertex 36.2021 -1.20208 0
      vertex 36.3141 -1.07847 3.6
      vertex 36.3141 -1.07847 0
    endloop
  endfacet
  facet normal -0.741051 0.671448 1.08889e-18
    outer loop
      vertex 36.3141 -1.07847 3.6
      vertex 36.2021 -1.20208 0
      vertex 36.2021 -1.20208 3.6
    endloop
  endfacet
  facet normal -0.67161 0.740905 0
    outer loop
      vertex 36.2021 -1.20208 0
      vertex 36.0785 -1.31412 3.6
      vertex 36.2021 -1.20208 3.6
    endloop
  endfacet
  facet normal -0.67161 0.740905 0
    outer loop
      vertex 36.0785 -1.31412 3.6
      vertex 36.2021 -1.20208 0
      vertex 36.0785 -1.31412 0
    endloop
  endfacet
  facet normal 0 1 -0
    outer loop
      vertex 36.6743 -2.9 3.6
      vertex 33.3257 -2.9 13
      vertex 36.6743 -2.9 13
    endloop
  endfacet
  facet normal 0 1 0
    outer loop
      vertex 33.3257 -2.9 13
      vertex 36.6743 -2.9 3.6
      vertex 33.3257 -2.9 3.6
    endloop
  endfacet
  facet normal -0.866027 0.499996 -4.72432e-18
    outer loop
      vertex 36.6743 -2.9 3.6
      vertex 38.3486 0 13
      vertex 38.3486 0 3.6
    endloop
  endfacet
  facet normal -0.866027 0.499996 -4.72432e-18
    outer loop
      vertex 38.3486 0 13
      vertex 36.6743 -2.9 3.6
      vertex 36.6743 -2.9 13
    endloop
  endfacet
  facet normal 0 -1 0
    outer loop
      vertex 33.3257 2.9 3.6
      vertex 36.6743 2.9 13
      vertex 33.3257 2.9 13
    endloop
  endfacet
  facet normal 0 -1 -0
    outer loop
      vertex 36.6743 2.9 13
      vertex 33.3257 2.9 3.6
      vertex 36.6743 2.9 3.6
    endloop
  endfacet
  facet normal -0.866027 -0.499996 4.72432e-18
    outer loop
      vertex 38.3486 0 3.6
      vertex 36.6743 2.9 13
      vertex 36.6743 2.9 3.6
    endloop
  endfacet
  facet normal -0.866027 -0.499996 4.72432e-18
    outer loop
      vertex 36.6743 2.9 13
      vertex 38.3486 0 3.6
      vertex 38.3486 0 13
    endloop
  endfacet
  facet normal 0.866027 -0.499996 1.22057e-17
    outer loop
      vertex 31.6514 0 13
      vertex 33.3257 2.9 3.6
      vertex 33.3257 2.9 13
    endloop
  endfacet
  facet normal 0.866027 -0.499996 1.22057e-17
    outer loop
      vertex 33.3257 2.9 3.6
      vertex 31.6514 0 13
      vertex 31.6514 0 3.6
    endloop
  endfacet
  facet normal 0.866027 0.499996 -1.22057e-17
    outer loop
      vertex 33.3257 -2.9 13
      vertex 31.6514 0 3.6
      vertex 31.6514 0 13
    endloop
  endfacet
  facet normal 0.866027 0.499996 -1.22057e-17
    outer loop
      vertex 31.6514 0 3.6
      vertex 33.3257 -2.9 13
      vertex 33.3257 -2.9 3.6
    endloop
  endfacet
  facet normal 0 0 1
    outer loop
      vertex 38.3486 0 3.6
      vertex 36.6918 0.166629 3.6
      vertex 36.7 0 3.6
    endloop
  endfacet
  facet normal -0 0 1
    outer loop
      vertex 36.4993 0.801374 3.6
      vertex 38.3486 0 3.6
      vertex 36.6743 2.9 3.6
    endloop
  endfacet
  facet normal 0 0 1
    outer loop
      vertex 38.3486 0 3.6
      vertex 36.6673 0.331653 3.6
      vertex 36.6918 0.166629 3.6
    endloop
  endfacet
  facet normal 0 0 1
    outer loop
      vertex 38.3486 0 3.6
      vertex 36.6268 0.493484 3.6
      vertex 36.6673 0.331653 3.6
    endloop
  endfacet
  facet normal 0 0 1
    outer loop
      vertex 38.3486 0 3.6
      vertex 36.5706 0.650561 3.6
      vertex 36.6268 0.493484 3.6
    endloop
  endfacet
  facet normal 0 0 1
    outer loop
      vertex 38.3486 0 3.6
      vertex 36.4993 0.801374 3.6
      vertex 36.5706 0.650561 3.6
    endloop
  endfacet
  facet normal 0 0 1
    outer loop
      vertex 36.6743 2.9 3.6
      vertex 36.4135 0.944468 3.6
      vertex 36.4993 0.801374 3.6
    endloop
  endfacet
  facet normal 0 0 1
    outer loop
      vertex 36.6743 2.9 3.6
      vertex 36.3141 1.07847 3.6
      vertex 36.4135 0.944468 3.6
    endloop
  endfacet
  facet normal 0 0 1
    outer loop
      vertex 36.6743 2.9 3.6
      vertex 36.2021 1.20208 3.6
      vertex 36.3141 1.07847 3.6
    endloop
  endfacet
  facet normal 0 0 1
    outer loop
      vertex 36.6743 2.9 3.6
      vertex 36.0785 1.31412 3.6
      vertex 36.2021 1.20208 3.6
    endloop
  endfacet
  facet normal 0 0 1
    outer loop
      vertex 36.6743 2.9 3.6
      vertex 35.9445 1.4135 3.6
      vertex 36.0785 1.31412 3.6
    endloop
  endfacet
  facet normal 0 0 1
    outer loop
      vertex 36.6743 2.9 3.6
      vertex 35.8014 1.49927 3.6
      vertex 35.9445 1.4135 3.6
    endloop
  endfacet
  facet normal 0 0 1
    outer loop
      vertex 36.6743 2.9 3.6
      vertex 35.6506 1.57059 3.6
      vertex 35.8014 1.49927 3.6
    endloop
  endfacet
  facet normal 0 0 1
    outer loop
      vertex 36.6743 2.9 3.6
      vertex 35.4935 1.6268 3.6
      vertex 35.6506 1.57059 3.6
    endloop
  endfacet
  facet normal 0 0 1
    outer loop
      vertex 36.6743 2.9 3.6
      vertex 35.3317 1.66733 3.6
      vertex 35.4935 1.6268 3.6
    endloop
  endfacet
  facet normal 0 0 1
    outer loop
      vertex 36.6743 2.9 3.6
      vertex 35.1666 1.69181 3.6
      vertex 35.3317 1.66733 3.6
    endloop
  endfacet
  facet normal 0 0 1
    outer loop
      vertex 36.6743 2.9 3.6
      vertex 35 1.7 3.6
      vertex 35.1666 1.69181 3.6
    endloop
  endfacet
  facet normal -0 0 1
    outer loop
      vertex 33.3257 2.9 3.6
      vertex 35 1.7 3.6
      vertex 36.6743 2.9 3.6
    endloop
  endfacet
  facet normal 0 0 1
    outer loop
      vertex 35 1.7 3.6
      vertex 33.3257 2.9 3.6
      vertex 34.8334 1.69181 3.6
    endloop
  endfacet
  facet normal 0 0 1
    outer loop
      vertex 34.8334 1.69181 3.6
      vertex 33.3257 2.9 3.6
      vertex 34.6683 1.66733 3.6
    endloop
  endfacet
  facet normal 0 0 1
    outer loop
      vertex 34.6683 1.66733 3.6
      vertex 33.3257 2.9 3.6
      vertex 34.5065 1.6268 3.6
    endloop
  endfacet
  facet normal 0 0 1
    outer loop
      vertex 34.5065 1.6268 3.6
      vertex 33.3257 2.9 3.6
      vertex 34.3494 1.57059 3.6
    endloop
  endfacet
  facet normal 0 0 1
    outer loop
      vertex 34.3494 1.57059 3.6
      vertex 33.3257 2.9 3.6
      vertex 34.1986 1.49927 3.6
    endloop
  endfacet
  facet normal 0 0 1
    outer loop
      vertex 33.3257 2.9 3.6
      vertex 34.0555 1.4135 3.6
      vertex 34.1986 1.49927 3.6
    endloop
  endfacet
  facet normal 0 0 1
    outer loop
      vertex 33.3257 2.9 3.6
      vertex 33.9215 1.31412 3.6
      vertex 34.0555 1.4135 3.6
    endloop
  endfacet
  facet normal 0 0 1
    outer loop
      vertex 33.3257 2.9 3.6
      vertex 33.7979 1.20208 3.6
      vertex 33.9215 1.31412 3.6
    endloop
  endfacet
  facet normal 0 0 1
    outer loop
      vertex 33.3257 2.9 3.6
      vertex 33.6859 1.07847 3.6
      vertex 33.7979 1.20208 3.6
    endloop
  endfacet
  facet normal 0 0 1
    outer loop
      vertex 33.3257 2.9 3.6
      vertex 33.5865 0.944468 3.6
      vertex 33.6859 1.07847 3.6
    endloop
  endfacet
  facet normal 0 0 1
    outer loop
      vertex 33.3257 2.9 3.6
      vertex 33.5007 0.801374 3.6
      vertex 33.5865 0.944468 3.6
    endloop
  endfacet
  facet normal 0 0 1
    outer loop
      vertex 31.6514 0 3.6
      vertex 33.5007 0.801374 3.6
      vertex 33.3257 2.9 3.6
    endloop
  endfacet
  facet normal 0 0 1
    outer loop
      vertex 33.5007 0.801374 3.6
      vertex 31.6514 0 3.6
      vertex 33.4294 0.650561 3.6
    endloop
  endfacet
  facet normal 0 0 1
    outer loop
      vertex 33.4294 0.650561 3.6
      vertex 31.6514 0 3.6
      vertex 33.3732 0.493484 3.6
    endloop
  endfacet
  facet normal 0 0 1
    outer loop
      vertex 33.3732 0.493484 3.6
      vertex 31.6514 0 3.6
      vertex 33.3327 0.331653 3.6
    endloop
  endfacet
  facet normal 0 0 1
    outer loop
      vertex 33.3327 0.331653 3.6
      vertex 31.6514 0 3.6
      vertex 33.3082 0.166629 3.6
    endloop
  endfacet
  facet normal 0 0 1
    outer loop
      vertex 33.3082 0.166629 3.6
      vertex 31.6514 0 3.6
      vertex 33.3 0 3.6
    endloop
  endfacet
  facet normal 0 0 1
    outer loop
      vertex 36.6918 -0.166629 3.6
      vertex 38.3486 0 3.6
      vertex 36.7 0 3.6
    endloop
  endfacet
  facet normal 0 0 1
    outer loop
      vertex 36.6673 -0.331653 3.6
      vertex 38.3486 0 3.6
      vertex 36.6918 -0.166629 3.6
    endloop
  endfacet
  facet normal 0 0 1
    outer loop
      vertex 36.6268 -0.493484 3.6
      vertex 38.3486 0 3.6
      vertex 36.6673 -0.331653 3.6
    endloop
  endfacet
  facet normal 0 0 1
    outer loop
      vertex 36.5706 -0.650561 3.6
      vertex 38.3486 0 3.6
      vertex 36.6268 -0.493484 3.6
    endloop
  endfacet
  facet normal 0 0 1
    outer loop
      vertex 36.4993 -0.801374 3.6
      vertex 38.3486 0 3.6
      vertex 36.5706 -0.650561 3.6
    endloop
  endfacet
  facet normal 0 0 1
    outer loop
      vertex 38.3486 0 3.6
      vertex 36.4993 -0.801374 3.6
      vertex 36.6743 -2.9 3.6
    endloop
  endfacet
  facet normal -0 0 1
    outer loop
      vertex 36.4135 -0.944468 3.6
      vertex 36.6743 -2.9 3.6
      vertex 36.4993 -0.801374 3.6
    endloop
  endfacet
  facet normal -0 0 1
    outer loop
      vertex 36.3141 -1.07847 3.6
      vertex 36.6743 -2.9 3.6
      vertex 36.4135 -0.944468 3.6
    endloop
  endfacet
  facet normal -0 0 1
    outer loop
      vertex 36.2021 -1.20208 3.6
      vertex 36.6743 -2.9 3.6
      vertex 36.3141 -1.07847 3.6
    endloop
  endfacet
  facet normal -0 0 1
    outer loop
      vertex 36.0785 -1.31412 3.6
      vertex 36.6743 -2.9 3.6
      vertex 36.2021 -1.20208 3.6
    endloop
  endfacet
  facet normal -0 0 1
    outer loop
      vertex 35.9445 -1.4135 3.6
      vertex 36.6743 -2.9 3.6
      vertex 36.0785 -1.31412 3.6
    endloop
  endfacet
  facet normal -0 0 1
    outer loop
      vertex 35.8014 -1.49927 3.6
      vertex 36.6743 -2.9 3.6
      vertex 35.9445 -1.4135 3.6
    endloop
  endfacet
  facet normal -0 0 1
    outer loop
      vertex 35.6506 -1.57059 3.6
      vertex 36.6743 -2.9 3.6
      vertex 35.8014 -1.49927 3.6
    endloop
  endfacet
  facet normal -0 0 1
    outer loop
      vertex 35.4935 -1.6268 3.6
      vertex 36.6743 -2.9 3.6
      vertex 35.6506 -1.57059 3.6
    endloop
  endfacet
  facet normal -0 0 1
    outer loop
      vertex 35.3317 -1.66733 3.6
      vertex 36.6743 -2.9 3.6
      vertex 35.4935 -1.6268 3.6
    endloop
  endfacet
  facet normal -0 0 1
    outer loop
      vertex 35.1666 -1.69181 3.6
      vertex 36.6743 -2.9 3.6
      vertex 35.3317 -1.66733 3.6
    endloop
  endfacet
  facet normal -0 0 1
    outer loop
      vertex 35 -1.7 3.6
      vertex 36.6743 -2.9 3.6
      vertex 35.1666 -1.69181 3.6
    endloop
  endfacet
  facet normal 0 0 1
    outer loop
      vertex 33.3257 -2.9 3.6
      vertex 35 -1.7 3.6
      vertex 34.8334 -1.69181 3.6
    endloop
  endfacet
  facet normal 0 0 1
    outer loop
      vertex 33.3257 -2.9 3.6
      vertex 34.8334 -1.69181 3.6
      vertex 34.6683 -1.66733 3.6
    endloop
  endfacet
  facet normal 0 0 1
    outer loop
      vertex 33.3257 -2.9 3.6
      vertex 34.6683 -1.66733 3.6
      vertex 34.5065 -1.6268 3.6
    endloop
  endfacet
  facet normal 0 0 1
    outer loop
      vertex 33.3257 -2.9 3.6
      vertex 34.5065 -1.6268 3.6
      vertex 34.3494 -1.57059 3.6
    endloop
  endfacet
  facet normal 0 0 1
    outer loop
      vertex 33.3257 -2.9 3.6
      vertex 34.3494 -1.57059 3.6
      vertex 34.1986 -1.49927 3.6
    endloop
  endfacet
  facet normal 0 0 1
    outer loop
      vertex 35 -1.7 3.6
      vertex 33.3257 -2.9 3.6
      vertex 36.6743 -2.9 3.6
    endloop
  endfacet
  facet normal 0 0 1
    outer loop
      vertex 34.0555 -1.4135 3.6
      vertex 33.3257 -2.9 3.6
      vertex 34.1986 -1.49927 3.6
    endloop
  endfacet
  facet normal 0 0 1
    outer loop
      vertex 33.9215 -1.31412 3.6
      vertex 33.3257 -2.9 3.6
      vertex 34.0555 -1.4135 3.6
    endloop
  endfacet
  facet normal 0 0 1
    outer loop
      vertex 33.7979 -1.20208 3.6
      vertex 33.3257 -2.9 3.6
      vertex 33.9215 -1.31412 3.6
    endloop
  endfacet
  facet normal 0 0 1
    outer loop
      vertex 33.6859 -1.07847 3.6
      vertex 33.3257 -2.9 3.6
      vertex 33.7979 -1.20208 3.6
    endloop
  endfacet
  facet normal 0 0 1
    outer loop
      vertex 33.5865 -0.944468 3.6
      vertex 33.3257 -2.9 3.6
      vertex 33.6859 -1.07847 3.6
    endloop
  endfacet
  facet normal 0 0 1
    outer loop
      vertex 33.5007 -0.801374 3.6
      vertex 33.3257 -2.9 3.6
      vertex 33.5865 -0.944468 3.6
    endloop
  endfacet
  facet normal 0 0 1
    outer loop
      vertex 31.6514 0 3.6
      vertex 33.5007 -0.801374 3.6
      vertex 33.4294 -0.650561 3.6
    endloop
  endfacet
  facet normal 0 0 1
    outer loop
      vertex 31.6514 0 3.6
      vertex 33.4294 -0.650561 3.6
      vertex 33.3732 -0.493484 3.6
    endloop
  endfacet
  facet normal 0 0 1
    outer loop
      vertex 31.6514 0 3.6
      vertex 33.3732 -0.493484 3.6
      vertex 33.3327 -0.331653 3.6
    endloop
  endfacet
  facet normal 0 0 1
    outer loop
      vertex 31.6514 0 3.6
      vertex 33.3327 -0.331653 3.6
      vertex 33.3082 -0.166629 3.6
    endloop
  endfacet
  facet normal -0 0 1
    outer loop
      vertex 31.6514 0 3.6
      vertex 33.3082 -0.166629 3.6
      vertex 33.3 0 3.6
    endloop
  endfacet
  facet normal 0 0 1
    outer loop
      vertex 33.5007 -0.801374 3.6
      vertex 31.6514 0 3.6
      vertex 33.3257 -2.9 3.6
    endloop
  endfacet
  facet normal -0.989158 -0.146854 -5.60974e-19
    outer loop
      vertex 21.6918 0.166629 0
      vertex 21.6673 0.331653 3.6
      vertex 21.6673 0.331653 0
    endloop
  endfacet
  facet normal -0.989158 -0.146854 -5.60974e-19
    outer loop
      vertex 21.6673 0.331653 3.6
      vertex 21.6918 0.166629 0
      vertex 21.6918 0.166629 3.6
    endloop
  endfacet
  facet normal -0.998791 -0.0491516 2.29567e-20
    outer loop
      vertex 21.7 0 0
      vertex 21.6918 0.166629 3.6
      vertex 21.6918 0.166629 0
    endloop
  endfacet
  facet normal -0.998791 -0.0491516 2.29567e-20
    outer loop
      vertex 21.6918 0.166629 3.6
      vertex 21.7 0 0
      vertex 21.7 0 3.6
    endloop
  endfacet
  facet normal -0.970083 -0.242774 1.10597e-19
    outer loop
      vertex 21.6673 0.331653 0
      vertex 21.6268 0.493484 3.6
      vertex 21.6268 0.493484 0
    endloop
  endfacet
  facet normal -0.970083 -0.242774 1.10597e-19
    outer loop
      vertex 21.6268 0.493484 3.6
      vertex 21.6673 0.331653 0
      vertex 21.6673 0.331653 3.6
    endloop
  endfacet
  facet normal -0.42754 0.903996 0
    outer loop
      vertex 20.8014 -1.49927 0
      vertex 20.6506 -1.57059 3.6
      vertex 20.8014 -1.49927 3.6
    endloop
  endfacet
  facet normal -0.42754 0.903996 0
    outer loop
      vertex 20.6506 -1.57059 3.6
      vertex 20.8014 -1.49927 0
      vertex 20.6506 -1.57059 0
    endloop
  endfacet
  facet normal 0.0491004 -0.998794 0
    outer loop
      vertex 19.8334 1.69181 0
      vertex 20 1.7 3.6
      vertex 19.8334 1.69181 3.6
    endloop
  endfacet
  facet normal 0.0491004 -0.998794 0
    outer loop
      vertex 20 1.7 3.6
      vertex 19.8334 1.69181 0
      vertex 20 1.7 0
    endloop
  endfacet
  facet normal 0.42754 -0.903996 0
    outer loop
      vertex 19.1986 1.49927 0
      vertex 19.3494 1.57059 3.6
      vertex 19.1986 1.49927 3.6
    endloop
  endfacet
  facet normal 0.42754 -0.903996 0
    outer loop
      vertex 19.3494 1.57059 3.6
      vertex 19.1986 1.49927 0
      vertex 19.3494 1.57059 0
    endloop
  endfacet
  facet normal -0.741051 -0.671448 -6.46093e-19
    outer loop
      vertex 21.3141 1.07847 0
      vertex 21.2021 1.20208 3.6
      vertex 21.2021 1.20208 0
    endloop
  endfacet
  facet normal -0.741051 -0.671448 -6.46093e-19
    outer loop
      vertex 21.2021 1.20208 3.6
      vertex 21.3141 1.07847 0
      vertex 21.3141 1.07847 3.6
    endloop
  endfacet
  facet normal 0.14667 0.989185 -0
    outer loop
      vertex 19.8334 -1.69181 0
      vertex 19.6683 -1.66733 3.6
      vertex 19.8334 -1.69181 3.6
    endloop
  endfacet
  facet normal 0.14667 0.989185 0
    outer loop
      vertex 19.6683 -1.66733 3.6
      vertex 19.8334 -1.69181 0
      vertex 19.6683 -1.66733 0
    endloop
  endfacet
  facet normal -0.42754 -0.903996 0
    outer loop
      vertex 20.6506 1.57059 0
      vertex 20.8014 1.49927 3.6
      vertex 20.6506 1.57059 3.6
    endloop
  endfacet
  facet normal -0.42754 -0.903996 -0
    outer loop
      vertex 20.8014 1.49927 3.6
      vertex 20.6506 1.57059 0
      vertex 20.8014 1.49927 0
    endloop
  endfacet
  facet normal 0.14667 -0.989185 0
    outer loop
      vertex 19.6683 1.66733 0
      vertex 19.8334 1.69181 3.6
      vertex 19.6683 1.66733 3.6
    endloop
  endfacet
  facet normal 0.14667 -0.989185 0
    outer loop
      vertex 19.8334 1.69181 3.6
      vertex 19.6683 1.66733 0
      vertex 19.8334 1.69181 0
    endloop
  endfacet
  facet normal -0.242987 0.97003 0
    outer loop
      vertex 20.4935 -1.6268 0
      vertex 20.3317 -1.66733 3.6
      vertex 20.4935 -1.6268 3.6
    endloop
  endfacet
  facet normal -0.242987 0.97003 0
    outer loop
      vertex 20.3317 -1.66733 3.6
      vertex 20.4935 -1.6268 0
      vertex 20.3317 -1.66733 0
    endloop
  endfacet
  facet normal 0.595695 -0.803211 0
    outer loop
      vertex 18.9215 1.31412 0
      vertex 19.0555 1.4135 3.6
      vertex 18.9215 1.31412 3.6
    endloop
  endfacet
  facet normal 0.595695 -0.803211 0
    outer loop
      vertex 19.0555 1.4135 3.6
      vertex 18.9215 1.31412 0
      vertex 19.0555 1.4135 0
    endloop
  endfacet
  facet normal 0.904057 -0.427412 1.04541e-18
    outer loop
      vertex 18.4294 0.650561 3.6
      vertex 18.5007 0.801374 0
      vertex 18.5007 0.801374 3.6
    endloop
  endfacet
  facet normal 0.904057 -0.427412 1.04541e-18
    outer loop
      vertex 18.5007 0.801374 0
      vertex 18.4294 0.650561 3.6
      vertex 18.4294 0.650561 0
    endloop
  endfacet
  facet normal 0.42754 0.903996 -0
    outer loop
      vertex 19.3494 -1.57059 0
      vertex 19.1986 -1.49927 3.6
      vertex 19.3494 -1.57059 3.6
    endloop
  endfacet
  facet normal 0.42754 0.903996 0
    outer loop
      vertex 19.1986 -1.49927 3.6
      vertex 19.3494 -1.57059 0
      vertex 19.1986 -1.49927 0
    endloop
  endfacet
  facet normal 0.595695 0.803211 -0
    outer loop
      vertex 19.0555 -1.4135 0
      vertex 18.9215 -1.31412 3.6
      vertex 19.0555 -1.4135 3.6
    endloop
  endfacet
  facet normal 0.595695 0.803211 0
    outer loop
      vertex 18.9215 -1.31412 3.6
      vertex 19.0555 -1.4135 0
      vertex 18.9215 -1.31412 0
    endloop
  endfacet
  facet normal 0.904057 0.427412 -1.04541e-18
    outer loop
      vertex 18.5007 -0.801374 3.6
      vertex 18.4294 -0.650561 0
      vertex 18.4294 -0.650561 3.6
    endloop
  endfacet
  facet normal 0.904057 0.427412 -1.04541e-18
    outer loop
      vertex 18.4294 -0.650561 0
      vertex 18.5007 -0.801374 3.6
      vertex 18.5007 -0.801374 0
    endloop
  endfacet
  facet normal -0.514099 -0.857731 0
    outer loop
      vertex 20.8014 1.49927 0
      vertex 20.9445 1.4135 3.6
      vertex 20.8014 1.49927 3.6
    endloop
  endfacet
  facet normal -0.514099 -0.857731 -0
    outer loop
      vertex 20.9445 1.4135 3.6
      vertex 20.8014 1.49927 0
      vertex 20.9445 1.4135 0
    endloop
  endfacet
  facet normal -0.595695 0.803211 0
    outer loop
      vertex 21.0785 -1.31412 0
      vertex 20.9445 -1.4135 3.6
      vertex 21.0785 -1.31412 3.6
    endloop
  endfacet
  facet normal -0.595695 0.803211 0
    outer loop
      vertex 20.9445 -1.4135 3.6
      vertex 21.0785 -1.31412 0
      vertex 20.9445 -1.4135 0
    endloop
  endfacet
  facet normal 0.998791 0.0491516 2.29567e-20
    outer loop
      vertex 18.3082 -0.166629 3.6
      vertex 18.3 0 0
      vertex 18.3 0 3.6
    endloop
  endfacet
  facet normal 0.998791 0.0491516 2.29567e-20
    outer loop
      vertex 18.3 0 0
      vertex 18.3082 -0.166629 3.6
      vertex 18.3082 -0.166629 0
    endloop
  endfacet
  facet normal 0.336883 0.941546 -0
    outer loop
      vertex 19.5065 -1.6268 0
      vertex 19.3494 -1.57059 3.6
      vertex 19.5065 -1.6268 3.6
    endloop
  endfacet
  facet normal 0.336883 0.941546 0
    outer loop
      vertex 19.3494 -1.57059 3.6
      vertex 19.5065 -1.6268 0
      vertex 19.3494 -1.57059 0
    endloop
  endfacet
  facet normal -0.595695 -0.803211 0
    outer loop
      vertex 20.9445 1.4135 0
      vertex 21.0785 1.31412 3.6
      vertex 20.9445 1.4135 3.6
    endloop
  endfacet
  facet normal -0.595695 -0.803211 -0
    outer loop
      vertex 21.0785 1.31412 3.6
      vertex 20.9445 1.4135 0
      vertex 21.0785 1.31412 0
    endloop
  endfacet
  facet normal -0.970083 0.242774 -1.10597e-19
    outer loop
      vertex 21.6268 -0.493484 0
      vertex 21.6673 -0.331653 3.6
      vertex 21.6673 -0.331653 0
    endloop
  endfacet
  facet normal -0.970083 0.242774 -1.10597e-19
    outer loop
      vertex 21.6673 -0.331653 3.6
      vertex 21.6268 -0.493484 0
      vertex 21.6268 -0.493484 3.6
    endloop
  endfacet
  facet normal 0.94155 0.336874 -8.06798e-19
    outer loop
      vertex 18.4294 -0.650561 3.6
      vertex 18.3732 -0.493484 0
      vertex 18.3732 -0.493484 3.6
    endloop
  endfacet
  facet normal 0.94155 0.336874 -8.06798e-19
    outer loop
      vertex 18.3732 -0.493484 0
      vertex 18.4294 -0.650561 3.6
      vertex 18.4294 -0.650561 0
    endloop
  endfacet
  facet normal -0.242987 -0.97003 0
    outer loop
      vertex 20.3317 1.66733 0
      vertex 20.4935 1.6268 3.6
      vertex 20.3317 1.66733 3.6
    endloop
  endfacet
  facet normal -0.242987 -0.97003 -0
    outer loop
      vertex 20.4935 1.6268 3.6
      vertex 20.3317 1.66733 0
      vertex 20.4935 1.6268 0
    endloop
  endfacet
  facet normal 0.741051 -0.671448 6.46093e-19
    outer loop
      vertex 18.6859 1.07847 3.6
      vertex 18.7979 1.20208 0
      vertex 18.7979 1.20208 3.6
    endloop
  endfacet
  facet normal 0.741051 -0.671448 6.46093e-19
    outer loop
      vertex 18.7979 1.20208 0
      vertex 18.6859 1.07847 3.6
      vertex 18.6859 1.07847 0
    endloop
  endfacet
  facet normal -0.0491004 0.998794 0
    outer loop
      vertex 20.1666 -1.69181 0
      vertex 20 -1.7 3.6
      vertex 20.1666 -1.69181 3.6
    endloop
  endfacet
  facet normal -0.0491004 0.998794 0
    outer loop
      vertex 20 -1.7 3.6
      vertex 20.1666 -1.69181 0
      vertex 20 -1.7 0
    endloop
  endfacet
  facet normal -0.803158 -0.595766 1.38287e-18
    outer loop
      vertex 21.4135 0.944468 0
      vertex 21.3141 1.07847 3.6
      vertex 21.3141 1.07847 0
    endloop
  endfacet
  facet normal -0.803158 -0.595766 1.38287e-18
    outer loop
      vertex 21.3141 1.07847 3.6
      vertex 21.4135 0.944468 0
      vertex 21.4135 0.944468 3.6
    endloop
  endfacet
  facet normal 0.970083 0.242774 1.10597e-19
    outer loop
      vertex 18.3732 -0.493484 3.6
      vertex 18.3327 -0.331653 0
      vertex 18.3327 -0.331653 3.6
    endloop
  endfacet
  facet normal 0.970083 0.242774 1.10597e-19
    outer loop
      vertex 18.3327 -0.331653 0
      vertex 18.3732 -0.493484 3.6
      vertex 18.3732 -0.493484 0
    endloop
  endfacet
  facet normal -0.989158 0.146854 5.60974e-19
    outer loop
      vertex 21.6673 -0.331653 0
      vertex 21.6918 -0.166629 3.6
      vertex 21.6918 -0.166629 0
    endloop
  endfacet
  facet normal -0.989158 0.146854 5.60974e-19
    outer loop
      vertex 21.6918 -0.166629 3.6
      vertex 21.6673 -0.331653 0
      vertex 21.6673 -0.331653 3.6
    endloop
  endfacet
  facet normal -0.514099 0.857731 0
    outer loop
      vertex 20.9445 -1.4135 0
      vertex 20.8014 -1.49927 3.6
      vertex 20.9445 -1.4135 3.6
    endloop
  endfacet
  facet normal -0.514099 0.857731 0
    outer loop
      vertex 20.8014 -1.49927 3.6
      vertex 20.9445 -1.4135 0
      vertex 20.8014 -1.49927 0
    endloop
  endfacet
  facet normal 0.94155 -0.336874 8.06798e-19
    outer loop
      vertex 18.3732 0.493484 3.6
      vertex 18.4294 0.650561 0
      vertex 18.4294 0.650561 3.6
    endloop
  endfacet
  facet normal 0.94155 -0.336874 8.06798e-19
    outer loop
      vertex 18.4294 0.650561 0
      vertex 18.3732 0.493484 3.6
      vertex 18.3732 0.493484 0
    endloop
  endfacet
  facet normal -0.67161 -0.740905 0
    outer loop
      vertex 21.0785 1.31412 0
      vertex 21.2021 1.20208 3.6
      vertex 21.0785 1.31412 3.6
    endloop
  endfacet
  facet normal -0.67161 -0.740905 -0
    outer loop
      vertex 21.2021 1.20208 3.6
      vertex 21.0785 1.31412 0
      vertex 21.2021 1.20208 0
    endloop
  endfacet
  facet normal 0.989158 -0.146854 5.60974e-19
    outer loop
      vertex 18.3082 0.166629 3.6
      vertex 18.3327 0.331653 0
      vertex 18.3327 0.331653 3.6
    endloop
  endfacet
  facet normal 0.989158 -0.146854 5.60974e-19
    outer loop
      vertex 18.3327 0.331653 0
      vertex 18.3082 0.166629 3.6
      vertex 18.3082 0.166629 0
    endloop
  endfacet
  facet normal -0.904057 0.427412 1.04541e-18
    outer loop
      vertex 21.4993 -0.801374 0
      vertex 21.5706 -0.650561 3.6
      vertex 21.5706 -0.650561 0
    endloop
  endfacet
  facet normal -0.904057 0.427412 1.04541e-18
    outer loop
      vertex 21.5706 -0.650561 3.6
      vertex 21.4993 -0.801374 0
      vertex 21.4993 -0.801374 3.6
    endloop
  endfacet
  facet normal -0.336883 -0.941546 0
    outer loop
      vertex 20.4935 1.6268 0
      vertex 20.6506 1.57059 3.6
      vertex 20.4935 1.6268 3.6
    endloop
  endfacet
  facet normal -0.336883 -0.941546 -0
    outer loop
      vertex 20.6506 1.57059 3.6
      vertex 20.4935 1.6268 0
      vertex 20.6506 1.57059 0
    endloop
  endfacet
  facet normal -0.998791 0.0491516 -2.29567e-20
    outer loop
      vertex 21.6918 -0.166629 0
      vertex 21.7 0 3.6
      vertex 21.7 0 0
    endloop
  endfacet
  facet normal -0.998791 0.0491516 -2.29567e-20
    outer loop
      vertex 21.7 0 3.6
      vertex 21.6918 -0.166629 0
      vertex 21.6918 -0.166629 3.6
    endloop
  endfacet
  facet normal -0.14667 0.989185 0
    outer loop
      vertex 20.3317 -1.66733 0
      vertex 20.1666 -1.69181 3.6
      vertex 20.3317 -1.66733 3.6
    endloop
  endfacet
  facet normal -0.14667 0.989185 0
    outer loop
      vertex 20.1666 -1.69181 3.6
      vertex 20.3317 -1.66733 0
      vertex 20.1666 -1.69181 0
    endloop
  endfacet
  facet normal -0.94155 -0.336874 -8.06798e-19
    outer loop
      vertex 21.6268 0.493484 0
      vertex 21.5706 0.650561 3.6
      vertex 21.5706 0.650561 0
    endloop
  endfacet
  facet normal -0.94155 -0.336874 -8.06798e-19
    outer loop
      vertex 21.5706 0.650561 3.6
      vertex 21.6268 0.493484 0
      vertex 21.6268 0.493484 3.6
    endloop
  endfacet
  facet normal -0.803158 0.595766 -1.38287e-18
    outer loop
      vertex 21.3141 -1.07847 0
      vertex 21.4135 -0.944468 3.6
      vertex 21.4135 -0.944468 0
    endloop
  endfacet
  facet normal -0.803158 0.595766 -1.38287e-18
    outer loop
      vertex 21.4135 -0.944468 3.6
      vertex 21.3141 -1.07847 0
      vertex 21.3141 -1.07847 3.6
    endloop
  endfacet
  facet normal -0.857642 0.514247 -1.40819e-18
    outer loop
      vertex 21.4135 -0.944468 0
      vertex 21.4993 -0.801374 3.6
      vertex 21.4993 -0.801374 0
    endloop
  endfacet
  facet normal -0.857642 0.514247 -1.40819e-18
    outer loop
      vertex 21.4993 -0.801374 3.6
      vertex 21.4135 -0.944468 0
      vertex 21.4135 -0.944468 3.6
    endloop
  endfacet
  facet normal 0.242987 -0.97003 0
    outer loop
      vertex 19.5065 1.6268 0
      vertex 19.6683 1.66733 3.6
      vertex 19.5065 1.6268 3.6
    endloop
  endfacet
  facet normal 0.242987 -0.97003 0
    outer loop
      vertex 19.6683 1.66733 3.6
      vertex 19.5065 1.6268 0
      vertex 19.6683 1.66733 0
    endloop
  endfacet
  facet normal -0.94155 0.336874 8.06798e-19
    outer loop
      vertex 21.5706 -0.650561 0
      vertex 21.6268 -0.493484 3.6
      vertex 21.6268 -0.493484 0
    endloop
  endfacet
  facet normal -0.94155 0.336874 8.06798e-19
    outer loop
      vertex 21.6268 -0.493484 3.6
      vertex 21.5706 -0.650561 0
      vertex 21.5706 -0.650561 3.6
    endloop
  endfacet
  facet normal -0.0491004 -0.998794 0
    outer loop
      vertex 20 1.7 0
      vertex 20.1666 1.69181 3.6
      vertex 20 1.7 3.6
    endloop
  endfacet
  facet normal -0.0491004 -0.998794 -0
    outer loop
      vertex 20.1666 1.69181 3.6
      vertex 20 1.7 0
      vertex 20.1666 1.69181 0
    endloop
  endfacet
  facet normal 0.514099 -0.857731 0
    outer loop
      vertex 19.0555 1.4135 0
      vertex 19.1986 1.49927 3.6
      vertex 19.0555 1.4135 3.6
    endloop
  endfacet
  facet normal 0.514099 -0.857731 0
    outer loop
      vertex 19.1986 1.49927 3.6
      vertex 19.0555 1.4135 0
      vertex 19.1986 1.49927 0
    endloop
  endfacet
  facet normal -0.904057 -0.427412 -1.04541e-18
    outer loop
      vertex 21.5706 0.650561 0
      vertex 21.4993 0.801374 3.6
      vertex 21.4993 0.801374 0
    endloop
  endfacet
  facet normal -0.904057 -0.427412 -1.04541e-18
    outer loop
      vertex 21.4993 0.801374 3.6
      vertex 21.5706 0.650561 0
      vertex 21.5706 0.650561 3.6
    endloop
  endfacet
  facet normal -0.14667 -0.989185 0
    outer loop
      vertex 20.1666 1.69181 0
      vertex 20.3317 1.66733 3.6
      vertex 20.1666 1.69181 3.6
    endloop
  endfacet
  facet normal -0.14667 -0.989185 -0
    outer loop
      vertex 20.3317 1.66733 3.6
      vertex 20.1666 1.69181 0
      vertex 20.3317 1.66733 0
    endloop
  endfacet
  facet normal 0.242987 0.97003 -0
    outer loop
      vertex 19.6683 -1.66733 0
      vertex 19.5065 -1.6268 3.6
      vertex 19.6683 -1.66733 3.6
    endloop
  endfacet
  facet normal 0.242987 0.97003 0
    outer loop
      vertex 19.5065 -1.6268 3.6
      vertex 19.6683 -1.66733 0
      vertex 19.5065 -1.6268 0
    endloop
  endfacet
  facet normal 0.857642 0.514247 1.40819e-18
    outer loop
      vertex 18.5865 -0.944468 3.6
      vertex 18.5007 -0.801374 0
      vertex 18.5007 -0.801374 3.6
    endloop
  endfacet
  facet normal 0.857642 0.514247 1.40819e-18
    outer loop
      vertex 18.5007 -0.801374 0
      vertex 18.5865 -0.944468 3.6
      vertex 18.5865 -0.944468 0
    endloop
  endfacet
  facet normal -0.857642 -0.514247 1.40819e-18
    outer loop
      vertex 21.4993 0.801374 0
      vertex 21.4135 0.944468 3.6
      vertex 21.4135 0.944468 0
    endloop
  endfacet
  facet normal -0.857642 -0.514247 1.40819e-18
    outer loop
      vertex 21.4135 0.944468 3.6
      vertex 21.4993 0.801374 0
      vertex 21.4993 0.801374 3.6
    endloop
  endfacet
  facet normal 0.336883 -0.941546 0
    outer loop
      vertex 19.3494 1.57059 0
      vertex 19.5065 1.6268 3.6
      vertex 19.3494 1.57059 3.6
    endloop
  endfacet
  facet normal 0.336883 -0.941546 0
    outer loop
      vertex 19.5065 1.6268 3.6
      vertex 19.3494 1.57059 0
      vertex 19.5065 1.6268 0
    endloop
  endfacet
  facet normal 0.741051 0.671448 -6.46093e-19
    outer loop
      vertex 18.7979 -1.20208 3.6
      vertex 18.6859 -1.07847 0
      vertex 18.6859 -1.07847 3.6
    endloop
  endfacet
  facet normal 0.741051 0.671448 -6.46093e-19
    outer loop
      vertex 18.6859 -1.07847 0
      vertex 18.7979 -1.20208 3.6
      vertex 18.7979 -1.20208 0
    endloop
  endfacet
  facet normal 0.67161 -0.740905 0
    outer loop
      vertex 18.7979 1.20208 0
      vertex 18.9215 1.31412 3.6
      vertex 18.7979 1.20208 3.6
    endloop
  endfacet
  facet normal 0.67161 -0.740905 0
    outer loop
      vertex 18.9215 1.31412 3.6
      vertex 18.7979 1.20208 0
      vertex 18.9215 1.31412 0
    endloop
  endfacet
  facet normal 0.514099 0.857731 -0
    outer loop
      vertex 19.1986 -1.49927 0
      vertex 19.0555 -1.4135 3.6
      vertex 19.1986 -1.49927 3.6
    endloop
  endfacet
  facet normal 0.514099 0.857731 0
    outer loop
      vertex 19.0555 -1.4135 3.6
      vertex 19.1986 -1.49927 0
      vertex 19.0555 -1.4135 0
    endloop
  endfacet
  facet normal 0.970083 -0.242774 -1.10597e-19
    outer loop
      vertex 18.3327 0.331653 3.6
      vertex 18.3732 0.493484 0
      vertex 18.3732 0.493484 3.6
    endloop
  endfacet
  facet normal 0.970083 -0.242774 -1.10597e-19
    outer loop
      vertex 18.3732 0.493484 0
      vertex 18.3327 0.331653 3.6
      vertex 18.3327 0.331653 0
    endloop
  endfacet
  facet normal -0.336883 0.941546 0
    outer loop
      vertex 20.6506 -1.57059 0
      vertex 20.4935 -1.6268 3.6
      vertex 20.6506 -1.57059 3.6
    endloop
  endfacet
  facet normal -0.336883 0.941546 0
    outer loop
      vertex 20.4935 -1.6268 3.6
      vertex 20.6506 -1.57059 0
      vertex 20.4935 -1.6268 0
    endloop
  endfacet
  facet normal 0.803158 0.595766 1.38287e-18
    outer loop
      vertex 18.6859 -1.07847 3.6
      vertex 18.5865 -0.944468 0
      vertex 18.5865 -0.944468 3.6
    endloop
  endfacet
  facet normal 0.803158 0.595766 1.38287e-18
    outer loop
      vertex 18.5865 -0.944468 0
      vertex 18.6859 -1.07847 3.6
      vertex 18.6859 -1.07847 0
    endloop
  endfacet
  facet normal 0.989158 0.146854 -5.60974e-19
    outer loop
      vertex 18.3327 -0.331653 3.6
      vertex 18.3082 -0.166629 0
      vertex 18.3082 -0.166629 3.6
    endloop
  endfacet
  facet normal 0.989158 0.146854 -5.60974e-19
    outer loop
      vertex 18.3082 -0.166629 0
      vertex 18.3327 -0.331653 3.6
      vertex 18.3327 -0.331653 0
    endloop
  endfacet
  facet normal 0.67161 0.740905 -0
    outer loop
      vertex 18.9215 -1.31412 0
      vertex 18.7979 -1.20208 3.6
      vertex 18.9215 -1.31412 3.6
    endloop
  endfacet
  facet normal 0.67161 0.740905 0
    outer loop
      vertex 18.7979 -1.20208 3.6
      vertex 18.9215 -1.31412 0
      vertex 18.7979 -1.20208 0
    endloop
  endfacet
  facet normal 0.803158 -0.595766 -1.38287e-18
    outer loop
      vertex 18.5865 0.944468 3.6
      vertex 18.6859 1.07847 0
      vertex 18.6859 1.07847 3.6
    endloop
  endfacet
  facet normal 0.803158 -0.595766 -1.38287e-18
    outer loop
      vertex 18.6859 1.07847 0
      vertex 18.5865 0.944468 3.6
      vertex 18.5865 0.944468 0
    endloop
  endfacet
  facet normal 0.857642 -0.514247 -1.40819e-18
    outer loop
      vertex 18.5007 0.801374 3.6
      vertex 18.5865 0.944468 0
      vertex 18.5865 0.944468 3.6
    endloop
  endfacet
  facet normal 0.857642 -0.514247 -1.40819e-18
    outer loop
      vertex 18.5865 0.944468 0
      vertex 18.5007 0.801374 3.6
      vertex 18.5007 0.801374 0
    endloop
  endfacet
  facet normal 0.0491004 0.998794 -0
    outer loop
      vertex 20 -1.7 0
      vertex 19.8334 -1.69181 3.6
      vertex 20 -1.7 3.6
    endloop
  endfacet
  facet normal 0.0491004 0.998794 0
    outer loop
      vertex 19.8334 -1.69181 3.6
      vertex 20 -1.7 0
      vertex 19.8334 -1.69181 0
    endloop
  endfacet
  facet normal 0.998791 -0.0491516 -2.29567e-20
    outer loop
      vertex 18.3 0 3.6
      vertex 18.3082 0.166629 0
      vertex 18.3082 0.166629 3.6
    endloop
  endfacet
  facet normal 0.998791 -0.0491516 -2.29567e-20
    outer loop
      vertex 18.3082 0.166629 0
      vertex 18.3 0 3.6
      vertex 18.3 0 0
    endloop
  endfacet
  facet normal -0.741051 0.671448 6.46093e-19
    outer loop
      vertex 21.2021 -1.20208 0
      vertex 21.3141 -1.07847 3.6
      vertex 21.3141 -1.07847 0
    endloop
  endfacet
  facet normal -0.741051 0.671448 6.46093e-19
    outer loop
      vertex 21.3141 -1.07847 3.6
      vertex 21.2021 -1.20208 0
      vertex 21.2021 -1.20208 3.6
    endloop
  endfacet
  facet normal -0.67161 0.740905 0
    outer loop
      vertex 21.2021 -1.20208 0
      vertex 21.0785 -1.31412 3.6
      vertex 21.2021 -1.20208 3.6
    endloop
  endfacet
  facet normal -0.67161 0.740905 0
    outer loop
      vertex 21.0785 -1.31412 3.6
      vertex 21.2021 -1.20208 0
      vertex 21.0785 -1.31412 0
    endloop
  endfacet
  facet normal 0 1 -0
    outer loop
      vertex 21.6743 -2.9 3.6
      vertex 18.3257 -2.9 13
      vertex 21.6743 -2.9 13
    endloop
  endfacet
  facet normal 0 1 0
    outer loop
      vertex 18.3257 -2.9 13
      vertex 21.6743 -2.9 3.6
      vertex 18.3257 -2.9 3.6
    endloop
  endfacet
  facet normal -0.866027 0.499996 9.19017e-19
    outer loop
      vertex 21.6743 -2.9 3.6
      vertex 23.3486 0 13
      vertex 23.3486 0 3.6
    endloop
  endfacet
  facet normal -0.866027 0.499996 9.19017e-19
    outer loop
      vertex 23.3486 0 13
      vertex 21.6743 -2.9 3.6
      vertex 21.6743 -2.9 13
    endloop
  endfacet
  facet normal 0 -1 0
    outer loop
      vertex 18.3257 2.9 3.6
      vertex 21.6743 2.9 13
      vertex 18.3257 2.9 13
    endloop
  endfacet
  facet normal 0 -1 -0
    outer loop
      vertex 21.6743 2.9 13
      vertex 18.3257 2.9 3.6
      vertex 21.6743 2.9 3.6
    endloop
  endfacet
  facet normal -0.866027 -0.499996 -9.19017e-19
    outer loop
      vertex 23.3486 0 3.6
      vertex 21.6743 2.9 13
      vertex 21.6743 2.9 3.6
    endloop
  endfacet
  facet normal -0.866027 -0.499996 -9.19017e-19
    outer loop
      vertex 21.6743 2.9 13
      vertex 23.3486 0 3.6
      vertex 23.3486 0 13
    endloop
  endfacet
  facet normal 0.866027 -0.499996 9.19017e-19
    outer loop
      vertex 16.6514 0 13
      vertex 18.3257 2.9 3.6
      vertex 18.3257 2.9 13
    endloop
  endfacet
  facet normal 0.866027 -0.499996 9.19017e-19
    outer loop
      vertex 18.3257 2.9 3.6
      vertex 16.6514 0 13
      vertex 16.6514 0 3.6
    endloop
  endfacet
  facet normal 0.866027 0.499996 -9.19017e-19
    outer loop
      vertex 18.3257 -2.9 13
      vertex 16.6514 0 3.6
      vertex 16.6514 0 13
    endloop
  endfacet
  facet normal 0.866027 0.499996 -9.19017e-19
    outer loop
      vertex 16.6514 0 3.6
      vertex 18.3257 -2.9 13
      vertex 18.3257 -2.9 3.6
    endloop
  endfacet
  facet normal 0 0 1
    outer loop
      vertex 23.3486 0 3.6
      vertex 21.6918 0.166629 3.6
      vertex 21.7 0 3.6
    endloop
  endfacet
  facet normal -0 0 1
    outer loop
      vertex 21.4993 0.801374 3.6
      vertex 23.3486 0 3.6
      vertex 21.6743 2.9 3.6
    endloop
  endfacet
  facet normal 0 0 1
    outer loop
      vertex 23.3486 0 3.6
      vertex 21.6673 0.331653 3.6
      vertex 21.6918 0.166629 3.6
    endloop
  endfacet
  facet normal 0 0 1
    outer loop
      vertex 23.3486 0 3.6
      vertex 21.6268 0.493484 3.6
      vertex 21.6673 0.331653 3.6
    endloop
  endfacet
  facet normal 0 0 1
    outer loop
      vertex 23.3486 0 3.6
      vertex 21.5706 0.650561 3.6
      vertex 21.6268 0.493484 3.6
    endloop
  endfacet
  facet normal 0 0 1
    outer loop
      vertex 23.3486 0 3.6
      vertex 21.4993 0.801374 3.6
      vertex 21.5706 0.650561 3.6
    endloop
  endfacet
  facet normal 0 0 1
    outer loop
      vertex 21.6743 2.9 3.6
      vertex 21.4135 0.944468 3.6
      vertex 21.4993 0.801374 3.6
    endloop
  endfacet
  facet normal 0 0 1
    outer loop
      vertex 21.6743 2.9 3.6
      vertex 21.3141 1.07847 3.6
      vertex 21.4135 0.944468 3.6
    endloop
  endfacet
  facet normal 0 0 1
    outer loop
      vertex 21.6743 2.9 3.6
      vertex 21.2021 1.20208 3.6
      vertex 21.3141 1.07847 3.6
    endloop
  endfacet
  facet normal 0 0 1
    outer loop
      vertex 21.6743 2.9 3.6
      vertex 21.0785 1.31412 3.6
      vertex 21.2021 1.20208 3.6
    endloop
  endfacet
  facet normal 0 0 1
    outer loop
      vertex 21.6743 2.9 3.6
      vertex 20.9445 1.4135 3.6
      vertex 21.0785 1.31412 3.6
    endloop
  endfacet
  facet normal 0 0 1
    outer loop
      vertex 21.6743 2.9 3.6
      vertex 20.8014 1.49927 3.6
      vertex 20.9445 1.4135 3.6
    endloop
  endfacet
  facet normal 0 0 1
    outer loop
      vertex 21.6743 2.9 3.6
      vertex 20.6506 1.57059 3.6
      vertex 20.8014 1.49927 3.6
    endloop
  endfacet
  facet normal 0 0 1
    outer loop
      vertex 21.6743 2.9 3.6
      vertex 20.4935 1.6268 3.6
      vertex 20.6506 1.57059 3.6
    endloop
  endfacet
  facet normal 0 0 1
    outer loop
      vertex 21.6743 2.9 3.6
      vertex 20.3317 1.66733 3.6
      vertex 20.4935 1.6268 3.6
    endloop
  endfacet
  facet normal 0 0 1
    outer loop
      vertex 21.6743 2.9 3.6
      vertex 20.1666 1.69181 3.6
      vertex 20.3317 1.66733 3.6
    endloop
  endfacet
  facet normal 0 0 1
    outer loop
      vertex 21.6743 2.9 3.6
      vertex 20 1.7 3.6
      vertex 20.1666 1.69181 3.6
    endloop
  endfacet
  facet normal -0 0 1
    outer loop
      vertex 18.3257 2.9 3.6
      vertex 20 1.7 3.6
      vertex 21.6743 2.9 3.6
    endloop
  endfacet
  facet normal 0 0 1
    outer loop
      vertex 20 1.7 3.6
      vertex 18.3257 2.9 3.6
      vertex 19.8334 1.69181 3.6
    endloop
  endfacet
  facet normal 0 0 1
    outer loop
      vertex 19.8334 1.69181 3.6
      vertex 18.3257 2.9 3.6
      vertex 19.6683 1.66733 3.6
    endloop
  endfacet
  facet normal 0 0 1
    outer loop
      vertex 19.6683 1.66733 3.6
      vertex 18.3257 2.9 3.6
      vertex 19.5065 1.6268 3.6
    endloop
  endfacet
  facet normal 0 0 1
    outer loop
      vertex 19.5065 1.6268 3.6
      vertex 18.3257 2.9 3.6
      vertex 19.3494 1.57059 3.6
    endloop
  endfacet
  facet normal 0 0 1
    outer loop
      vertex 19.3494 1.57059 3.6
      vertex 18.3257 2.9 3.6
      vertex 19.1986 1.49927 3.6
    endloop
  endfacet
  facet normal 0 0 1
    outer loop
      vertex 18.3257 2.9 3.6
      vertex 19.0555 1.4135 3.6
      vertex 19.1986 1.49927 3.6
    endloop
  endfacet
  facet normal 0 0 1
    outer loop
      vertex 18.3257 2.9 3.6
      vertex 18.9215 1.31412 3.6
      vertex 19.0555 1.4135 3.6
    endloop
  endfacet
  facet normal 0 0 1
    outer loop
      vertex 18.3257 2.9 3.6
      vertex 18.7979 1.20208 3.6
      vertex 18.9215 1.31412 3.6
    endloop
  endfacet
  facet normal 0 0 1
    outer loop
      vertex 18.3257 2.9 3.6
      vertex 18.6859 1.07847 3.6
      vertex 18.7979 1.20208 3.6
    endloop
  endfacet
  facet normal 0 0 1
    outer loop
      vertex 18.3257 2.9 3.6
      vertex 18.5865 0.944468 3.6
      vertex 18.6859 1.07847 3.6
    endloop
  endfacet
  facet normal 0 0 1
    outer loop
      vertex 18.3257 2.9 3.6
      vertex 18.5007 0.801374 3.6
      vertex 18.5865 0.944468 3.6
    endloop
  endfacet
  facet normal 0 0 1
    outer loop
      vertex 16.6514 0 3.6
      vertex 18.5007 0.801374 3.6
      vertex 18.3257 2.9 3.6
    endloop
  endfacet
  facet normal 0 0 1
    outer loop
      vertex 18.5007 0.801374 3.6
      vertex 16.6514 0 3.6
      vertex 18.4294 0.650561 3.6
    endloop
  endfacet
  facet normal 0 0 1
    outer loop
      vertex 18.4294 0.650561 3.6
      vertex 16.6514 0 3.6
      vertex 18.3732 0.493484 3.6
    endloop
  endfacet
  facet normal 0 0 1
    outer loop
      vertex 18.3732 0.493484 3.6
      vertex 16.6514 0 3.6
      vertex 18.3327 0.331653 3.6
    endloop
  endfacet
  facet normal 0 0 1
    outer loop
      vertex 18.3327 0.331653 3.6
      vertex 16.6514 0 3.6
      vertex 18.3082 0.166629 3.6
    endloop
  endfacet
  facet normal 0 0 1
    outer loop
      vertex 18.3082 0.166629 3.6
      vertex 16.6514 0 3.6
      vertex 18.3 0 3.6
    endloop
  endfacet
  facet normal 0 0 1
    outer loop
      vertex 21.6918 -0.166629 3.6
      vertex 23.3486 0 3.6
      vertex 21.7 0 3.6
    endloop
  endfacet
  facet normal 0 0 1
    outer loop
      vertex 21.6673 -0.331653 3.6
      vertex 23.3486 0 3.6
      vertex 21.6918 -0.166629 3.6
    endloop
  endfacet
  facet normal 0 0 1
    outer loop
      vertex 21.6268 -0.493484 3.6
      vertex 23.3486 0 3.6
      vertex 21.6673 -0.331653 3.6
    endloop
  endfacet
  facet normal 0 0 1
    outer loop
      vertex 21.5706 -0.650561 3.6
      vertex 23.3486 0 3.6
      vertex 21.6268 -0.493484 3.6
    endloop
  endfacet
  facet normal 0 0 1
    outer loop
      vertex 21.4993 -0.801374 3.6
      vertex 23.3486 0 3.6
      vertex 21.5706 -0.650561 3.6
    endloop
  endfacet
  facet normal 0 0 1
    outer loop
      vertex 23.3486 0 3.6
      vertex 21.4993 -0.801374 3.6
      vertex 21.6743 -2.9 3.6
    endloop
  endfacet
  facet normal -0 0 1
    outer loop
      vertex 21.4135 -0.944468 3.6
      vertex 21.6743 -2.9 3.6
      vertex 21.4993 -0.801374 3.6
    endloop
  endfacet
  facet normal -0 0 1
    outer loop
      vertex 21.3141 -1.07847 3.6
      vertex 21.6743 -2.9 3.6
      vertex 21.4135 -0.944468 3.6
    endloop
  endfacet
  facet normal -0 0 1
    outer loop
      vertex 21.2021 -1.20208 3.6
      vertex 21.6743 -2.9 3.6
      vertex 21.3141 -1.07847 3.6
    endloop
  endfacet
  facet normal -0 0 1
    outer loop
      vertex 21.0785 -1.31412 3.6
      vertex 21.6743 -2.9 3.6
      vertex 21.2021 -1.20208 3.6
    endloop
  endfacet
  facet normal -0 0 1
    outer loop
      vertex 20.9445 -1.4135 3.6
      vertex 21.6743 -2.9 3.6
      vertex 21.0785 -1.31412 3.6
    endloop
  endfacet
  facet normal -0 0 1
    outer loop
      vertex 20.8014 -1.49927 3.6
      vertex 21.6743 -2.9 3.6
      vertex 20.9445 -1.4135 3.6
    endloop
  endfacet
  facet normal -0 0 1
    outer loop
      vertex 20.6506 -1.57059 3.6
      vertex 21.6743 -2.9 3.6
      vertex 20.8014 -1.49927 3.6
    endloop
  endfacet
  facet normal -0 0 1
    outer loop
      vertex 20.4935 -1.6268 3.6
      vertex 21.6743 -2.9 3.6
      vertex 20.6506 -1.57059 3.6
    endloop
  endfacet
  facet normal -0 0 1
    outer loop
      vertex 20.3317 -1.66733 3.6
      vertex 21.6743 -2.9 3.6
      vertex 20.4935 -1.6268 3.6
    endloop
  endfacet
  facet normal -0 0 1
    outer loop
      vertex 20.1666 -1.69181 3.6
      vertex 21.6743 -2.9 3.6
      vertex 20.3317 -1.66733 3.6
    endloop
  endfacet
  facet normal -0 0 1
    outer loop
      vertex 20 -1.7 3.6
      vertex 21.6743 -2.9 3.6
      vertex 20.1666 -1.69181 3.6
    endloop
  endfacet
  facet normal 0 0 1
    outer loop
      vertex 18.3257 -2.9 3.6
      vertex 20 -1.7 3.6
      vertex 19.8334 -1.69181 3.6
    endloop
  endfacet
  facet normal 0 0 1
    outer loop
      vertex 18.3257 -2.9 3.6
      vertex 19.8334 -1.69181 3.6
      vertex 19.6683 -1.66733 3.6
    endloop
  endfacet
  facet normal 0 0 1
    outer loop
      vertex 18.3257 -2.9 3.6
      vertex 19.6683 -1.66733 3.6
      vertex 19.5065 -1.6268 3.6
    endloop
  endfacet
  facet normal 0 0 1
    outer loop
      vertex 18.3257 -2.9 3.6
      vertex 19.5065 -1.6268 3.6
      vertex 19.3494 -1.57059 3.6
    endloop
  endfacet
  facet normal 0 0 1
    outer loop
      vertex 18.3257 -2.9 3.6
      vertex 19.3494 -1.57059 3.6
      vertex 19.1986 -1.49927 3.6
    endloop
  endfacet
  facet normal 0 0 1
    outer loop
      vertex 20 -1.7 3.6
      vertex 18.3257 -2.9 3.6
      vertex 21.6743 -2.9 3.6
    endloop
  endfacet
  facet normal 0 0 1
    outer loop
      vertex 19.0555 -1.4135 3.6
      vertex 18.3257 -2.9 3.6
      vertex 19.1986 -1.49927 3.6
    endloop
  endfacet
  facet normal 0 0 1
    outer loop
      vertex 18.9215 -1.31412 3.6
      vertex 18.3257 -2.9 3.6
      vertex 19.0555 -1.4135 3.6
    endloop
  endfacet
  facet normal 0 0 1
    outer loop
      vertex 18.7979 -1.20208 3.6
      vertex 18.3257 -2.9 3.6
      vertex 18.9215 -1.31412 3.6
    endloop
  endfacet
  facet normal 0 0 1
    outer loop
      vertex 18.6859 -1.07847 3.6
      vertex 18.3257 -2.9 3.6
      vertex 18.7979 -1.20208 3.6
    endloop
  endfacet
  facet normal 0 0 1
    outer loop
      vertex 18.5865 -0.944468 3.6
      vertex 18.3257 -2.9 3.6
      vertex 18.6859 -1.07847 3.6
    endloop
  endfacet
  facet normal 0 0 1
    outer loop
      vertex 18.5007 -0.801374 3.6
      vertex 18.3257 -2.9 3.6
      vertex 18.5865 -0.944468 3.6
    endloop
  endfacet
  facet normal 0 0 1
    outer loop
      vertex 16.6514 0 3.6
      vertex 18.5007 -0.801374 3.6
      vertex 18.4294 -0.650561 3.6
    endloop
  endfacet
  facet normal 0 0 1
    outer loop
      vertex 16.6514 0 3.6
      vertex 18.4294 -0.650561 3.6
      vertex 18.3732 -0.493484 3.6
    endloop
  endfacet
  facet normal 0 0 1
    outer loop
      vertex 16.6514 0 3.6
      vertex 18.3732 -0.493484 3.6
      vertex 18.3327 -0.331653 3.6
    endloop
  endfacet
  facet normal 0 0 1
    outer loop
      vertex 16.6514 0 3.6
      vertex 18.3327 -0.331653 3.6
      vertex 18.3082 -0.166629 3.6
    endloop
  endfacet
  facet normal -0 0 1
    outer loop
      vertex 16.6514 0 3.6
      vertex 18.3082 -0.166629 3.6
      vertex 18.3 0 3.6
    endloop
  endfacet
  facet normal 0 0 1
    outer loop
      vertex 18.5007 -0.801374 3.6
      vertex 16.6514 0 3.6
      vertex 18.3257 -2.9 3.6
    endloop
  endfacet
  facet normal -1 0 0
    outer loop
      vertex 16 -8.35 0
      vertex 16 8.35 1.51
      vertex 16 8.35 0
    endloop
  endfacet
  facet normal -1 -0 0
    outer loop
      vertex 16 8.35 1.51
      vertex 16 -8.35 0
      vertex 16 -8.35 1.51
    endloop
  endfacet
  facet normal 1 -0 0
    outer loop
      vertex -44 -8.35 1.51
      vertex -44 8.35 0
      vertex -44 8.35 1.51
    endloop
  endfacet
  facet normal 1 0 0
    outer loop
      vertex -44 8.35 0
      vertex -44 -8.35 1.51
      vertex -44 -8.35 0
    endloop
  endfacet
  facet normal 0 -1 0
    outer loop
      vertex -44 8.35 0
      vertex 16 8.35 1.51
      vertex -44 8.35 1.51
    endloop
  endfacet
  facet normal 0 -1 -0
    outer loop
      vertex 16 8.35 1.51
      vertex -44 8.35 0
      vertex 16 8.35 0
    endloop
  endfacet
  facet normal 0 1 -0
    outer loop
      vertex 16 -8.35 0
      vertex -44 -8.35 1.51
      vertex 16 -8.35 1.51
    endloop
  endfacet
  facet normal 0 1 0
    outer loop
      vertex -44 -8.35 1.51
      vertex 16 -8.35 0
      vertex -44 -8.35 0
    endloop
  endfacet
  facet normal 0.706545 3.33856e-17 -0.707668
    outer loop
      vertex -44 -8.35 1.51
      vertex -37.7 2.05 7.8
      vertex -37.7 -2.05 7.8
    endloop
  endfacet
  facet normal 0.706545 8.19647e-18 -0.707668
    outer loop
      vertex -37.7 2.05 7.8
      vertex -44 -8.35 1.51
      vertex -44 8.35 1.51
    endloop
  endfacet
  facet normal 0 0 -1
    outer loop
      vertex -37.7 -2.05 7.8
      vertex 9.7 2.05 7.8
      vertex 9.7 -2.05 7.8
    endloop
  endfacet
  facet normal -0 0 -1
    outer loop
      vertex 9.7 2.05 7.8
      vertex -37.7 -2.05 7.8
      vertex -37.7 2.05 7.8
    endloop
  endfacet
  facet normal -7.90984e-18 0.706545 -0.707668
    outer loop
      vertex 16 -8.35 1.51
      vertex -37.7 -2.05 7.8
      vertex 9.7 -2.05 7.8
    endloop
  endfacet
  facet normal -6.24877e-18 0.706545 -0.707668
    outer loop
      vertex -37.7 -2.05 7.8
      vertex 16 -8.35 1.51
      vertex -44 -8.35 1.51
    endloop
  endfacet
  facet normal 0 -0.706545 -0.707668
    outer loop
      vertex -37.7 2.05 7.8
      vertex 16 8.35 1.51
      vertex 9.7 2.05 7.8
    endloop
  endfacet
  facet normal -0 -0.706545 -0.707668
    outer loop
      vertex 16 8.35 1.51
      vertex -37.7 2.05 7.8
      vertex -44 8.35 1.51
    endloop
  endfacet
  facet normal -0.706545 -1.51264e-17 -0.707668
    outer loop
      vertex 9.7 -2.05 7.8
      vertex 16 8.35 1.51
      vertex 16 -8.35 1.51
    endloop
  endfacet
  facet normal -0.706545 -6.16126e-17 -0.707668
    outer loop
      vertex 16 8.35 1.51
      vertex 9.7 -2.05 7.8
      vertex 9.7 2.05 7.8
    endloop
  endfacet
endsolid OpenSCAD_Model
